spa,msl,spa_n_caracteres,spa_n_palabras,spa_n_tokens_unicos,spa_longitud_media_palabra,spa_ratio_diversidad,msl_n_caracteres,msl_n_palabras,msl_n_tokens_unicos,msl_longitud_media_palabra,msl_ratio_diversidad,compresion_palabras,ratio_compresion,bin_long_spa
yo voy,yo ir,6.0,2.0,2.0,2.5,1.0,5.0,2.0,2.0,2.0,1.0,0.0,1.0,2 palabras
ve,tú ver,2.0,1.0,1.0,2.0,1.0,6.0,2.0,2.0,2.5,1.0,-1.0,2.0,1 palabra
vete,tú ir,4.0,1.0,1.0,4.0,1.0,5.0,2.0,2.0,2.0,1.0,-1.0,2.0,1 palabra
ve,tú ir,2.0,1.0,1.0,2.0,1.0,5.0,2.0,2.0,2.0,1.0,-1.0,2.0,1 palabra
vas,tú ir,3.0,1.0,1.0,3.0,1.0,5.0,2.0,2.0,2.0,1.0,-1.0,2.0,1 palabra
va,él ir,2.0,1.0,1.0,2.0,1.0,5.0,2.0,2.0,2.0,1.0,-1.0,2.0,1 palabra
vaya,él ir,4.0,1.0,1.0,4.0,1.0,5.0,2.0,2.0,2.0,1.0,-1.0,2.0,1 palabra
vaya,ella ir,4.0,1.0,1.0,4.0,1.0,7.0,2.0,2.0,3.0,1.0,-1.0,2.0,1 palabra
váyanse,ustedes ir,7.0,1.0,1.0,7.0,1.0,10.0,2.0,2.0,4.5,1.0,-1.0,2.0,1 palabra
vamos,nosotros ir,5.0,1.0,1.0,5.0,1.0,11.0,2.0,2.0,5.0,1.0,-1.0,2.0,1 palabra
vámonos,nosotros ir,7.0,1.0,1.0,7.0,1.0,11.0,2.0,2.0,5.0,1.0,-1.0,2.0,1 palabra
van,ustedes ir,3.0,1.0,1.0,3.0,1.0,10.0,2.0,2.0,4.5,1.0,-1.0,2.0,1 palabra
van,ellos ir,3.0,1.0,1.0,3.0,1.0,8.0,2.0,2.0,3.5,1.0,-1.0,2.0,1 palabra
fuiste,pasado tú ir,6.0,1.0,1.0,6.0,1.0,12.0,3.0,3.0,3.3333333333333335,1.0,-2.0,3.0,1 palabra
fuiste,pasado tú ser,6.0,1.0,1.0,6.0,1.0,13.0,3.0,3.0,3.6666666666666665,1.0,-2.0,3.0,1 palabra
fue,pasado él ir,3.0,1.0,1.0,3.0,1.0,12.0,3.0,3.0,3.3333333333333335,1.0,-2.0,3.0,1 palabra
fue,pasado él ser,3.0,1.0,1.0,3.0,1.0,13.0,3.0,3.0,3.6666666666666665,1.0,-2.0,3.0,1 palabra
fueron,pasado ellos ir,6.0,1.0,1.0,6.0,1.0,15.0,3.0,3.0,4.333333333333333,1.0,-2.0,3.0,1 palabra
fueron,pasado ellos ser,6.0,1.0,1.0,6.0,1.0,16.0,3.0,3.0,4.666666666666667,1.0,-2.0,3.0,1 palabra
fueron,pasado ustedes ir,6.0,1.0,1.0,6.0,1.0,17.0,3.0,3.0,5.0,1.0,-2.0,3.0,1 palabra
fueron,pasado ustedes ser,6.0,1.0,1.0,6.0,1.0,18.0,3.0,3.0,5.333333333333333,1.0,-2.0,3.0,1 palabra
ir,ir,2.0,1.0,1.0,2.0,1.0,2.0,1.0,1.0,2.0,1.0,0.0,1.0,1 palabra
irse,ir,4.0,1.0,1.0,4.0,1.0,2.0,1.0,1.0,2.0,1.0,0.0,1.0,1 palabra
iré,futuro yo ir,3.0,1.0,1.0,3.0,1.0,12.0,3.0,3.0,3.3333333333333335,1.0,-2.0,3.0,1 palabra
irá,futuro él ir,3.0,1.0,1.0,3.0,1.0,12.0,3.0,3.0,3.3333333333333335,1.0,-2.0,3.0,1 palabra
irás,futuro tú ir,4.0,1.0,1.0,4.0,1.0,12.0,3.0,3.0,3.3333333333333335,1.0,-2.0,3.0,1 palabra
irán,futuro ellos ir,4.0,1.0,1.0,4.0,1.0,15.0,3.0,3.0,4.333333333333333,1.0,-2.0,3.0,1 palabra
irán,futuro ustedes ir,4.0,1.0,1.0,4.0,1.0,17.0,3.0,3.0,5.0,1.0,-2.0,3.0,1 palabra
soy,yo ser,3.0,1.0,1.0,3.0,1.0,6.0,2.0,2.0,2.5,1.0,-1.0,2.0,1 palabra
eres,tú ser,4.0,1.0,1.0,4.0,1.0,6.0,2.0,2.0,2.5,1.0,-1.0,2.0,1 palabra
es,eso ser,2.0,1.0,1.0,2.0,1.0,7.0,2.0,2.0,3.0,1.0,-1.0,2.0,1 palabra
es,él ser,2.0,1.0,1.0,2.0,1.0,6.0,2.0,2.0,2.5,1.0,-1.0,2.0,1 palabra
es,ella ser,2.0,1.0,1.0,2.0,1.0,8.0,2.0,2.0,3.5,1.0,-1.0,2.0,1 palabra
son,ellos ser,3.0,1.0,1.0,3.0,1.0,9.0,2.0,2.0,4.0,1.0,-1.0,2.0,1 palabra
son,ustedes ser,3.0,1.0,1.0,3.0,1.0,11.0,2.0,2.0,5.0,1.0,-1.0,2.0,1 palabra
hola,hola,4.0,1.0,1.0,4.0,1.0,4.0,1.0,1.0,4.0,1.0,0.0,1.0,1 palabra
¡Ayuda!,Ayuda,7.0,1.0,1.0,5.0,1.0,5.0,1.0,1.0,5.0,1.0,0.0,1.0,1 palabra
Ayuda,Ayuda,5.0,1.0,1.0,5.0,1.0,5.0,1.0,1.0,5.0,1.0,0.0,1.0,1 palabra
Corren,ellos correr,6.0,1.0,1.0,6.0,1.0,12.0,2.0,2.0,5.5,1.0,-1.0,2.0,1 palabra
corre,eso correr,5.0,1.0,1.0,5.0,1.0,10.0,2.0,2.0,4.5,1.0,-1.0,2.0,1 palabra
corre,él correr,5.0,1.0,1.0,5.0,1.0,9.0,2.0,2.0,4.0,1.0,-1.0,2.0,1 palabra
yo,yo,2.0,1.0,1.0,2.0,1.0,2.0,1.0,1.0,2.0,1.0,0.0,1.0,1 palabra
él,él,2.0,1.0,1.0,2.0,1.0,2.0,1.0,1.0,2.0,1.0,0.0,1.0,1 palabra
ella,ella,4.0,1.0,1.0,4.0,1.0,4.0,1.0,1.0,4.0,1.0,0.0,1.0,1 palabra
tú,tú,2.0,1.0,1.0,2.0,1.0,2.0,1.0,1.0,2.0,1.0,0.0,1.0,1 palabra
tu,tuyo,2.0,1.0,1.0,2.0,1.0,4.0,1.0,1.0,4.0,1.0,0.0,1.0,1 palabra
tu,tuya,2.0,1.0,1.0,2.0,1.0,4.0,1.0,1.0,4.0,1.0,0.0,1.0,1 palabra
nosotros,nosotros,8.0,1.0,1.0,8.0,1.0,8.0,1.0,1.0,8.0,1.0,0.0,1.0,1 palabra
ustedes,ustedes,7.0,1.0,1.0,7.0,1.0,7.0,1.0,1.0,7.0,1.0,0.0,1.0,1 palabra
mi,mío,2.0,1.0,1.0,2.0,1.0,3.0,1.0,1.0,3.0,1.0,0.0,1.0,1 palabra
su,suyo,2.0,1.0,1.0,2.0,1.0,4.0,1.0,1.0,4.0,1.0,0.0,1.0,1 palabra
su,suya,2.0,1.0,1.0,2.0,1.0,4.0,1.0,1.0,4.0,1.0,0.0,1.0,1 palabra
nuestro primo es albañil,primo nuestro albañil,24.0,4.0,4.0,5.25,1.0,21.0,3.0,3.0,6.333333333333333,1.0,1.0,0.75,4 palabras
su papá es bombero,papá suyo bombero,18.0,4.0,4.0,3.75,1.0,17.0,3.0,3.0,5.0,1.0,1.0,0.75,4 palabras
su mamá es maestra,mamá suya maestra,18.0,4.0,4.0,3.75,1.0,17.0,3.0,3.0,5.0,1.0,1.0,0.75,4 palabras
tu hermana es veterinaria,hermano mujer tuya veterinaria,25.0,4.0,4.0,5.5,1.0,30.0,4.0,4.0,6.75,1.0,0.0,1.0,4 palabras
tu hermano es médico,hermano tuyo médico,20.0,4.0,4.0,4.25,1.0,19.0,3.0,3.0,5.666666666666667,1.0,1.0,0.75,4 palabras
tu prima es dentista,primo mujer tuya dentista,20.0,4.0,4.0,4.25,1.0,25.0,4.0,4.0,5.5,1.0,0.0,1.0,4 palabras
tu abuelo era soldado,abuelo tuyo soldado,21.0,4.0,4.0,4.5,1.0,19.0,3.0,3.0,5.666666666666667,1.0,1.0,0.75,4 palabras
su abuela era monja,abuelo mujer suyo(a) monja,19.0,4.0,4.0,4.0,1.0,26.0,5.0,5.0,4.2,1.0,-1.0,1.25,4 palabras
nuestro,nuestro,7.0,1.0,1.0,7.0,1.0,7.0,1.0,1.0,7.0,1.0,0.0,1.0,1 palabra
ellos,ellos,5.0,1.0,1.0,5.0,1.0,5.0,1.0,1.0,5.0,1.0,0.0,1.0,1 palabra
eso,eso,3.0,1.0,1.0,3.0,1.0,3.0,1.0,1.0,3.0,1.0,0.0,1.0,1 palabra
leímos un libro ayer,ayer nosotros libro leer,20.0,4.0,4.0,4.25,1.0,24.0,4.0,4.0,5.25,1.0,0.0,1.0,4 palabras
leí un libro ayer,ayer yo libro leer,17.0,4.0,4.0,3.5,1.0,18.0,4.0,4.0,3.75,1.0,0.0,1.0,4 palabras
leíste un libro ayer,ayer tú libro leer,20.0,4.0,4.0,4.25,1.0,18.0,4.0,4.0,3.75,1.0,0.0,1.0,4 palabras
leyó un libro ayer,ayer él (ella) libro leer,18.0,4.0,4.0,3.75,1.0,25.0,5.0,5.0,3.8,1.0,-1.0,1.25,4 palabras
leyeron un libro ayer,ayer ellos (as) libro leer,21.0,4.0,4.0,4.5,1.0,26.0,5.0,5.0,4.0,1.0,-1.0,1.25,4 palabras
mi mamá estaba leyendo un libro ayer,ayer mamá mía libro leer,36.0,7.0,7.0,4.285714285714286,1.0,24.0,5.0,5.0,4.0,1.0,2.0,0.7142857142857143,≥7 palabras
mi papá estaba leyendo un libro ayer,ayer papá mío libro leer,36.0,7.0,7.0,4.285714285714286,1.0,24.0,5.0,5.0,4.0,1.0,2.0,0.7142857142857143,≥7 palabras
mi prima estaba leyendo un libro ayer,ayer primo mujer mía libro leer,37.0,7.0,7.0,4.428571428571429,1.0,31.0,6.0,6.0,4.333333333333333,1.0,1.0,0.8571428571428571,≥7 palabras
mi primo estaba leyendo un libro ayer,ayer primo mío libro leer,37.0,7.0,7.0,4.428571428571429,1.0,25.0,5.0,5.0,4.2,1.0,2.0,0.7142857142857143,≥7 palabras
mi novio estaba leyendo un libro ayer,ayer novio mío libro leer,37.0,7.0,7.0,4.428571428571429,1.0,25.0,5.0,5.0,4.2,1.0,2.0,0.7142857142857143,≥7 palabras
mi novia estaba leyendo un libro ayer,ayer novio mujer mío libro leer,37.0,7.0,7.0,4.428571428571429,1.0,31.0,6.0,6.0,4.333333333333333,1.0,1.0,0.8571428571428571,≥7 palabras
mi abuelo estaba leyendo un libro ayer,ayer abuelo mío libro leer,38.0,7.0,7.0,4.571428571428571,1.0,26.0,5.0,5.0,4.4,1.0,2.0,0.7142857142857143,≥7 palabras
mi abuela estaba leyendo un libro ayer,ayer abuelo mujer mío libro leer,38.0,7.0,7.0,4.571428571428571,1.0,32.0,6.0,6.0,4.5,1.0,1.0,0.8571428571428571,≥7 palabras
mi amiga estaba leyendo un libro ayer,ayer amigo mujer mío libro leer,37.0,7.0,7.0,4.428571428571429,1.0,31.0,6.0,6.0,4.333333333333333,1.0,1.0,0.8571428571428571,≥7 palabras
mi amigo estaba leyendo un libro ayer,ayer amigo mío libro leer,37.0,7.0,7.0,4.428571428571429,1.0,25.0,5.0,5.0,4.2,1.0,2.0,0.7142857142857143,≥7 palabras
mi suegra estaba leyendo un libro ayer,ayer suegro mujer mía leer,38.0,7.0,7.0,4.571428571428571,1.0,26.0,5.0,5.0,4.4,1.0,2.0,0.7142857142857143,≥7 palabras
tu mamá estaba leyendo un libro ayer,ayer mamá tuya libro leer,36.0,7.0,7.0,4.285714285714286,1.0,25.0,5.0,5.0,4.2,1.0,2.0,0.7142857142857143,≥7 palabras
tu papá estaba leyendo un libro ayer,ayer papá tuyo libro leer,36.0,7.0,7.0,4.285714285714286,1.0,25.0,5.0,5.0,4.2,1.0,2.0,0.7142857142857143,≥7 palabras
tu prima estaba leyendo un libro ayer,ayer primo mujer tuya libro leer,37.0,7.0,7.0,4.428571428571429,1.0,32.0,6.0,6.0,4.5,1.0,1.0,0.8571428571428571,≥7 palabras
tu primo estaba leyendo un libro ayer,ayer primo tuyo libro leer,37.0,7.0,7.0,4.428571428571429,1.0,26.0,5.0,5.0,4.4,1.0,2.0,0.7142857142857143,≥7 palabras
tu novio estaba leyendo un libro ayer,ayer novio tuyo libro leer,37.0,7.0,7.0,4.428571428571429,1.0,26.0,5.0,5.0,4.4,1.0,2.0,0.7142857142857143,≥7 palabras
tu novia estaba leyendo un libro ayer,ayer novio mujer tuya libro leer,37.0,7.0,7.0,4.428571428571429,1.0,32.0,6.0,6.0,4.5,1.0,1.0,0.8571428571428571,≥7 palabras
tu abuelo estaba leyendo un libro ayer,ayer abuelo tuyo libro leer,38.0,7.0,7.0,4.571428571428571,1.0,27.0,5.0,5.0,4.6,1.0,2.0,0.7142857142857143,≥7 palabras
tu abuela estaba leyendo un libro ayer,ayer abuelo mujer tuya libro leer,38.0,7.0,7.0,4.571428571428571,1.0,33.0,6.0,6.0,4.666666666666667,1.0,1.0,0.8571428571428571,≥7 palabras
tu amiga estaba leyendo un libro ayer,ayer amigo mujer tuya libro leer,37.0,7.0,7.0,4.428571428571429,1.0,32.0,6.0,6.0,4.5,1.0,1.0,0.8571428571428571,≥7 palabras
tu amigo estaba leyendo un libro ayer,ayer amigo tuyo libro leer,37.0,7.0,7.0,4.428571428571429,1.0,26.0,5.0,5.0,4.4,1.0,2.0,0.7142857142857143,≥7 palabras
leímos el periódico ayer,ayer nosotros periódico leer,24.0,4.0,4.0,5.25,1.0,28.0,4.0,4.0,6.25,1.0,0.0,1.0,4 palabras
leí el periódico ayer,ayer yo periódico leer,21.0,4.0,4.0,4.5,1.0,22.0,4.0,4.0,4.75,1.0,0.0,1.0,4 palabras
leíste el periódico ayer,ayer tú periódico leer,24.0,4.0,4.0,5.25,1.0,22.0,4.0,4.0,4.75,1.0,0.0,1.0,4 palabras
leyó el periódico ayer,ayer él (ella) periódico leer,22.0,4.0,4.0,4.75,1.0,29.0,5.0,5.0,4.6,1.0,-1.0,1.25,4 palabras
leyeron el periódico ayer,ayer ellos (as) periódico leer,25.0,4.0,4.0,5.5,1.0,30.0,5.0,5.0,4.8,1.0,-1.0,1.25,4 palabras
mi mamá estaba leyendo un periódico ayer,ayer mamá mía periódico leer,40.0,7.0,7.0,4.857142857142857,1.0,28.0,5.0,5.0,4.8,1.0,2.0,0.7142857142857143,≥7 palabras
mi papá estaba leyendo un periódico ayer,ayer papá mío periódico leer,40.0,7.0,7.0,4.857142857142857,1.0,28.0,5.0,5.0,4.8,1.0,2.0,0.7142857142857143,≥7 palabras
mi prima estaba leyendo un periódico ayer,ayer primo mujer mía periódico leer,41.0,7.0,7.0,5.0,1.0,35.0,6.0,6.0,5.0,1.0,1.0,0.8571428571428571,≥7 palabras
mi primo estaba leyendo un periódico ayer,ayer primo mío periódico leer,41.0,7.0,7.0,5.0,1.0,29.0,5.0,5.0,5.0,1.0,2.0,0.7142857142857143,≥7 palabras
mi novio estaba leyendo un periódico ayer,ayer novio mío periódico leer,41.0,7.0,7.0,5.0,1.0,29.0,5.0,5.0,5.0,1.0,2.0,0.7142857142857143,≥7 palabras
mi novia estaba leyendo un periódico ayer,ayer novio mujer mío periódico leer,41.0,7.0,7.0,5.0,1.0,35.0,6.0,6.0,5.0,1.0,1.0,0.8571428571428571,≥7 palabras
mi abuelo estaba leyendo un periódico ayer,ayer abuelo mío periódico leer,42.0,7.0,7.0,5.142857142857143,1.0,30.0,5.0,5.0,5.2,1.0,2.0,0.7142857142857143,≥7 palabras
mi abuela estaba leyendo un periódico ayer,ayer abuelo mujer mío periódico leer,42.0,7.0,7.0,5.142857142857143,1.0,36.0,6.0,6.0,5.166666666666667,1.0,1.0,0.8571428571428571,≥7 palabras
mi amiga estaba leyendo un periódico ayer,ayer amigo mujer mío periódico leer,41.0,7.0,7.0,5.0,1.0,35.0,6.0,6.0,5.0,1.0,1.0,0.8571428571428571,≥7 palabras
mi amigo estaba leyendo un periódico ayer,ayer amigo mío periódico leer,41.0,7.0,7.0,5.0,1.0,29.0,5.0,5.0,5.0,1.0,2.0,0.7142857142857143,≥7 palabras
tu mamá estaba leyendo un libro ayer,ayer mamá tuya libro leer,36.0,7.0,7.0,4.285714285714286,1.0,25.0,5.0,5.0,4.2,1.0,2.0,0.7142857142857143,≥7 palabras
tu papá estaba leyendo un periódico ayer,ayer papá tuyo periódico leer,40.0,7.0,7.0,4.857142857142857,1.0,29.0,5.0,5.0,5.0,1.0,2.0,0.7142857142857143,≥7 palabras
tu prima estaba leyendo un periódico ayer,ayer primo mujer tuya periódico leer,41.0,7.0,7.0,5.0,1.0,36.0,6.0,6.0,5.166666666666667,1.0,1.0,0.8571428571428571,≥7 palabras
tu primo estaba leyendo un periódico ayer,ayer primo tuyo periódico leer,41.0,7.0,7.0,5.0,1.0,30.0,5.0,5.0,5.2,1.0,2.0,0.7142857142857143,≥7 palabras
tu novio estaba leyendo un periódico ayer,ayer novio tuyo periódico leer,41.0,7.0,7.0,5.0,1.0,30.0,5.0,5.0,5.2,1.0,2.0,0.7142857142857143,≥7 palabras
tu novia estaba leyendo un periódico ayer,ayer novio mujer tuya periódico leer,41.0,7.0,7.0,5.0,1.0,36.0,6.0,6.0,5.166666666666667,1.0,1.0,0.8571428571428571,≥7 palabras
tu abuelo estaba leyendo un periódico ayer,ayer abuelo tuyo periódico leer,42.0,7.0,7.0,5.142857142857143,1.0,31.0,5.0,5.0,5.4,1.0,2.0,0.7142857142857143,≥7 palabras
tu abuela estaba leyendo un periódico ayer,ayer abuelo mujer tuya periódico leer,42.0,7.0,7.0,5.142857142857143,1.0,37.0,6.0,6.0,5.333333333333333,1.0,1.0,0.8571428571428571,≥7 palabras
tu amiga estaba leyendo un periódico ayer,ayer amigo mujer tuya periódico leer,41.0,7.0,7.0,5.0,1.0,36.0,6.0,6.0,5.166666666666667,1.0,1.0,0.8571428571428571,≥7 palabras
tu amigo estaba leyendo un periódico ayer,ayer amigo tuyo periódico leer,41.0,7.0,7.0,5.0,1.0,30.0,5.0,5.0,5.2,1.0,2.0,0.7142857142857143,≥7 palabras
leímos una revista ayer,ayer nosotros revista leer,23.0,4.0,4.0,5.0,1.0,26.0,4.0,4.0,5.75,1.0,0.0,1.0,4 palabras
leí una revista ayer,ayer yo revista leer,20.0,4.0,4.0,4.25,1.0,20.0,4.0,4.0,4.25,1.0,0.0,1.0,4 palabras
leíste una revista ayer,ayer tú revista leer,23.0,4.0,4.0,5.0,1.0,20.0,4.0,4.0,4.25,1.0,0.0,1.0,4 palabras
leyó una revista ayer,ayer él (ella) revista leer,21.0,4.0,4.0,4.5,1.0,27.0,5.0,5.0,4.2,1.0,-1.0,1.25,4 palabras
leyeron una revista ayer,ayer ellos (as) revista leer,24.0,4.0,4.0,5.25,1.0,28.0,5.0,5.0,4.4,1.0,-1.0,1.25,4 palabras
mi mamá estaba leyendo una revista ayer,ayer mamá mía revista leer,39.0,7.0,7.0,4.714285714285714,1.0,26.0,5.0,5.0,4.4,1.0,2.0,0.7142857142857143,≥7 palabras
mi papá estaba leyendo una revista ayer,ayer papá mío revista leer,39.0,7.0,7.0,4.714285714285714,1.0,26.0,5.0,5.0,4.4,1.0,2.0,0.7142857142857143,≥7 palabras
mi prima estaba leyendo una revista ayer,ayer primo mujer mía revista leer,40.0,7.0,7.0,4.857142857142857,1.0,33.0,6.0,6.0,4.666666666666667,1.0,1.0,0.8571428571428571,≥7 palabras
mi primo estaba leyendo una revista ayer,ayer primo mío revista leer,40.0,7.0,7.0,4.857142857142857,1.0,27.0,5.0,5.0,4.6,1.0,2.0,0.7142857142857143,≥7 palabras
mi novio estaba leyendo un revista ayer,ayer novio mío revista leer,39.0,7.0,7.0,4.714285714285714,1.0,27.0,5.0,5.0,4.6,1.0,2.0,0.7142857142857143,≥7 palabras
mi novia estaba leyendo una revista ayer,ayer novio mujer mío revista leer,40.0,7.0,7.0,4.857142857142857,1.0,33.0,6.0,6.0,4.666666666666667,1.0,1.0,0.8571428571428571,≥7 palabras
mi abuelo estaba leyendo una revista ayer,ayer abuelo mío revista leer,41.0,7.0,7.0,5.0,1.0,28.0,5.0,5.0,4.8,1.0,2.0,0.7142857142857143,≥7 palabras
mi abuela estaba leyendo una revista ayer,ayer abuelo mujer mío revista leer,41.0,7.0,7.0,5.0,1.0,34.0,6.0,6.0,4.833333333333333,1.0,1.0,0.8571428571428571,≥7 palabras
mi amiga estaba leyendo una revista ayer,ayer amigo mujer mío revista leer,40.0,7.0,7.0,4.857142857142857,1.0,33.0,6.0,6.0,4.666666666666667,1.0,1.0,0.8571428571428571,≥7 palabras
mi amigo estaba leyendo una revista ayer,ayer amigo mío revista leer,40.0,7.0,7.0,4.857142857142857,1.0,27.0,5.0,5.0,4.6,1.0,2.0,0.7142857142857143,≥7 palabras
te gusta el chocolate,tú chocolate gustar,21.0,4.0,4.0,4.5,1.0,19.0,3.0,3.0,5.666666666666667,1.0,1.0,0.75,4 palabras
me gusta el chocolate,yo chocolate gustar,21.0,4.0,4.0,4.5,1.0,19.0,3.0,3.0,5.666666666666667,1.0,1.0,0.75,4 palabras
le gusta el chocolate,ella chocolate gustar,21.0,4.0,4.0,4.5,1.0,21.0,3.0,3.0,6.333333333333333,1.0,1.0,0.75,4 palabras
le gusta el chocolate,él chocolate gustar,21.0,4.0,4.0,4.5,1.0,19.0,3.0,3.0,5.666666666666667,1.0,1.0,0.75,4 palabras
les gusta el chocolate,ellos chocolate gustar,22.0,4.0,4.0,4.75,1.0,22.0,3.0,3.0,6.666666666666667,1.0,1.0,0.75,4 palabras
les gusta el chocolate,ellas chocolate gustar,22.0,4.0,4.0,4.75,1.0,22.0,3.0,3.0,6.666666666666667,1.0,1.0,0.75,4 palabras
les gusta el chocolate,ustedes chocolate gustar,22.0,4.0,4.0,4.75,1.0,24.0,3.0,3.0,7.333333333333333,1.0,1.0,0.75,4 palabras
nos gusta el chocolate,nosotros chocolate gustar,22.0,4.0,4.0,4.75,1.0,25.0,3.0,3.0,7.666666666666667,1.0,1.0,0.75,4 palabras
no te gusta el chocolate,tú chocolate gustar no,24.0,5.0,5.0,4.0,1.0,22.0,4.0,4.0,4.75,1.0,1.0,0.8,5 palabras
no me gusta el chocolate,yo chocolate gustar no,24.0,5.0,5.0,4.0,1.0,22.0,4.0,4.0,4.75,1.0,1.0,0.8,5 palabras
no le gusta el chocolate,él chocolate gustar no,24.0,5.0,5.0,4.0,1.0,22.0,4.0,4.0,4.75,1.0,1.0,0.8,5 palabras
no les gusta el chocolate,ellos chocolate gustar no,25.0,5.0,5.0,4.2,1.0,25.0,4.0,4.0,5.5,1.0,1.0,0.8,5 palabras
no les gusta el chocolate,ellas chocolate gustar no,25.0,5.0,5.0,4.2,1.0,25.0,4.0,4.0,5.5,1.0,1.0,0.8,5 palabras
no les gusta el chocolate,ustedes chocolate gustar no,25.0,5.0,5.0,4.2,1.0,27.0,4.0,4.0,6.0,1.0,1.0,0.8,5 palabras
nos gusta el chocolate,nosotros chocolate gustar no,22.0,4.0,4.0,4.75,1.0,28.0,4.0,4.0,6.25,1.0,0.0,1.0,4 palabras
a mi mamá le gusta el chocolate,mamá mía chocolate gustar,31.0,7.0,7.0,3.5714285714285716,1.0,25.0,4.0,4.0,5.5,1.0,3.0,0.5714285714285714,≥7 palabras
a mi mamá no le gusta el chocolate,mamá mía chocolate gustar no,34.0,8.0,8.0,3.375,1.0,28.0,5.0,5.0,4.8,1.0,3.0,0.625,≥7 palabras
a mi papá le gusta el chocolate,papá mío chocolate gustar,31.0,7.0,7.0,3.5714285714285716,1.0,25.0,4.0,4.0,5.5,1.0,3.0,0.5714285714285714,≥7 palabras
a mi papá no le gusta el chocolate,papá mío chocolate gustar no,34.0,8.0,8.0,3.375,1.0,28.0,5.0,5.0,4.8,1.0,3.0,0.625,≥7 palabras
a mi hermano no le gusta el chocolate,hermano mío chocolate gustar no,37.0,8.0,8.0,3.75,1.0,31.0,5.0,5.0,5.4,1.0,3.0,0.625,≥7 palabras
a mi hermano le gusta el chocolate,hermano mío chocolate gustar,34.0,7.0,7.0,4.0,1.0,28.0,4.0,4.0,6.25,1.0,3.0,0.5714285714285714,≥7 palabras
a mi hermana no le gusta el chocolate,hermano mujer mía chocolate gustar no,37.0,8.0,8.0,3.75,1.0,37.0,6.0,6.0,5.333333333333333,1.0,2.0,0.75,≥7 palabras
a mi hermano le gusta el chocolate,hermano mío chocolate gustar,34.0,7.0,7.0,4.0,1.0,28.0,4.0,4.0,6.25,1.0,3.0,0.5714285714285714,≥7 palabras
a mi prima le gusta el chocolate,primo mujer mía chocolate gustar,32.0,7.0,7.0,3.7142857142857144,1.0,32.0,5.0,5.0,5.6,1.0,2.0,0.7142857142857143,≥7 palabras
a mi primo no le gusta el chocolate,primo mío chocolate gustar no,35.0,8.0,8.0,3.5,1.0,29.0,5.0,5.0,5.0,1.0,3.0,0.625,≥7 palabras
a mi tía le gusta el chocolate,tío mujer mía chocolate gustar,30.0,7.0,7.0,3.4285714285714284,1.0,30.0,5.0,5.0,5.2,1.0,2.0,0.7142857142857143,≥7 palabras
a mi tía no le gusta el chocolate,tío mujer mía chocolate gustar no,33.0,8.0,8.0,3.25,1.0,33.0,6.0,6.0,4.666666666666667,1.0,2.0,0.75,≥7 palabras
a mi tío no le gusta el chocolate,tío mío chocolate gustar no,33.0,8.0,8.0,3.25,1.0,27.0,5.0,5.0,4.6,1.0,3.0,0.625,≥7 palabras
a mi tío le gusta el chocolate,tío mío chocolate gustar,30.0,7.0,7.0,3.4285714285714284,1.0,24.0,4.0,4.0,5.25,1.0,3.0,0.5714285714285714,≥7 palabras
a mi abuelo le gusta el chocolate,abuelo mío chocolate gustar,33.0,7.0,7.0,3.857142857142857,1.0,27.0,4.0,4.0,6.0,1.0,3.0,0.5714285714285714,≥7 palabras
a mi abuelo no le gusta el chocolate,abuelo mío chocolate gustar no,36.0,8.0,8.0,3.625,1.0,30.0,5.0,5.0,5.2,1.0,3.0,0.625,≥7 palabras
a mi abuela no le gusta el chocolate,abuelo mujer mía chocolate gustar no,36.0,8.0,8.0,3.625,1.0,36.0,6.0,6.0,5.166666666666667,1.0,2.0,0.75,≥7 palabras
a mi abuela le gusta el chocolate,abuelo mujer mía chocolate gustar,33.0,7.0,7.0,3.857142857142857,1.0,33.0,5.0,5.0,5.8,1.0,2.0,0.7142857142857143,≥7 palabras
a tu mamá le gusta el chocolate,mamá tuya chocolate gustar,31.0,7.0,7.0,3.5714285714285716,1.0,26.0,4.0,4.0,5.75,1.0,3.0,0.5714285714285714,≥7 palabras
a tu mamá no le gusta el chocolate,mamá tuya chocolate gustar no,34.0,8.0,8.0,3.375,1.0,29.0,5.0,5.0,5.0,1.0,3.0,0.625,≥7 palabras
a tu papá le gusta el chocolate,papá tuyo chocolate gustar,31.0,7.0,7.0,3.5714285714285716,1.0,26.0,4.0,4.0,5.75,1.0,3.0,0.5714285714285714,≥7 palabras
a tu papá no le gusta el chocolate,papá tuyo chocolate gustar no,34.0,8.0,8.0,3.375,1.0,29.0,5.0,5.0,5.0,1.0,3.0,0.625,≥7 palabras
a tu hermano no le gusta el chocolate,hermano tuyo chocolate gustar no,37.0,8.0,8.0,3.75,1.0,32.0,5.0,5.0,5.6,1.0,3.0,0.625,≥7 palabras
a tu hermano le gusta el chocolate,hermano tuyo chocolate gustar,34.0,7.0,7.0,4.0,1.0,29.0,4.0,4.0,6.5,1.0,3.0,0.5714285714285714,≥7 palabras
a tu hermana no le gusta el chocolate,hermano mujer tuya chocolate gustar no,37.0,8.0,8.0,3.75,1.0,38.0,6.0,6.0,5.5,1.0,2.0,0.75,≥7 palabras
a tu hermano le gusta el chocolate,hermano tuyo chocolate gustar,34.0,7.0,7.0,4.0,1.0,29.0,4.0,4.0,6.5,1.0,3.0,0.5714285714285714,≥7 palabras
a tu prima le gusta el chocolate,primo mujer tuya chocolate gustar,32.0,7.0,7.0,3.7142857142857144,1.0,33.0,5.0,5.0,5.8,1.0,2.0,0.7142857142857143,≥7 palabras
a tu primo no le gusta el chocolate,primo tuyo chocolate gustar no,35.0,8.0,8.0,3.5,1.0,30.0,5.0,5.0,5.2,1.0,3.0,0.625,≥7 palabras
a tu tía le gusta el chocolate,tío mujer tuya chocolate gustar,30.0,7.0,7.0,3.4285714285714284,1.0,31.0,5.0,5.0,5.4,1.0,2.0,0.7142857142857143,≥7 palabras
a tu tía no le gusta el chocolate,tío mujer tuya chocolate gustar no,33.0,8.0,8.0,3.25,1.0,34.0,6.0,6.0,4.833333333333333,1.0,2.0,0.75,≥7 palabras
a tu tío no le gusta el chocolate,tío tuyo chocolate gustar no,33.0,8.0,8.0,3.25,1.0,28.0,5.0,5.0,4.8,1.0,3.0,0.625,≥7 palabras
a tu tío le gusta el chocolate,tío tuyo chocolate gustar,30.0,7.0,7.0,3.4285714285714284,1.0,25.0,4.0,4.0,5.5,1.0,3.0,0.5714285714285714,≥7 palabras
a tu abuelo le gusta el chocolate,abuelo tuyo chocolate gustar,33.0,7.0,7.0,3.857142857142857,1.0,28.0,4.0,4.0,6.25,1.0,3.0,0.5714285714285714,≥7 palabras
a tu abuelo no le gusta el chocolate,abuelo tuyo chocolate gustar no,36.0,8.0,8.0,3.625,1.0,31.0,5.0,5.0,5.4,1.0,3.0,0.625,≥7 palabras
a tu abuela no le gusta el chocolate,abuelo mujer tuya chocolate gustar no,36.0,8.0,8.0,3.625,1.0,37.0,6.0,6.0,5.333333333333333,1.0,2.0,0.75,≥7 palabras
a tu abuela le gusta el chocolate,abuelo mujer tuya chocolate gustar,33.0,7.0,7.0,3.857142857142857,1.0,34.0,5.0,5.0,6.0,1.0,2.0,0.7142857142857143,≥7 palabras
me agrada platicar,yo platicar gustar,18.0,3.0,3.0,5.333333333333333,1.0,18.0,3.0,3.0,5.333333333333333,1.0,0.0,1.0,3 palabras
me gusta platicar,yo platicar gustar,17.0,3.0,3.0,5.0,1.0,18.0,3.0,3.0,5.333333333333333,1.0,0.0,1.0,3 palabras
no me gusta platicar,yo platicar gustar no,20.0,4.0,4.0,4.25,1.0,21.0,4.0,4.0,4.5,1.0,0.0,1.0,4 palabras
no me agrada platicar,yo platicar gustar no,21.0,4.0,4.0,4.5,1.0,21.0,4.0,4.0,4.5,1.0,0.0,1.0,4 palabras
me gusta leer,yo leer gustar,13.0,3.0,3.0,3.6666666666666665,1.0,14.0,3.0,3.0,4.0,1.0,0.0,1.0,3 palabras
no me gusta leer,yo leer gustar no,16.0,4.0,4.0,3.25,1.0,17.0,4.0,4.0,3.5,1.0,0.0,1.0,4 palabras
me agrada leer,yo leer gustar,14.0,3.0,3.0,4.0,1.0,14.0,3.0,3.0,4.0,1.0,0.0,1.0,3 palabras
no me agrada leer,yo leer gustar no,17.0,4.0,4.0,3.5,1.0,17.0,4.0,4.0,3.5,1.0,0.0,1.0,4 palabras
me gusta pasear,yo pasear gustar,15.0,3.0,3.0,4.333333333333333,1.0,16.0,3.0,3.0,4.666666666666667,1.0,0.0,1.0,3 palabras
no me agrada pasear,yo pasear gustar no,19.0,4.0,4.0,4.0,1.0,19.0,4.0,4.0,4.0,1.0,0.0,1.0,4 palabras
me agrada pasear,yo pasear gustar,16.0,3.0,3.0,4.666666666666667,1.0,16.0,3.0,3.0,4.666666666666667,1.0,0.0,1.0,3 palabras
no me gusta pasear,yo pasear gustar no,18.0,4.0,4.0,3.75,1.0,19.0,4.0,4.0,4.0,1.0,0.0,1.0,4 palabras
me gusta sonreír,yo sonreír gustar,16.0,3.0,3.0,4.666666666666667,1.0,17.0,3.0,3.0,5.0,1.0,0.0,1.0,3 palabras
no me gusta sonreír,yo sonreír gustar no,19.0,4.0,4.0,4.0,1.0,20.0,4.0,4.0,4.25,1.0,0.0,1.0,4 palabras
me agrada sonreír,yo sonreír gustar,17.0,3.0,3.0,5.0,1.0,17.0,3.0,3.0,5.0,1.0,0.0,1.0,3 palabras
no me gusta sonreír,yo sonreír gustar no,19.0,4.0,4.0,4.0,1.0,20.0,4.0,4.0,4.25,1.0,0.0,1.0,4 palabras
te gusta el chocolate,tú chocolate gustar,21.0,4.0,4.0,4.5,1.0,19.0,3.0,3.0,5.666666666666667,1.0,1.0,0.75,4 palabras
no te gusta el chocolate,tú chocolate gustar no,24.0,5.0,5.0,4.0,1.0,22.0,4.0,4.0,4.75,1.0,1.0,0.8,5 palabras
te agrada el chocolate,tú chocolate agradar,22.0,4.0,4.0,4.75,1.0,20.0,3.0,3.0,6.0,1.0,1.0,0.75,4 palabras
te desagrada el chocolate,tú chocolate gustar no,25.0,4.0,4.0,5.5,1.0,22.0,4.0,4.0,4.75,1.0,0.0,1.0,4 palabras
te gusta comer helado,tú comer helado gustar,21.0,4.0,4.0,4.5,1.0,22.0,4.0,4.0,4.75,1.0,0.0,1.0,4 palabras
no te gusta comer helado,tú comer helado gustar no,24.0,5.0,5.0,4.0,1.0,25.0,5.0,5.0,4.2,1.0,0.0,1.0,5 palabras
te agrada comer helado,tú comer helado gustar,22.0,4.0,4.0,4.75,1.0,22.0,4.0,4.0,4.75,1.0,0.0,1.0,4 palabras
no te agrada platicar,tú platicar gustar no,21.0,4.0,4.0,4.5,1.0,21.0,4.0,4.0,4.5,1.0,0.0,1.0,4 palabras
te agrada platicar,tú platicar gustar,18.0,3.0,3.0,5.333333333333333,1.0,18.0,3.0,3.0,5.333333333333333,1.0,0.0,1.0,3 palabras
no te agrada platicar,tú platicar gustar no,21.0,4.0,4.0,4.5,1.0,21.0,4.0,4.0,4.5,1.0,0.0,1.0,4 palabras
te gusta platicar,tú platicar gustar,17.0,3.0,3.0,5.0,1.0,18.0,3.0,3.0,5.333333333333333,1.0,0.0,1.0,3 palabras
no te agrada leer,tú leer gustar no,17.0,4.0,4.0,3.5,1.0,17.0,4.0,4.0,3.5,1.0,0.0,1.0,4 palabras
te agrada leer,tú leer gustar,14.0,3.0,3.0,4.0,1.0,14.0,3.0,3.0,4.0,1.0,0.0,1.0,3 palabras
no te gusta leer,tú leer gustar no,16.0,4.0,4.0,3.25,1.0,17.0,4.0,4.0,3.5,1.0,0.0,1.0,4 palabras
te gusta leer,tú leer gustar,13.0,3.0,3.0,3.6666666666666665,1.0,14.0,3.0,3.0,4.0,1.0,0.0,1.0,3 palabras
no te gusta leer,tú leer gustar no,16.0,4.0,4.0,3.25,1.0,17.0,4.0,4.0,3.5,1.0,0.0,1.0,4 palabras
te agrada pasear,tú pasear gustar,16.0,3.0,3.0,4.666666666666667,1.0,16.0,3.0,3.0,4.666666666666667,1.0,0.0,1.0,3 palabras
te desagrada pasear,tú pasear gustar no,19.0,3.0,3.0,5.666666666666667,1.0,19.0,4.0,4.0,4.0,1.0,-1.0,1.3333333333333333,3 palabras
te gusta pasear,tú pasear gustar,15.0,3.0,3.0,4.333333333333333,1.0,16.0,3.0,3.0,4.666666666666667,1.0,0.0,1.0,3 palabras
no te gusta pasear,tú pasear gustar no,18.0,4.0,4.0,3.75,1.0,19.0,4.0,4.0,4.0,1.0,0.0,1.0,4 palabras
te agrada sonreír,tú sonreír gustar,17.0,3.0,3.0,5.0,1.0,17.0,3.0,3.0,5.0,1.0,0.0,1.0,3 palabras
te desagrada sonreír,tú sonreír gustar no,20.0,3.0,3.0,6.0,1.0,20.0,4.0,4.0,4.25,1.0,-1.0,1.3333333333333333,3 palabras
les agrada el chocolate,ellos chocolate gustar,23.0,4.0,4.0,5.0,1.0,22.0,3.0,3.0,6.666666666666667,1.0,1.0,0.75,4 palabras
les desagrada el chocolate,ellos chocolate gustar no,26.0,4.0,4.0,5.75,1.0,25.0,4.0,4.0,5.5,1.0,0.0,1.0,4 palabras
les agrada el chocolate,ustedes chocolate gustar,23.0,4.0,4.0,5.0,1.0,24.0,3.0,3.0,7.333333333333333,1.0,1.0,0.75,4 palabras
les desagrada el chocolatge,ustedes chocolate gustar no,27.0,4.0,4.0,6.0,1.0,27.0,4.0,4.0,6.0,1.0,0.0,1.0,4 palabras
les gusta el chocolate,ellos chocolate gustar,22.0,4.0,4.0,4.75,1.0,22.0,3.0,3.0,6.666666666666667,1.0,1.0,0.75,4 palabras
no les gusta el chocolate,ellos chocolate gustar no,25.0,5.0,5.0,4.2,1.0,25.0,4.0,4.0,5.5,1.0,1.0,0.8,5 palabras
les agrada comer helado,ellos comer helado gustar,23.0,4.0,4.0,5.0,1.0,25.0,4.0,4.0,5.5,1.0,0.0,1.0,4 palabras
no les agrada comer helado,ellos comer helado gustar no,26.0,5.0,5.0,4.4,1.0,28.0,5.0,5.0,4.8,1.0,0.0,1.0,5 palabras
les gusta comer helado,ellos comer helado gustar,22.0,4.0,4.0,4.75,1.0,25.0,4.0,4.0,5.5,1.0,0.0,1.0,4 palabras
no les gusta comer helado,ellos comer helado gustar no,25.0,5.0,5.0,4.2,1.0,28.0,5.0,5.0,4.8,1.0,0.0,1.0,5 palabras
les gusta leer,ustedes leer gustar,14.0,3.0,3.0,4.0,1.0,19.0,3.0,3.0,5.666666666666667,1.0,0.0,1.0,3 palabras
no les gusta leer,ustedes leer gustar no,17.0,4.0,4.0,3.5,1.0,22.0,4.0,4.0,4.75,1.0,0.0,1.0,4 palabras
les agrada leer,ellos leer gustar,15.0,3.0,3.0,4.333333333333333,1.0,17.0,3.0,3.0,5.0,1.0,0.0,1.0,3 palabras
les gusta leer,ellos leer gustar,14.0,3.0,3.0,4.0,1.0,17.0,3.0,3.0,5.0,1.0,0.0,1.0,3 palabras
no les agrada leer,ellos leer gustar no,18.0,4.0,4.0,3.75,1.0,20.0,4.0,4.0,4.25,1.0,0.0,1.0,4 palabras
les gusta leer,ustedes leer gustar,14.0,3.0,3.0,4.0,1.0,19.0,3.0,3.0,5.666666666666667,1.0,0.0,1.0,3 palabras
no les gusta leer,ustedes leer gustar no,17.0,4.0,4.0,3.5,1.0,22.0,4.0,4.0,4.75,1.0,0.0,1.0,4 palabras
me gusta caminar,yo caminar gustar,16.0,3.0,3.0,4.666666666666667,1.0,17.0,3.0,3.0,5.0,1.0,0.0,1.0,3 palabras
no me gusta caminar,yo caminar gustar no,19.0,4.0,4.0,4.0,1.0,20.0,4.0,4.0,4.25,1.0,0.0,1.0,4 palabras
me agrada caminar,yo caminar gustar,17.0,3.0,3.0,5.0,1.0,17.0,3.0,3.0,5.0,1.0,0.0,1.0,3 palabras
me desagrada caminar,yo caminar gustar no,20.0,3.0,3.0,6.0,1.0,20.0,4.0,4.0,4.25,1.0,-1.0,1.3333333333333333,3 palabras
te agrada caminar,tú caminar gustar,17.0,3.0,3.0,5.0,1.0,17.0,3.0,3.0,5.0,1.0,0.0,1.0,3 palabras
te desagrada caminar,tú caminar gustar no,20.0,3.0,3.0,6.0,1.0,20.0,4.0,4.0,4.25,1.0,-1.0,1.3333333333333333,3 palabras
te gusta caminar,tú caminar gustar,16.0,3.0,3.0,4.666666666666667,1.0,17.0,3.0,3.0,5.0,1.0,0.0,1.0,3 palabras
no te gusta caminar,tú caminar gustar no,19.0,4.0,4.0,4.0,1.0,20.0,4.0,4.0,4.25,1.0,0.0,1.0,4 palabras
te agrada caminar,tú caminar gustar,17.0,3.0,3.0,5.0,1.0,17.0,3.0,3.0,5.0,1.0,0.0,1.0,3 palabras
te desagrada caminar,tú caminar gustar no,20.0,3.0,3.0,6.0,1.0,20.0,4.0,4.0,4.25,1.0,-1.0,1.3333333333333333,3 palabras
les gusta caminar,ellos caminar gustar,17.0,3.0,3.0,5.0,1.0,20.0,3.0,3.0,6.0,1.0,0.0,1.0,3 palabras
no les gusta caminar,ellos caminar gustar no,20.0,4.0,4.0,4.25,1.0,23.0,4.0,4.0,5.0,1.0,0.0,1.0,4 palabras
les agrada caminar,ustedes caminar gustar,18.0,3.0,3.0,5.333333333333333,1.0,22.0,3.0,3.0,6.666666666666667,1.0,0.0,1.0,3 palabras
les desagrada caminar,ustedes caminar gustar no,21.0,3.0,3.0,6.333333333333333,1.0,25.0,4.0,4.0,5.5,1.0,-1.0,1.3333333333333333,3 palabras
les gusta caminar,ellos caminar gustar,17.0,3.0,3.0,5.0,1.0,20.0,3.0,3.0,6.0,1.0,0.0,1.0,3 palabras
no les gusta caminar,ellos caminar gustar no,20.0,4.0,4.0,4.25,1.0,23.0,4.0,4.0,5.0,1.0,0.0,1.0,4 palabras
les gusta caminar,ustedes caminar gustar,17.0,3.0,3.0,5.0,1.0,22.0,3.0,3.0,6.666666666666667,1.0,0.0,1.0,3 palabras
no les gusta caminar,ustedes caminar gustar no,20.0,4.0,4.0,4.25,1.0,25.0,4.0,4.0,5.5,1.0,0.0,1.0,4 palabras
le agrada caminar,ella caminar gustar,17.0,3.0,3.0,5.0,1.0,19.0,3.0,3.0,5.666666666666667,1.0,0.0,1.0,3 palabras
le desagrada caminar,ella caminar gustar no,20.0,3.0,3.0,6.0,1.0,22.0,4.0,4.0,4.75,1.0,-1.0,1.3333333333333333,3 palabras
le agrada caminar,el caminar gustar,17.0,3.0,3.0,5.0,1.0,17.0,3.0,3.0,5.0,1.0,0.0,1.0,3 palabras
le desagrada caminar,el caminar gustar no,20.0,3.0,3.0,6.0,1.0,20.0,4.0,4.0,4.25,1.0,-1.0,1.3333333333333333,3 palabras
le gusta caminar,el caminar gustar,16.0,3.0,3.0,4.666666666666667,1.0,17.0,3.0,3.0,5.0,1.0,0.0,1.0,3 palabras
no les gusta caminar,el caminar gustar no,20.0,4.0,4.0,4.25,1.0,20.0,4.0,4.0,4.25,1.0,0.0,1.0,4 palabras
le gusta caminar,ella caminar gustar,16.0,3.0,3.0,4.666666666666667,1.0,19.0,3.0,3.0,5.666666666666667,1.0,0.0,1.0,3 palabras
no le gusta caminar,ella caminar gustar no,19.0,4.0,4.0,4.0,1.0,22.0,4.0,4.0,4.75,1.0,0.0,1.0,4 palabras
le gusta correr,el correr gustar,15.0,3.0,3.0,4.333333333333333,1.0,16.0,3.0,3.0,4.666666666666667,1.0,0.0,1.0,3 palabras
no les gusta correr,el correr gustar no,19.0,4.0,4.0,4.0,1.0,19.0,4.0,4.0,4.0,1.0,0.0,1.0,4 palabras
le gusta correr,ella correr gustar,15.0,3.0,3.0,4.333333333333333,1.0,18.0,3.0,3.0,5.333333333333333,1.0,0.0,1.0,3 palabras
te gusta reír,tú reír gustar,13.0,3.0,3.0,3.6666666666666665,1.0,14.0,3.0,3.0,4.0,1.0,0.0,1.0,3 palabras
no te gusta reír,tú reír gustar no,16.0,4.0,4.0,3.25,1.0,17.0,4.0,4.0,3.5,1.0,0.0,1.0,4 palabras
les gusta reír,ellos reír gustar,14.0,3.0,3.0,4.0,1.0,17.0,3.0,3.0,5.0,1.0,0.0,1.0,3 palabras
no les gusta reír,ellos reír gustar no,17.0,4.0,4.0,3.5,1.0,20.0,4.0,4.0,4.25,1.0,0.0,1.0,4 palabras
les gusta sonreír,ellos sonreír gustar,17.0,3.0,3.0,5.0,1.0,20.0,3.0,3.0,6.0,1.0,0.0,1.0,3 palabras
no les gusta sonreír,ellos sonreír gustar no,20.0,4.0,4.0,4.25,1.0,23.0,4.0,4.0,5.0,1.0,0.0,1.0,4 palabras
te gusta sonreír,tú sonreír gustar,16.0,3.0,3.0,4.666666666666667,1.0,17.0,3.0,3.0,5.0,1.0,0.0,1.0,3 palabras
no te gusta sonreír,tú sonreír gustar no,19.0,4.0,4.0,4.0,1.0,20.0,4.0,4.0,4.25,1.0,0.0,1.0,4 palabras
le gusta reír,ella reír gustar,13.0,3.0,3.0,3.6666666666666665,1.0,16.0,3.0,3.0,4.666666666666667,1.0,0.0,1.0,3 palabras
no le gusta reír,ella reír gustar no,16.0,4.0,4.0,3.25,1.0,19.0,4.0,4.0,4.0,1.0,0.0,1.0,4 palabras
le gusta sonreír,el sonreír gustar,16.0,3.0,3.0,4.666666666666667,1.0,17.0,3.0,3.0,5.0,1.0,0.0,1.0,3 palabras
no le gusta sonreír,el sonreír gustar no,19.0,4.0,4.0,4.0,1.0,20.0,4.0,4.0,4.25,1.0,0.0,1.0,4 palabras
le gusta sonreír,ella sonreír gustar,16.0,3.0,3.0,4.666666666666667,1.0,19.0,3.0,3.0,5.666666666666667,1.0,0.0,1.0,3 palabras
no le gusta sonreir,el sonreír gustar no,19.0,4.0,4.0,4.0,1.0,20.0,4.0,4.0,4.25,1.0,0.0,1.0,4 palabras
le gusta reír,el reír gustar,13.0,3.0,3.0,3.6666666666666665,1.0,14.0,3.0,3.0,4.0,1.0,0.0,1.0,3 palabras
no le gusta reír,el reír gustar no,16.0,4.0,4.0,3.25,1.0,17.0,4.0,4.0,3.5,1.0,0.0,1.0,4 palabras
te gusta el café,tú café gustar,16.0,4.0,4.0,3.25,1.0,14.0,3.0,3.0,4.0,1.0,1.0,0.75,4 palabras
me gusta el café,yo café gustar,16.0,4.0,4.0,3.25,1.0,14.0,3.0,3.0,4.0,1.0,1.0,0.75,4 palabras
le gusta el café,ella café gustar,16.0,4.0,4.0,3.25,1.0,16.0,3.0,3.0,4.666666666666667,1.0,1.0,0.75,4 palabras
le gusta el café,él café gustar,16.0,4.0,4.0,3.25,1.0,14.0,3.0,3.0,4.0,1.0,1.0,0.75,4 palabras
les gusta el café,ellos café gustar,17.0,4.0,4.0,3.5,1.0,17.0,3.0,3.0,5.0,1.0,1.0,0.75,4 palabras
les gusta el café,ellas café gustar,17.0,4.0,4.0,3.5,1.0,17.0,3.0,3.0,5.0,1.0,1.0,0.75,4 palabras
les gusta el café,ustedes café gustar,17.0,4.0,4.0,3.5,1.0,19.0,3.0,3.0,5.666666666666667,1.0,1.0,0.75,4 palabras
nos gusta el café,nosotros café gustar,17.0,4.0,4.0,3.5,1.0,20.0,3.0,3.0,6.0,1.0,1.0,0.75,4 palabras
no te gusta el café,tú café gustar no,19.0,5.0,5.0,3.0,1.0,17.0,4.0,4.0,3.5,1.0,1.0,0.8,5 palabras
no me gusta el café,yo café gustar no,19.0,5.0,5.0,3.0,1.0,17.0,4.0,4.0,3.5,1.0,1.0,0.8,5 palabras
no le gusta el café,él café gustar no,19.0,5.0,5.0,3.0,1.0,17.0,4.0,4.0,3.5,1.0,1.0,0.8,5 palabras
no les gusta el café,ellos café gustar no,20.0,5.0,5.0,3.2,1.0,20.0,4.0,4.0,4.25,1.0,1.0,0.8,5 palabras
no les gusta el café,ellas café gustar no,20.0,5.0,5.0,3.2,1.0,20.0,4.0,4.0,4.25,1.0,1.0,0.8,5 palabras
no les gusta el café,ustedes café gustar no,20.0,5.0,5.0,3.2,1.0,22.0,4.0,4.0,4.75,1.0,1.0,0.8,5 palabras
nos gusta el café,nosotros café gustar no,17.0,4.0,4.0,3.5,1.0,23.0,4.0,4.0,5.0,1.0,0.0,1.0,4 palabras
a mi mamá le gusta el café,mamá mía café gustar,26.0,7.0,7.0,2.857142857142857,1.0,20.0,4.0,4.0,4.25,1.0,3.0,0.5714285714285714,≥7 palabras
a mi mamá no le gusta el café,mamá mía café gustar no,29.0,8.0,8.0,2.75,1.0,23.0,5.0,5.0,3.8,1.0,3.0,0.625,≥7 palabras
a mi papá le gusta el café,papá mío café gustar,26.0,7.0,7.0,2.857142857142857,1.0,20.0,4.0,4.0,4.25,1.0,3.0,0.5714285714285714,≥7 palabras
a mi papá no le gusta el café,papá mío café gustar no,29.0,8.0,8.0,2.75,1.0,23.0,5.0,5.0,3.8,1.0,3.0,0.625,≥7 palabras
a mi hermano no le gusta el café,hermano mío café gustar no,32.0,8.0,8.0,3.125,1.0,26.0,5.0,5.0,4.4,1.0,3.0,0.625,≥7 palabras
a mi hermano le gusta el café,hermano mío café gustar,29.0,7.0,7.0,3.2857142857142856,1.0,23.0,4.0,4.0,5.0,1.0,3.0,0.5714285714285714,≥7 palabras
a mi hermana no le gusta el café,hermano mujer mía café gustar no,32.0,8.0,8.0,3.125,1.0,32.0,6.0,6.0,4.5,1.0,2.0,0.75,≥7 palabras
a mi hermano le gusta el café,hermano mío café gustar,29.0,7.0,7.0,3.2857142857142856,1.0,23.0,4.0,4.0,5.0,1.0,3.0,0.5714285714285714,≥7 palabras
a mi prima le gusta el café,primo mujer mía café gustar,27.0,7.0,7.0,3.0,1.0,27.0,5.0,5.0,4.6,1.0,2.0,0.7142857142857143,≥7 palabras
a mi primo no le gusta el café,primo mío café gustar no,30.0,8.0,8.0,2.875,1.0,24.0,5.0,5.0,4.0,1.0,3.0,0.625,≥7 palabras
a mi tía le gusta el café,tío mujer mía café gustar,25.0,7.0,7.0,2.7142857142857144,1.0,25.0,5.0,5.0,4.2,1.0,2.0,0.7142857142857143,≥7 palabras
a mi tía no le gusta el café,tío mujer mía café gustar no,28.0,8.0,8.0,2.625,1.0,28.0,6.0,6.0,3.8333333333333335,1.0,2.0,0.75,≥7 palabras
a mi tío no le gusta el café,tío mío café gustar no,28.0,8.0,8.0,2.625,1.0,22.0,5.0,5.0,3.6,1.0,3.0,0.625,≥7 palabras
a mi tío le gusta el café,tío mío café gustar,25.0,7.0,7.0,2.7142857142857144,1.0,19.0,4.0,4.0,4.0,1.0,3.0,0.5714285714285714,≥7 palabras
a mi abuelo le gusta el café,abuelo mío café gustar,28.0,7.0,7.0,3.142857142857143,1.0,22.0,4.0,4.0,4.75,1.0,3.0,0.5714285714285714,≥7 palabras
a mi abuelo no le gusta el café,abuelo mío café gustar no,31.0,8.0,8.0,3.0,1.0,25.0,5.0,5.0,4.2,1.0,3.0,0.625,≥7 palabras
a mi abuela no le gusta el café,abuelo mujer mía café gustar no,31.0,8.0,8.0,3.0,1.0,31.0,6.0,6.0,4.333333333333333,1.0,2.0,0.75,≥7 palabras
a mi abuela le gusta el café,abuelo mujer mía café gustar,28.0,7.0,7.0,3.142857142857143,1.0,28.0,5.0,5.0,4.8,1.0,2.0,0.7142857142857143,≥7 palabras
a tu mamá le gusta el café,mamá tuya café gustar,26.0,7.0,7.0,2.857142857142857,1.0,21.0,4.0,4.0,4.5,1.0,3.0,0.5714285714285714,≥7 palabras
a tu mamá no le gusta el café,mamá tuya café gustar no,29.0,8.0,8.0,2.75,1.0,24.0,5.0,5.0,4.0,1.0,3.0,0.625,≥7 palabras
a tu papá le gusta el café,papá tuyo café gustar,26.0,7.0,7.0,2.857142857142857,1.0,21.0,4.0,4.0,4.5,1.0,3.0,0.5714285714285714,≥7 palabras
a tu papá no le gusta el café,papá tuyo café gustar no,29.0,8.0,8.0,2.75,1.0,24.0,5.0,5.0,4.0,1.0,3.0,0.625,≥7 palabras
a tu hermano no le gusta el café,hermano tuyo café gustar no,32.0,8.0,8.0,3.125,1.0,27.0,5.0,5.0,4.6,1.0,3.0,0.625,≥7 palabras
a tu hermano le gusta el café,hermano tuyo café gustar,29.0,7.0,7.0,3.2857142857142856,1.0,24.0,4.0,4.0,5.25,1.0,3.0,0.5714285714285714,≥7 palabras
a tu hermana no le gusta el café,hermano mujer tuya café gustar no,32.0,8.0,8.0,3.125,1.0,33.0,6.0,6.0,4.666666666666667,1.0,2.0,0.75,≥7 palabras
a tu hermano le gusta el café,hermano tuyo café gustar,29.0,7.0,7.0,3.2857142857142856,1.0,24.0,4.0,4.0,5.25,1.0,3.0,0.5714285714285714,≥7 palabras
a tu prima le gusta el café,primo mujer tuya café gustar,27.0,7.0,7.0,3.0,1.0,28.0,5.0,5.0,4.8,1.0,2.0,0.7142857142857143,≥7 palabras
a tu primo no le gusta el café,primo tuyo café gustar no,30.0,8.0,8.0,2.875,1.0,25.0,5.0,5.0,4.2,1.0,3.0,0.625,≥7 palabras
a tu tía le gusta el café,tío mujer tuya café gustar,25.0,7.0,7.0,2.7142857142857144,1.0,26.0,5.0,5.0,4.4,1.0,2.0,0.7142857142857143,≥7 palabras
a tu tía no le gusta el café,tío mujer tuya café gustar no,28.0,8.0,8.0,2.625,1.0,29.0,6.0,6.0,4.0,1.0,2.0,0.75,≥7 palabras
a tu tío no le gusta el café,tío tuyo café gustar no,28.0,8.0,8.0,2.625,1.0,23.0,5.0,5.0,3.8,1.0,3.0,0.625,≥7 palabras
a tu tío le gusta el café,tío tuyo café gustar,25.0,7.0,7.0,2.7142857142857144,1.0,20.0,4.0,4.0,4.25,1.0,3.0,0.5714285714285714,≥7 palabras
a tu abuelo le gusta el café,abuelo tuyo café gustar,28.0,7.0,7.0,3.142857142857143,1.0,23.0,4.0,4.0,5.0,1.0,3.0,0.5714285714285714,≥7 palabras
a tu abuelo no le gusta el café,abuelo tuyo café gustar no,31.0,8.0,8.0,3.0,1.0,26.0,5.0,5.0,4.4,1.0,3.0,0.625,≥7 palabras
a tu abuela no le gusta el café,abuelo mujer tuya café gustar no,31.0,8.0,8.0,3.0,1.0,32.0,6.0,6.0,4.5,1.0,2.0,0.75,≥7 palabras
a tu abuela le gusta el café,abuelo mujer tuya café gustar,28.0,7.0,7.0,3.142857142857143,1.0,29.0,5.0,5.0,5.0,1.0,2.0,0.7142857142857143,≥7 palabras
te gusta pasear,tu pasear gustar,15.0,3.0,3.0,4.333333333333333,1.0,16.0,3.0,3.0,4.666666666666667,1.0,0.0,1.0,3 palabras
nos gusta la música clásica,nosotros música clásica gustar,27.0,5.0,5.0,4.6,1.0,30.0,4.0,4.0,6.75,1.0,1.0,0.8,5 palabras
no nos gusta la música clásica,nosotros música clásica gustar no,30.0,6.0,6.0,4.166666666666667,1.0,33.0,5.0,5.0,5.8,1.0,1.0,0.8333333333333334,6 palabras
nos agrada la música clásica,nosotros música clásica gustar,28.0,5.0,5.0,4.8,1.0,30.0,4.0,4.0,6.75,1.0,1.0,0.8,5 palabras
nos desagrada la música clásica,nosotros música clásica gustar no,31.0,5.0,5.0,5.4,1.0,33.0,5.0,5.0,5.8,1.0,0.0,1.0,5 palabras
nos agrada platicar,nosotros platicar gustar,19.0,3.0,3.0,5.666666666666667,1.0,24.0,3.0,3.0,7.333333333333333,1.0,0.0,1.0,3 palabras
nos desagrada platicar,nosotros platicar gustar no,22.0,3.0,3.0,6.666666666666667,1.0,27.0,4.0,4.0,6.0,1.0,-1.0,1.3333333333333333,3 palabras
nos gusta platicar,nosotros platicar gustar,18.0,3.0,3.0,5.333333333333333,1.0,24.0,3.0,3.0,7.333333333333333,1.0,0.0,1.0,3 palabras
no nos gusta platicar,nosotros platicar gustar no,21.0,4.0,4.0,4.5,1.0,27.0,4.0,4.0,6.0,1.0,0.0,1.0,4 palabras
nos agrada reír,nosotros reír agradar,15.0,3.0,3.0,4.333333333333333,1.0,21.0,3.0,3.0,6.333333333333333,1.0,0.0,1.0,3 palabras
no nos agrada reír,nosotros reír gustar no,18.0,4.0,4.0,3.75,1.0,23.0,4.0,4.0,5.0,1.0,0.0,1.0,4 palabras
nos gusta reír,nosotros reír gustar,14.0,3.0,3.0,4.0,1.0,20.0,3.0,3.0,6.0,1.0,0.0,1.0,3 palabras
no nos gusta reír,nosotros reír gustar no,17.0,4.0,4.0,3.5,1.0,23.0,4.0,4.0,5.0,1.0,0.0,1.0,4 palabras
nos gusta caminar,nosotros caminar gustar,17.0,3.0,3.0,5.0,1.0,23.0,3.0,3.0,7.0,1.0,0.0,1.0,3 palabras
nos agrada caminar,nosotros caminar gustar,18.0,3.0,3.0,5.333333333333333,1.0,23.0,3.0,3.0,7.0,1.0,0.0,1.0,3 palabras
nos desagrada caminar,nosotros caminar gustar no,21.0,3.0,3.0,6.333333333333333,1.0,26.0,4.0,4.0,5.75,1.0,-1.0,1.3333333333333333,3 palabras
nos gusta pasear,nosotros pasear gustar,16.0,3.0,3.0,4.666666666666667,1.0,22.0,3.0,3.0,6.666666666666667,1.0,0.0,1.0,3 palabras
no nos gusta pasear,nosotros pasear gustar no,19.0,4.0,4.0,4.0,1.0,25.0,4.0,4.0,5.5,1.0,0.0,1.0,4 palabras
les gusta platicar,ustedes platicar gustar,18.0,3.0,3.0,5.333333333333333,1.0,23.0,3.0,3.0,7.0,1.0,0.0,1.0,3 palabras
les gusta platicar,ellos platicar gustar,18.0,3.0,3.0,5.333333333333333,1.0,21.0,3.0,3.0,6.333333333333333,1.0,0.0,1.0,3 palabras
el niño juega a la pelota,niño pelota jugar,25.0,6.0,6.0,3.3333333333333335,1.0,17.0,3.0,3.0,5.0,1.0,3.0,0.5,6 palabras
los niños juegan a la pelota,niño ellos pelota jugar,28.0,6.0,6.0,3.8333333333333335,1.0,23.0,4.0,4.0,5.0,1.0,2.0,0.6666666666666666,6 palabras
las niñas construyen una casa,niño mujer ellas casa construir,29.0,5.0,5.0,5.0,1.0,31.0,5.0,5.0,5.4,1.0,0.0,1.0,5 palabras
mi mamá usa la lavadora,mamá mía lavadora usar,23.0,5.0,5.0,3.8,1.0,22.0,4.0,4.0,4.75,1.0,1.0,0.8,5 palabras
a mi abuela le gusta cocinar,abuelo mujer mía cocinar gustar,28.0,6.0,6.0,3.8333333333333335,1.0,31.0,5.0,5.0,5.4,1.0,1.0,0.8333333333333334,6 palabras
a mi abuela no le gusta cocinar,abuelo mujer mía cocinar gustar no,31.0,7.0,7.0,3.5714285714285716,1.0,34.0,6.0,6.0,4.833333333333333,1.0,1.0,0.8571428571428571,≥7 palabras
a mi mamá le gusta leer,mamá mía leer gustar,23.0,6.0,6.0,3.0,1.0,20.0,4.0,4.0,4.25,1.0,2.0,0.6666666666666666,6 palabras
a mi mamá no le gusta leer,mamá mía leer gustar no,26.0,7.0,7.0,2.857142857142857,1.0,23.0,5.0,5.0,3.8,1.0,2.0,0.7142857142857143,≥7 palabras
a mi mamá le agrada leer,mamá mía leer gustar,24.0,6.0,6.0,3.1666666666666665,1.0,20.0,4.0,4.0,4.25,1.0,2.0,0.6666666666666666,6 palabras
a mi mamá le gusta platicar,mamá mía platicar gustar,27.0,6.0,6.0,3.6666666666666665,1.0,24.0,4.0,4.0,5.25,1.0,2.0,0.6666666666666666,6 palabras
a mi mamá no le gusta platicar,mamá mía platicar gustar no,30.0,7.0,7.0,3.4285714285714284,1.0,27.0,5.0,5.0,4.6,1.0,2.0,0.7142857142857143,≥7 palabras
a mi mamá le agrada platicar,mamá mía platicar gustar,28.0,6.0,6.0,3.8333333333333335,1.0,24.0,4.0,4.0,5.25,1.0,2.0,0.6666666666666666,6 palabras
a mi mamá no le agrada platicar,mamá mía platicar gustar no,31.0,7.0,7.0,3.5714285714285716,1.0,27.0,5.0,5.0,4.6,1.0,2.0,0.7142857142857143,≥7 palabras
manzana,manzana,7.0,1.0,1.0,7.0,1.0,7.0,1.0,1.0,7.0,1.0,0.0,1.0,1 palabra
manzanas,manzana,8.0,1.0,1.0,8.0,1.0,7.0,1.0,1.0,7.0,1.0,0.0,1.0,1 palabra
las manzanas,manzana+manzana+manzana,12.0,2.0,2.0,5.5,1.0,23.0,3.0,1.0,7.0,0.3333333333333333,-1.0,1.5,2 palabras
muchas manzanas,manzana muchas,15.0,2.0,2.0,7.0,1.0,14.0,2.0,2.0,6.5,1.0,0.0,1.0,2 palabras
pocas manzanas,manzana pocas,14.0,2.0,2.0,6.5,1.0,13.0,2.0,2.0,6.0,1.0,0.0,1.0,2 palabras
algunas manzanas,manzana algunas,16.0,2.0,2.0,7.5,1.0,15.0,2.0,2.0,7.0,1.0,0.0,1.0,2 palabras
árbol,árbol,5.0,1.0,1.0,5.0,1.0,5.0,1.0,1.0,5.0,1.0,0.0,1.0,1 palabra
árboles,árbol+árbol+árbol,7.0,1.0,1.0,7.0,1.0,17.0,3.0,1.0,5.0,0.3333333333333333,-2.0,3.0,1 palabra
los arboles son verdes,árbol+árbol+árbol verdes,22.0,4.0,4.0,4.75,1.0,24.0,4.0,2.0,5.25,0.5,0.0,1.0,4 palabras
los árboles,árbol+árbol+árbol,11.0,2.0,2.0,5.0,1.0,17.0,3.0,1.0,5.0,0.3333333333333333,-1.0,1.5,2 palabras
muchos árboles,árbol muchos,14.0,2.0,2.0,6.5,1.0,12.0,2.0,2.0,5.5,1.0,0.0,1.0,2 palabras
algunos árboles,árbol algunos,15.0,2.0,2.0,7.0,1.0,13.0,2.0,2.0,6.0,1.0,0.0,1.0,2 palabras
pocos árboles,árbol poco,13.0,2.0,2.0,6.0,1.0,10.0,2.0,2.0,4.5,1.0,0.0,1.0,2 palabras
auto,auto,4.0,1.0,1.0,4.0,1.0,4.0,1.0,1.0,4.0,1.0,0.0,1.0,1 palabra
los autos,auto cl+cl+cl,9.0,2.0,2.0,4.0,1.0,13.0,4.0,2.0,2.5,0.5,-2.0,2.0,2 palabras
autos,auto cl+cl+cl,5.0,1.0,1.0,5.0,1.0,13.0,4.0,2.0,2.5,0.5,-3.0,4.0,1 palabra
muchos autos,auto muchos,12.0,2.0,2.0,5.5,1.0,11.0,2.0,2.0,5.0,1.0,0.0,1.0,2 palabras
pocos autos,auto pocos,11.0,2.0,2.0,5.0,1.0,10.0,2.0,2.0,4.5,1.0,0.0,1.0,2 palabras
algunos autos,auto algunos,13.0,2.0,2.0,6.0,1.0,12.0,2.0,2.0,5.5,1.0,0.0,1.0,2 palabras
los esposos,esposo ellos,11.0,2.0,2.0,5.0,1.0,12.0,2.0,2.0,5.5,1.0,0.0,1.0,2 palabras
muchos esposos,esposo muchos,14.0,2.0,2.0,6.5,1.0,13.0,2.0,2.0,6.0,1.0,0.0,1.0,2 palabras
algunos esposos,esposo algunos,15.0,2.0,2.0,7.0,1.0,14.0,2.0,2.0,6.5,1.0,0.0,1.0,2 palabras
pocos esposos,esposo pocos,13.0,2.0,2.0,6.0,1.0,12.0,2.0,2.0,5.5,1.0,0.0,1.0,2 palabras
esposo,esposo,6.0,1.0,1.0,6.0,1.0,6.0,1.0,1.0,6.0,1.0,0.0,1.0,1 palabra
esposa,esposo mujer,6.0,1.0,1.0,6.0,1.0,12.0,2.0,2.0,5.5,1.0,-1.0,2.0,1 palabra
mujer,mujer,5.0,1.0,1.0,5.0,1.0,5.0,1.0,1.0,5.0,1.0,0.0,1.0,1 palabra
mujeres,mujer ellas,7.0,1.0,1.0,7.0,1.0,11.0,2.0,2.0,5.0,1.0,-1.0,2.0,1 palabra
las mujeres,mujer ellas,11.0,2.0,2.0,5.0,1.0,11.0,2.0,2.0,5.0,1.0,0.0,1.0,2 palabras
muchas mujeres,mujer muchas,14.0,2.0,2.0,6.5,1.0,12.0,2.0,2.0,5.5,1.0,0.0,1.0,2 palabras
pocas mujeres,mujer pocas,13.0,2.0,2.0,6.0,1.0,11.0,2.0,2.0,5.0,1.0,0.0,1.0,2 palabras
algunas mujeres,mujer algunas,15.0,2.0,2.0,7.0,1.0,13.0,2.0,2.0,6.0,1.0,0.0,1.0,2 palabras
hombre,hombre,6.0,1.0,1.0,6.0,1.0,6.0,1.0,1.0,6.0,1.0,0.0,1.0,1 palabra
los hombres,hombre ellos,11.0,2.0,2.0,5.0,1.0,12.0,2.0,2.0,5.5,1.0,0.0,1.0,2 palabras
hombres,hombre ellos,7.0,1.0,1.0,7.0,1.0,12.0,2.0,2.0,5.5,1.0,-1.0,2.0,1 palabra
muchos hombres,hombre muchos,14.0,2.0,2.0,6.5,1.0,13.0,2.0,2.0,6.0,1.0,0.0,1.0,2 palabras
pocos hombres,hombre pocos,13.0,2.0,2.0,6.0,1.0,12.0,2.0,2.0,5.5,1.0,0.0,1.0,2 palabras
algunos hombres,hombre algunos,15.0,2.0,2.0,7.0,1.0,14.0,2.0,2.0,6.5,1.0,0.0,1.0,2 palabras
niño,niño,4.0,1.0,1.0,4.0,1.0,4.0,1.0,1.0,4.0,1.0,0.0,1.0,1 palabra
los niños,niño ellos,9.0,2.0,2.0,4.0,1.0,10.0,2.0,2.0,4.5,1.0,0.0,1.0,2 palabras
muchos niños,niño muchos,12.0,2.0,2.0,5.5,1.0,11.0,2.0,2.0,5.0,1.0,0.0,1.0,2 palabras
pocos niños,niño pocos,11.0,2.0,2.0,5.0,1.0,10.0,2.0,2.0,4.5,1.0,0.0,1.0,2 palabras
algunos niños,niño algunos,13.0,2.0,2.0,6.0,1.0,12.0,2.0,2.0,5.5,1.0,0.0,1.0,2 palabras
niños,hombre ellos,5.0,1.0,1.0,5.0,1.0,12.0,2.0,2.0,5.5,1.0,-1.0,2.0,1 palabra
las niñas,niña mujer ellas,9.0,2.0,2.0,4.0,1.0,16.0,3.0,3.0,4.666666666666667,1.0,-1.0,1.5,2 palabras
niña,niño mujer,4.0,1.0,1.0,4.0,1.0,10.0,2.0,2.0,4.5,1.0,-1.0,2.0,1 palabra
niñas,niño mujer ellas,5.0,1.0,1.0,5.0,1.0,16.0,3.0,3.0,4.666666666666667,1.0,-2.0,3.0,1 palabra
hijo,hijo,4.0,1.0,1.0,4.0,1.0,4.0,1.0,1.0,4.0,1.0,0.0,1.0,1 palabra
hijos,hijo ellos,5.0,1.0,1.0,5.0,1.0,10.0,2.0,2.0,4.5,1.0,-1.0,2.0,1 palabra
hija,hijo mujer,4.0,1.0,1.0,4.0,1.0,10.0,2.0,2.0,4.5,1.0,-1.0,2.0,1 palabra
hijas,hijo mujer ellas,5.0,1.0,1.0,5.0,1.0,16.0,3.0,3.0,4.666666666666667,1.0,-2.0,3.0,1 palabra
novio,novio,5.0,1.0,1.0,5.0,1.0,5.0,1.0,1.0,5.0,1.0,0.0,1.0,1 palabra
novios,novio ellos,6.0,1.0,1.0,6.0,1.0,11.0,2.0,2.0,5.0,1.0,-1.0,2.0,1 palabra
novia,novio mujer,5.0,1.0,1.0,5.0,1.0,11.0,2.0,2.0,5.0,1.0,-1.0,2.0,1 palabra
novias,novio mujer ellas,6.0,1.0,1.0,6.0,1.0,17.0,3.0,3.0,5.0,1.0,-2.0,3.0,1 palabra
tío,tío,3.0,1.0,1.0,3.0,1.0,3.0,1.0,1.0,3.0,1.0,0.0,1.0,1 palabra
tíos,tío ellos,4.0,1.0,1.0,4.0,1.0,9.0,2.0,2.0,4.0,1.0,-1.0,2.0,1 palabra
tía,tío mujer,3.0,1.0,1.0,3.0,1.0,9.0,2.0,2.0,4.0,1.0,-1.0,2.0,1 palabra
tías,tío mujer ellas,4.0,1.0,1.0,4.0,1.0,15.0,3.0,3.0,4.333333333333333,1.0,-2.0,3.0,1 palabra
suegro,suegro,6.0,1.0,1.0,6.0,1.0,6.0,1.0,1.0,6.0,1.0,0.0,1.0,1 palabra
suegros,suegro ellos,7.0,1.0,1.0,7.0,1.0,12.0,2.0,2.0,5.5,1.0,-1.0,2.0,1 palabra
suegra,suegro mujer,6.0,1.0,1.0,6.0,1.0,12.0,2.0,2.0,5.5,1.0,-1.0,2.0,1 palabra
suegras,suegro mujer ellas,7.0,1.0,1.0,7.0,1.0,18.0,3.0,3.0,5.333333333333333,1.0,-2.0,3.0,1 palabra
hermano,hermano,7.0,1.0,1.0,7.0,1.0,7.0,1.0,1.0,7.0,1.0,0.0,1.0,1 palabra
hermanos,hermano ellos,8.0,1.0,1.0,8.0,1.0,13.0,2.0,2.0,6.0,1.0,-1.0,2.0,1 palabra
hermana,hermano mujer,7.0,1.0,1.0,7.0,1.0,13.0,2.0,2.0,6.0,1.0,-1.0,2.0,1 palabra
hermanas,hermano mujer ellas,8.0,1.0,1.0,8.0,1.0,19.0,3.0,3.0,5.666666666666667,1.0,-2.0,3.0,1 palabra
primo,primo,5.0,1.0,1.0,5.0,1.0,5.0,1.0,1.0,5.0,1.0,0.0,1.0,1 palabra
primos,primo ellos,6.0,1.0,1.0,6.0,1.0,11.0,2.0,2.0,5.0,1.0,-1.0,2.0,1 palabra
prima,primo mujer,5.0,1.0,1.0,5.0,1.0,11.0,2.0,2.0,5.0,1.0,-1.0,2.0,1 palabra
primas,primo mujer ellas,6.0,1.0,1.0,6.0,1.0,17.0,3.0,3.0,5.0,1.0,-2.0,3.0,1 palabra
abuelo,abuelo,6.0,1.0,1.0,6.0,1.0,6.0,1.0,1.0,6.0,1.0,0.0,1.0,1 palabra
abuelos,abuelo ellos,7.0,1.0,1.0,7.0,1.0,12.0,2.0,2.0,5.5,1.0,-1.0,2.0,1 palabra
abuela,abuelo mujer,6.0,1.0,1.0,6.0,1.0,12.0,2.0,2.0,5.5,1.0,-1.0,2.0,1 palabra
abuelas,abuelo mujer ellas,7.0,1.0,1.0,7.0,1.0,18.0,3.0,3.0,5.333333333333333,1.0,-2.0,3.0,1 palabra
sobrino,sobrino,7.0,1.0,1.0,7.0,1.0,7.0,1.0,1.0,7.0,1.0,0.0,1.0,1 palabra
sobrinos,sobrino ellos,8.0,1.0,1.0,8.0,1.0,13.0,2.0,2.0,6.0,1.0,-1.0,2.0,1 palabra
sobrina,sobrino mujer,7.0,1.0,1.0,7.0,1.0,13.0,2.0,2.0,6.0,1.0,-1.0,2.0,1 palabra
sobrinas,sobrino mujer ellas,8.0,1.0,1.0,8.0,1.0,19.0,3.0,3.0,5.666666666666667,1.0,-2.0,3.0,1 palabra
perro,perro,5.0,1.0,1.0,5.0,1.0,5.0,1.0,1.0,5.0,1.0,0.0,1.0,1 palabra
perros,perro cl+cl+cl,6.0,1.0,1.0,6.0,1.0,14.0,4.0,2.0,2.75,0.5,-3.0,4.0,1 palabra
muchos perros juegan en el parque,parque ahí muchos perros jugar,33.0,6.0,6.0,4.666666666666667,1.0,30.0,5.0,5.0,5.2,1.0,1.0,0.8333333333333334,6 palabras
pocos perros juegan en el parque,parque ahí pocos perros jugar,32.0,6.0,6.0,4.5,1.0,29.0,5.0,5.0,5.0,1.0,1.0,0.8333333333333334,6 palabras
mi perro juega con su peluche en la casa,casa ahí perro mío peluche jugar,40.0,9.0,9.0,3.5555555555555554,1.0,32.0,6.0,6.0,4.5,1.0,3.0,0.6666666666666666,≥7 palabras
tu perro juega con su peluche en la casa,casa ahí perro tuyo peluche jugar,40.0,9.0,9.0,3.5555555555555554,1.0,33.0,6.0,6.0,4.666666666666667,1.0,3.0,0.6666666666666666,≥7 palabras
hay muchos perros en la calle,calle ahí muchos perros haber,29.0,6.0,6.0,4.0,1.0,29.0,5.0,5.0,5.0,1.0,1.0,0.8333333333333334,6 palabras
no hay muchos perros en la calle,calle ahí muchos perros haber no,32.0,7.0,7.0,3.7142857142857144,1.0,32.0,6.0,6.0,4.5,1.0,1.0,0.8571428571428571,≥7 palabras
algunos perros son muy agresivos,algunos perros muy agresivos,32.0,5.0,5.0,5.6,1.0,28.0,4.0,4.0,6.25,1.0,1.0,0.8,5 palabras
los perros están asustados,perro cl+cl+cl asustados,26.0,4.0,4.0,5.75,1.0,24.0,5.0,3.0,4.0,0.6,-1.0,1.25,4 palabras
mis perros están asustados,perro cl+cl+cl míos asustados,26.0,4.0,4.0,5.75,1.0,29.0,6.0,4.0,4.0,0.6666666666666666,-2.0,1.5,4 palabras
tus perros están asustados,perro cl+cl+cl tuyos asustados,26.0,4.0,4.0,5.75,1.0,30.0,6.0,4.0,4.166666666666667,0.6666666666666666,-2.0,1.5,4 palabras
el perro gris es tuyo,perro gris tuyo,21.0,5.0,5.0,3.4,1.0,15.0,3.0,3.0,4.333333333333333,1.0,2.0,0.6,5 palabras
el perro café es tuyo,perro café tuyo,21.0,5.0,5.0,3.4,1.0,15.0,3.0,3.0,4.333333333333333,1.0,2.0,0.6,5 palabras
el perro negro es mío,perro mío negro,21.0,5.0,5.0,3.4,1.0,15.0,3.0,3.0,4.333333333333333,1.0,2.0,0.6,5 palabras
lo perros beben agua,perro cl+cl+cl agua beber,20.0,4.0,4.0,4.25,1.0,25.0,6.0,4.0,3.3333333333333335,0.6666666666666666,-2.0,1.5,4 palabras
gato,gato,4.0,1.0,1.0,4.0,1.0,4.0,1.0,1.0,4.0,1.0,0.0,1.0,1 palabra
los gatos juegan en el parque,parque ahí gato cl+cl+cl jugar,29.0,6.0,6.0,4.0,1.0,30.0,7.0,5.0,3.4285714285714284,0.7142857142857143,-1.0,1.1666666666666667,6 palabras
gatos,gato cl+cl+cl,5.0,1.0,1.0,5.0,1.0,13.0,4.0,2.0,2.5,0.5,-3.0,4.0,1 palabra
muchos gatos juegan en el parque,parque ahí muchos gatos jugar,32.0,6.0,6.0,4.5,1.0,29.0,5.0,5.0,5.0,1.0,1.0,0.8333333333333334,6 palabras
pocos gatos juegan en el parque,parque ahí pocos gatos jugar,31.0,6.0,6.0,4.333333333333333,1.0,28.0,5.0,5.0,4.8,1.0,1.0,0.8333333333333334,6 palabras
mi gato juega con su peluche en la casa,casa ahí gato mío peluche jugar,39.0,9.0,9.0,3.4444444444444446,1.0,31.0,6.0,6.0,4.333333333333333,1.0,3.0,0.6666666666666666,≥7 palabras
tu gato juega con su peluche en la casa,casa ahí gato tuyo peluche jugar,39.0,9.0,9.0,3.4444444444444446,1.0,32.0,6.0,6.0,4.5,1.0,3.0,0.6666666666666666,≥7 palabras
hay muchos gatos en la calle,calle ahí muchos gatos haber,28.0,6.0,6.0,3.8333333333333335,1.0,28.0,5.0,5.0,4.8,1.0,1.0,0.8333333333333334,6 palabras
no hay muchos gatos en la calle,calle ahí muchos gatos haber no,31.0,7.0,7.0,3.5714285714285716,1.0,31.0,6.0,6.0,4.333333333333333,1.0,1.0,0.8571428571428571,≥7 palabras
algunos gatos son muy agresivos,algunos gatos muy agresivos,31.0,5.0,5.0,5.4,1.0,27.0,4.0,4.0,6.0,1.0,1.0,0.8,5 palabras
los gatos están asustados,gato cl+cl+cl asustados,25.0,4.0,4.0,5.5,1.0,23.0,5.0,3.0,3.8,0.6,-1.0,1.25,4 palabras
mis gatos están asustados,gato cl+cl+cl míos asustados,25.0,4.0,4.0,5.5,1.0,28.0,6.0,4.0,3.8333333333333335,0.6666666666666666,-2.0,1.5,4 palabras
tus perros están asustados,gato cl+cl+cl tuyos asustados,26.0,4.0,4.0,5.75,1.0,29.0,6.0,4.0,4.0,0.6666666666666666,-2.0,1.5,4 palabras
el gato blanco es tuyo,gato blanco tuyo,22.0,5.0,5.0,3.6,1.0,16.0,3.0,3.0,4.666666666666667,1.0,2.0,0.6,5 palabras
el gato café es tuyo,gato café tuyo,20.0,5.0,5.0,3.2,1.0,14.0,3.0,3.0,4.0,1.0,2.0,0.6,5 palabras
el gato negro es mío,gato mío negro,20.0,5.0,5.0,3.2,1.0,14.0,3.0,3.0,4.0,1.0,2.0,0.6,5 palabras
lo gatos comen pescado,gato cl+cl+cl pescado comer,22.0,4.0,4.0,4.75,1.0,27.0,6.0,4.0,3.6666666666666665,0.6666666666666666,-2.0,1.5,4 palabras
casa,casa,4.0,1.0,1.0,4.0,1.0,4.0,1.0,1.0,4.0,1.0,0.0,1.0,1 palabra
casas,casa+casa+casa,5.0,1.0,1.0,5.0,1.0,14.0,3.0,1.0,4.0,0.3333333333333333,-2.0,3.0,1 palabra
muchas casas,casa muchas,12.0,2.0,2.0,5.5,1.0,11.0,2.0,2.0,5.0,1.0,0.0,1.0,2 palabras
pocas casas,casa pocas,11.0,2.0,2.0,5.0,1.0,10.0,2.0,2.0,4.5,1.0,0.0,1.0,2 palabras
algunas casas,casa algunas,13.0,2.0,2.0,6.0,1.0,12.0,2.0,2.0,5.5,1.0,0.0,1.0,2 palabras
mesa,mesa,4.0,1.0,1.0,4.0,1.0,4.0,1.0,1.0,4.0,1.0,0.0,1.0,1 palabra
las mesas,mesa+mesa+mesa,9.0,2.0,2.0,4.0,1.0,14.0,3.0,1.0,4.0,0.3333333333333333,-1.0,1.5,2 palabras
mesas,mesa+mesa+mesa,5.0,1.0,1.0,5.0,1.0,14.0,3.0,1.0,4.0,0.3333333333333333,-2.0,3.0,1 palabra
muchas mesas,mesa muchas,12.0,2.0,2.0,5.5,1.0,11.0,2.0,2.0,5.0,1.0,0.0,1.0,2 palabras
pocas mesas,mesa pocas,11.0,2.0,2.0,5.0,1.0,10.0,2.0,2.0,4.5,1.0,0.0,1.0,2 palabras
puerta,puerta,6.0,1.0,1.0,6.0,1.0,6.0,1.0,1.0,6.0,1.0,0.0,1.0,1 palabra
puertas,puerta+puerta+puerta,7.0,1.0,1.0,7.0,1.0,20.0,3.0,1.0,6.0,0.3333333333333333,-2.0,3.0,1 palabra
las puertas,puerta+puerta+puerta,11.0,2.0,2.0,5.0,1.0,20.0,3.0,1.0,6.0,0.3333333333333333,-1.0,1.5,2 palabras
muchas puertas,puerta muchas,14.0,2.0,2.0,6.5,1.0,13.0,2.0,2.0,6.0,1.0,0.0,1.0,2 palabras
pocas puertas,puerta pocas,13.0,2.0,2.0,6.0,1.0,12.0,2.0,2.0,5.5,1.0,0.0,1.0,2 palabras
algunas puertas,puerta algunas,15.0,2.0,2.0,7.0,1.0,14.0,2.0,2.0,6.5,1.0,0.0,1.0,2 palabras
ventana,ventana,7.0,1.0,1.0,7.0,1.0,7.0,1.0,1.0,7.0,1.0,0.0,1.0,1 palabra
ventanas,ventana+ventana+ventana,8.0,1.0,1.0,8.0,1.0,23.0,3.0,1.0,7.0,0.3333333333333333,-2.0,3.0,1 palabra
las ventanas,ventana+ventana+ventana,12.0,2.0,2.0,5.5,1.0,23.0,3.0,1.0,7.0,0.3333333333333333,-1.0,1.5,2 palabras
muchas ventanas,ventana muchas,15.0,2.0,2.0,7.0,1.0,14.0,2.0,2.0,6.5,1.0,0.0,1.0,2 palabras
pocas ventanas,ventana pocas,14.0,2.0,2.0,6.5,1.0,13.0,2.0,2.0,6.0,1.0,0.0,1.0,2 palabras
algunas ventanas,ventana algunas,16.0,2.0,2.0,7.5,1.0,15.0,2.0,2.0,7.0,1.0,0.0,1.0,2 palabras
silla,silla,5.0,1.0,1.0,5.0,1.0,5.0,1.0,1.0,5.0,1.0,0.0,1.0,1 palabra
sillas,silla+silla+silla,6.0,1.0,1.0,6.0,1.0,17.0,3.0,1.0,5.0,0.3333333333333333,-2.0,3.0,1 palabra
las sillas,silla+silla+silla,10.0,2.0,2.0,4.5,1.0,17.0,3.0,1.0,5.0,0.3333333333333333,-1.0,1.5,2 palabras
muchas sillas,silla muchas,13.0,2.0,2.0,6.0,1.0,12.0,2.0,2.0,5.5,1.0,0.0,1.0,2 palabras
pocas sillas,silla pocas,12.0,2.0,2.0,5.5,1.0,11.0,2.0,2.0,5.0,1.0,0.0,1.0,2 palabras
algunas sillas,silla algunas,14.0,2.0,2.0,6.5,1.0,13.0,2.0,2.0,6.0,1.0,0.0,1.0,2 palabras
lámpara,lámpara,7.0,1.0,1.0,7.0,1.0,7.0,1.0,1.0,7.0,1.0,0.0,1.0,1 palabra
lámparas,lámpara+lámpara+lámpara,8.0,1.0,1.0,8.0,1.0,23.0,3.0,1.0,7.0,0.3333333333333333,-2.0,3.0,1 palabra
muchas lámparas,lámpara muchas,15.0,2.0,2.0,7.0,1.0,14.0,2.0,2.0,6.5,1.0,0.0,1.0,2 palabras
pocas lámparas,lámpara pocas,14.0,2.0,2.0,6.5,1.0,13.0,2.0,2.0,6.0,1.0,0.0,1.0,2 palabras
algunas lámparas,lámpara algunas,16.0,2.0,2.0,7.5,1.0,15.0,2.0,2.0,7.0,1.0,0.0,1.0,2 palabras
licuadora,licuadora,9.0,1.0,1.0,9.0,1.0,9.0,1.0,1.0,9.0,1.0,0.0,1.0,1 palabra
licuadoras,licuadora+licuadora+licuadora,10.0,1.0,1.0,10.0,1.0,29.0,3.0,1.0,9.0,0.3333333333333333,-2.0,3.0,1 palabra
las licuadoras,licuadora+licuadora+licuadora,14.0,2.0,2.0,6.5,1.0,29.0,3.0,1.0,9.0,0.3333333333333333,-1.0,1.5,2 palabras
muchas licuadoras,licuadora muchas,17.0,2.0,2.0,8.0,1.0,16.0,2.0,2.0,7.5,1.0,0.0,1.0,2 palabras
pocas licuadoras,licuadora pocas,16.0,2.0,2.0,7.5,1.0,15.0,2.0,2.0,7.0,1.0,0.0,1.0,2 palabras
foco,foco,4.0,1.0,1.0,4.0,1.0,4.0,1.0,1.0,4.0,1.0,0.0,1.0,1 palabra
focos,foco+foco+foco,5.0,1.0,1.0,5.0,1.0,14.0,3.0,1.0,4.0,0.3333333333333333,-2.0,3.0,1 palabra
los focos,foco+foco+foco,9.0,2.0,2.0,4.0,1.0,14.0,3.0,1.0,4.0,0.3333333333333333,-1.0,1.5,2 palabras
muchos focos,foco muchos,12.0,2.0,2.0,5.5,1.0,11.0,2.0,2.0,5.0,1.0,0.0,1.0,2 palabras
pocos focos,foco pocos,11.0,2.0,2.0,5.0,1.0,10.0,2.0,2.0,4.5,1.0,0.0,1.0,2 palabras
lavadora,lavadora,8.0,1.0,1.0,8.0,1.0,8.0,1.0,1.0,8.0,1.0,0.0,1.0,1 palabra
lavadoras,lavadora+lavadora+lavadora,9.0,1.0,1.0,9.0,1.0,26.0,3.0,1.0,8.0,0.3333333333333333,-2.0,3.0,1 palabra
las lavadoras,lavadora+lavadora+lavadora,13.0,2.0,2.0,6.0,1.0,26.0,3.0,1.0,8.0,0.3333333333333333,-1.0,1.5,2 palabras
muchas lavadoras,lavadora muchas,16.0,2.0,2.0,7.5,1.0,15.0,2.0,2.0,7.0,1.0,0.0,1.0,2 palabras
pocas lavadoras,lavadora pocas,15.0,2.0,2.0,7.0,1.0,14.0,2.0,2.0,6.5,1.0,0.0,1.0,2 palabras
algunas lavadoras,lavadoras algunas,17.0,2.0,2.0,8.0,1.0,17.0,2.0,2.0,8.0,1.0,0.0,1.0,2 palabras
la gente,gente,8.0,2.0,2.0,3.5,1.0,5.0,1.0,1.0,5.0,1.0,1.0,0.5,2 palabras
mucha gente baila,gente mucha bailar,17.0,3.0,3.0,5.0,1.0,18.0,3.0,3.0,5.333333333333333,1.0,0.0,1.0,3 palabras
mucha gente,gente mucha,11.0,2.0,2.0,5.0,1.0,11.0,2.0,2.0,5.0,1.0,0.0,1.0,2 palabras
poca gente,gente poca,10.0,2.0,2.0,4.5,1.0,10.0,2.0,2.0,4.5,1.0,0.0,1.0,2 palabras
me gusta el color verde,yo color verde gustar,23.0,5.0,5.0,3.8,1.0,21.0,4.0,4.0,4.5,1.0,1.0,0.8,5 palabras
no me gusta el color verde,yo color verde gustar no,26.0,6.0,6.0,3.5,1.0,24.0,5.0,5.0,4.0,1.0,1.0,0.8333333333333334,6 palabras
me gusta el café caliente,yo café caliente gustar,25.0,5.0,5.0,4.2,1.0,23.0,4.0,4.0,5.0,1.0,1.0,0.8,5 palabras
no me gusta el café caliente,yo café caliente gustar no,28.0,6.0,6.0,3.8333333333333335,1.0,26.0,5.0,5.0,4.4,1.0,1.0,0.8333333333333334,6 palabras
me gusta el helado,yo helado gustar,18.0,4.0,4.0,3.75,1.0,16.0,3.0,3.0,4.666666666666667,1.0,1.0,0.75,4 palabras
no me gusta el helado,yo helado gustar no,21.0,5.0,5.0,3.4,1.0,19.0,4.0,4.0,4.0,1.0,1.0,0.8,5 palabras
me gustan las bebidas frías,yo bebidas frías gustar,27.0,5.0,5.0,4.6,1.0,23.0,4.0,4.0,5.0,1.0,1.0,0.8,5 palabras
no me gustan las bebidas frías,yo bebidas frías gustar no,30.0,6.0,6.0,4.166666666666667,1.0,26.0,5.0,5.0,4.4,1.0,1.0,0.8333333333333334,6 palabras
me gusta la pizza hawaiana,yo pizza hawaiana gustar,26.0,5.0,5.0,4.4,1.0,24.0,4.0,4.0,5.25,1.0,1.0,0.8,5 palabras
no me gusta la pizza hawaiana,yo pizza hawaiana gustar no,29.0,6.0,6.0,4.0,1.0,27.0,5.0,5.0,4.6,1.0,1.0,0.8333333333333334,6 palabras
me gusta el sabor picante,yo sabor picante gustar,25.0,5.0,5.0,4.2,1.0,23.0,4.0,4.0,5.0,1.0,1.0,0.8,5 palabras
no me gusta el sabor picante,yo sabor picante gustar no,28.0,6.0,6.0,3.8333333333333335,1.0,26.0,5.0,5.0,4.4,1.0,1.0,0.8333333333333334,6 palabras
me gusta el color morado,yo color morado gustar,24.0,5.0,5.0,4.0,1.0,22.0,4.0,4.0,4.75,1.0,1.0,0.8,5 palabras
no me gusta el color morado,yo color morado gustar no,27.0,6.0,6.0,3.6666666666666665,1.0,25.0,5.0,5.0,4.2,1.0,1.0,0.8333333333333334,6 palabras
me gusta el color rosa,yo color rosa gustar,22.0,5.0,5.0,3.6,1.0,20.0,4.0,4.0,4.25,1.0,1.0,0.8,5 palabras
no me gusta el color rosa,yo color rosa gustar no,25.0,6.0,6.0,3.3333333333333335,1.0,23.0,5.0,5.0,3.8,1.0,1.0,0.8333333333333334,6 palabras
me gusta la pizza,yo pizza gustar,17.0,4.0,4.0,3.5,1.0,15.0,3.0,3.0,4.333333333333333,1.0,1.0,0.75,4 palabras
no me gusta la pizza,yo pizza gustar no,20.0,5.0,5.0,3.2,1.0,18.0,4.0,4.0,3.75,1.0,1.0,0.8,5 palabras
yo soy distraída,yo distraída así,16.0,3.0,3.0,4.666666666666667,1.0,16.0,3.0,3.0,4.666666666666667,1.0,0.0,1.0,3 palabras
tú eres distraída,tú distraído así,17.0,3.0,3.0,5.0,1.0,16.0,3.0,3.0,4.666666666666667,1.0,0.0,1.0,3 palabras
él es distraído,él distraído así,15.0,3.0,3.0,4.333333333333333,1.0,16.0,3.0,3.0,4.666666666666667,1.0,0.0,1.0,3 palabras
somos distraídos,nosotros distraídos así,16.0,2.0,2.0,7.5,1.0,23.0,3.0,3.0,7.0,1.0,-1.0,1.5,2 palabras
ellas son distraídas,ellas distraídas así,20.0,3.0,3.0,6.0,1.0,20.0,3.0,3.0,6.0,1.0,0.0,1.0,3 palabras
ellos son distraídos,ellos distraídos así,20.0,3.0,3.0,6.0,1.0,20.0,3.0,3.0,6.0,1.0,0.0,1.0,3 palabras
ustedes son distraídos,ustedes distraídos así,22.0,3.0,3.0,6.666666666666667,1.0,22.0,3.0,3.0,6.666666666666667,1.0,0.0,1.0,3 palabras
mi mamá es distraída,mamá distraída así,20.0,4.0,4.0,4.25,1.0,18.0,3.0,3.0,5.333333333333333,1.0,1.0,0.75,4 palabras
mi papá es distraído,papá distraído así,20.0,4.0,4.0,4.25,1.0,18.0,3.0,3.0,5.333333333333333,1.0,1.0,0.75,4 palabras
las niñas son distraídas,niño mujer ellas distraídas así,24.0,4.0,4.0,5.25,1.0,31.0,5.0,5.0,5.4,1.0,-1.0,1.25,4 palabras
los niños son distraídos,niño ellos distraídos así,24.0,4.0,4.0,5.25,1.0,25.0,4.0,4.0,5.5,1.0,0.0,1.0,4 palabras
mi tía es distraída,tío mujer mía distraída así,19.0,4.0,4.0,4.0,1.0,27.0,5.0,5.0,4.6,1.0,-1.0,1.25,4 palabras
mi tío es distraído,tío mío distraído así,19.0,4.0,4.0,4.0,1.0,21.0,4.0,4.0,4.5,1.0,0.0,1.0,4 palabras
mi abuelo es distraído,abuelo mío distraído así,22.0,4.0,4.0,4.75,1.0,24.0,4.0,4.0,5.25,1.0,0.0,1.0,4 palabras
mi abuela es distraída,abuelo mujer mía distraída así,22.0,4.0,4.0,4.75,1.0,30.0,5.0,5.0,5.2,1.0,-1.0,1.25,4 palabras
mi amigo es distraído,amigo mío distraído así,21.0,4.0,4.0,4.5,1.0,23.0,4.0,4.0,5.0,1.0,0.0,1.0,4 palabras
mi hermana es distraída,hermano mujer mía distraída así,23.0,4.0,4.0,5.0,1.0,31.0,5.0,5.0,5.4,1.0,-1.0,1.25,4 palabras
mi hermano es distraído,hermano mío distraído así,23.0,4.0,4.0,5.0,1.0,25.0,4.0,4.0,5.5,1.0,0.0,1.0,4 palabras
mi amiga es distraída,amigo mujer mía distraída así,21.0,4.0,4.0,4.5,1.0,29.0,5.0,5.0,5.0,1.0,-1.0,1.25,4 palabras
mi novio es distraído,novio mío distraído así,21.0,4.0,4.0,4.5,1.0,23.0,4.0,4.0,5.0,1.0,0.0,1.0,4 palabras
mi novia es distraída,novio mujer mía distraída así,21.0,4.0,4.0,4.5,1.0,29.0,5.0,5.0,5.0,1.0,-1.0,1.25,4 palabras
tu tía es distraída,tío mujer tuya distraída así,19.0,4.0,4.0,4.0,1.0,28.0,5.0,5.0,4.8,1.0,-1.0,1.25,4 palabras
tu tío es distraído,tío tuyo distraído así,19.0,4.0,4.0,4.0,1.0,22.0,4.0,4.0,4.75,1.0,0.0,1.0,4 palabras
tu abuelo es distraído,abuelo tuyo distraído así,22.0,4.0,4.0,4.75,1.0,25.0,4.0,4.0,5.5,1.0,0.0,1.0,4 palabras
tu abuela es distraída,abuelo tuyo mía distraída así,22.0,4.0,4.0,4.75,1.0,29.0,5.0,5.0,5.0,1.0,-1.0,1.25,4 palabras
tu amigo es distraído,amigo tuyo distraído así,21.0,4.0,4.0,4.5,1.0,24.0,4.0,4.0,5.25,1.0,0.0,1.0,4 palabras
tu amiga es distraída,amigo mujer tuya distraída así,21.0,4.0,4.0,4.5,1.0,30.0,5.0,5.0,5.2,1.0,-1.0,1.25,4 palabras
tu novio es distraído,novio tuyo distraído así,21.0,4.0,4.0,4.5,1.0,24.0,4.0,4.0,5.25,1.0,0.0,1.0,4 palabras
tu novia es distraída,novio mujer tuya distraída así,21.0,4.0,4.0,4.5,1.0,30.0,5.0,5.0,5.2,1.0,-1.0,1.25,4 palabras
nuestro amigo es distraído,amigo nuestro distraído así,26.0,4.0,4.0,5.75,1.0,27.0,4.0,4.0,6.0,1.0,0.0,1.0,4 palabras
nuestra amiga es distraída,amigo mujer nuestra distraída así,26.0,4.0,4.0,5.75,1.0,33.0,5.0,5.0,5.8,1.0,-1.0,1.25,4 palabras
yo estoy distraída,yo distraída,18.0,3.0,3.0,5.333333333333333,1.0,12.0,2.0,2.0,5.5,1.0,1.0,0.6666666666666666,3 palabras
tú estás distraído,tú distraído,18.0,3.0,3.0,5.333333333333333,1.0,12.0,2.0,2.0,5.5,1.0,1.0,0.6666666666666666,3 palabras
él está distraído,él distraído,17.0,3.0,3.0,5.0,1.0,12.0,2.0,2.0,5.5,1.0,1.0,0.6666666666666666,3 palabras
estamos distraídos,nosotros distraídos,18.0,2.0,2.0,8.5,1.0,19.0,2.0,2.0,9.0,1.0,0.0,1.0,2 palabras
ellas están distraídas,ellas distraídas,22.0,3.0,3.0,6.666666666666667,1.0,16.0,2.0,2.0,7.5,1.0,1.0,0.6666666666666666,3 palabras
ellos están distraídos,ellos distraídos,22.0,3.0,3.0,6.666666666666667,1.0,16.0,2.0,2.0,7.5,1.0,1.0,0.6666666666666666,3 palabras
ustedes están distraídos,ustedes distraídos,24.0,3.0,3.0,7.333333333333333,1.0,18.0,2.0,2.0,8.5,1.0,1.0,0.6666666666666666,3 palabras
mi mamá está distraída,mamá mía distraída,22.0,4.0,4.0,4.75,1.0,18.0,3.0,3.0,5.333333333333333,1.0,1.0,0.75,4 palabras
mi papá está distraído,papá mío distraído,22.0,4.0,4.0,4.75,1.0,18.0,3.0,3.0,5.333333333333333,1.0,1.0,0.75,4 palabras
las niñas están distraídas,niño mujer ellas distraídas,26.0,4.0,4.0,5.75,1.0,27.0,4.0,4.0,6.0,1.0,0.0,1.0,4 palabras
los niños están distraídos,niño ellos distraídos,26.0,4.0,4.0,5.75,1.0,21.0,3.0,3.0,6.333333333333333,1.0,1.0,0.75,4 palabras
mi tía está distraída,tía mía distraída,21.0,4.0,4.0,4.5,1.0,17.0,3.0,3.0,5.0,1.0,1.0,0.75,4 palabras
mi tío está distraído,tío mío distraído,21.0,4.0,4.0,4.5,1.0,17.0,3.0,3.0,5.0,1.0,1.0,0.75,4 palabras
mi abuelo está distraído,abuelo mío distraído,24.0,4.0,4.0,5.25,1.0,20.0,3.0,3.0,6.0,1.0,1.0,0.75,4 palabras
mi abuela está distraída,abuelo mujer mía distraída,24.0,4.0,4.0,5.25,1.0,26.0,4.0,4.0,5.75,1.0,0.0,1.0,4 palabras
mi amigo está distraído,amigo mío distraído,23.0,4.0,4.0,5.0,1.0,19.0,3.0,3.0,5.666666666666667,1.0,1.0,0.75,4 palabras
mi hermano está distraído,hermano mío distraído,25.0,4.0,4.0,5.5,1.0,21.0,3.0,3.0,6.333333333333333,1.0,1.0,0.75,4 palabras
mi amiga está distraída,amigo mujer mía distraída,23.0,4.0,4.0,5.0,1.0,25.0,4.0,4.0,5.5,1.0,0.0,1.0,4 palabras
mi novio está distraído,novio mío distraído,23.0,4.0,4.0,5.0,1.0,19.0,3.0,3.0,5.666666666666667,1.0,1.0,0.75,4 palabras
mi novia está distraída,novio mujer mía distraída,23.0,4.0,4.0,5.0,1.0,25.0,4.0,4.0,5.5,1.0,0.0,1.0,4 palabras
tu tía está distraída,tío mujer tuya distraída,21.0,4.0,4.0,4.5,1.0,24.0,4.0,4.0,5.25,1.0,0.0,1.0,4 palabras
tu tío está distraído,tío tuyo distraído,21.0,4.0,4.0,4.5,1.0,18.0,3.0,3.0,5.333333333333333,1.0,1.0,0.75,4 palabras
tu abuelo está distraído,abuelo tuyo distraído,24.0,4.0,4.0,5.25,1.0,21.0,3.0,3.0,6.333333333333333,1.0,1.0,0.75,4 palabras
tu abuela está distraída,abuelo mujer tuya distraída,24.0,4.0,4.0,5.25,1.0,27.0,4.0,4.0,6.0,1.0,0.0,1.0,4 palabras
tu amigo está distraído,amigo tuyo distraído,23.0,4.0,4.0,5.0,1.0,20.0,3.0,3.0,6.0,1.0,1.0,0.75,4 palabras
tu amiga está distraída,amigo mujer tuya distraída,23.0,4.0,4.0,5.0,1.0,26.0,4.0,4.0,5.75,1.0,0.0,1.0,4 palabras
tu novio está distraído,novio tuyo distraído,23.0,4.0,4.0,5.0,1.0,20.0,3.0,3.0,6.0,1.0,1.0,0.75,4 palabras
tu novia está distraída,novio mujer tuya distraída,23.0,4.0,4.0,5.0,1.0,26.0,4.0,4.0,5.75,1.0,0.0,1.0,4 palabras
nuestro amigo está distraído,amigo nuestro distraído,28.0,4.0,4.0,6.25,1.0,23.0,3.0,3.0,7.0,1.0,1.0,0.75,4 palabras
nuestra amiga está distraída,amigo mujer nuestra distraída,28.0,4.0,4.0,6.25,1.0,29.0,4.0,4.0,6.5,1.0,0.0,1.0,4 palabras
la manzana es roja,manzana roja,18.0,4.0,4.0,3.75,1.0,12.0,2.0,2.0,5.5,1.0,2.0,0.5,4 palabras
la ropa está mojada,ropa mojada,19.0,4.0,4.0,4.0,1.0,11.0,2.0,2.0,5.0,1.0,2.0,0.5,4 palabras
el clima es frío,clima frío,16.0,4.0,4.0,3.25,1.0,10.0,2.0,2.0,4.5,1.0,2.0,0.5,4 palabras
el clima es caliente,clima caliente,20.0,4.0,4.0,4.25,1.0,14.0,2.0,2.0,6.5,1.0,2.0,0.5,4 palabras
el edificio es alto,edificio alto,19.0,4.0,4.0,4.0,1.0,13.0,2.0,2.0,6.0,1.0,2.0,0.5,4 palabras
el cielo es azul,cielo azul,16.0,4.0,4.0,3.25,1.0,10.0,2.0,2.0,4.5,1.0,2.0,0.5,4 palabras
el perro es café,perro café,16.0,4.0,4.0,3.25,1.0,10.0,2.0,2.0,4.5,1.0,2.0,0.5,4 palabras
los perros son peludos,perro+perro+perro peludos,22.0,4.0,4.0,4.75,1.0,25.0,4.0,2.0,5.5,0.5,0.0,1.0,4 palabras
tu mamá,mamá tuya,7.0,2.0,2.0,3.0,1.0,9.0,2.0,2.0,4.0,1.0,0.0,1.0,2 palabras
mi mamá,mamá mía,7.0,2.0,2.0,3.0,1.0,8.0,2.0,2.0,3.5,1.0,0.0,1.0,2 palabras
su mamá,mamá suya,7.0,2.0,2.0,3.0,1.0,9.0,2.0,2.0,4.0,1.0,0.0,1.0,2 palabras
tu papá,papá tuyo,7.0,2.0,2.0,3.0,1.0,9.0,2.0,2.0,4.0,1.0,0.0,1.0,2 palabras
mi papá,papá mío,7.0,2.0,2.0,3.0,1.0,8.0,2.0,2.0,3.5,1.0,0.0,1.0,2 palabras
su abuelo,abuelo suyo,9.0,2.0,2.0,4.0,1.0,11.0,2.0,2.0,5.0,1.0,0.0,1.0,2 palabras
tu abuelo,abuelo tuyo,9.0,2.0,2.0,4.0,1.0,11.0,2.0,2.0,5.0,1.0,0.0,1.0,2 palabras
mi abuelo,abuelo mío,9.0,2.0,2.0,4.0,1.0,10.0,2.0,2.0,4.5,1.0,0.0,1.0,2 palabras
su abuela,abuela suya,9.0,2.0,2.0,4.0,1.0,11.0,2.0,2.0,5.0,1.0,0.0,1.0,2 palabras
mi abuela,abuelo mujer mía,9.0,2.0,2.0,4.0,1.0,16.0,3.0,3.0,4.666666666666667,1.0,-1.0,1.5,2 palabras
mis tíos,tío ellos míos,8.0,2.0,2.0,3.5,1.0,14.0,3.0,3.0,4.0,1.0,-1.0,1.5,2 palabras
mi tío,tío mío,6.0,2.0,2.0,2.5,1.0,7.0,2.0,2.0,3.0,1.0,0.0,1.0,2 palabras
tu tío,tío tuyo,6.0,2.0,2.0,2.5,1.0,8.0,2.0,2.0,3.5,1.0,0.0,1.0,2 palabras
mi hijo,hijo mío,7.0,2.0,2.0,3.0,1.0,8.0,2.0,2.0,3.5,1.0,0.0,1.0,2 palabras
tu hijo,hijo tuyo,7.0,2.0,2.0,3.0,1.0,9.0,2.0,2.0,4.0,1.0,0.0,1.0,2 palabras
mi hija,hijo mujer mía,7.0,2.0,2.0,3.0,1.0,14.0,3.0,3.0,4.0,1.0,-1.0,1.5,2 palabras
mi sobrino,sobrino mío,10.0,2.0,2.0,4.5,1.0,11.0,2.0,2.0,5.0,1.0,0.0,1.0,2 palabras
mi sobrina,sobrino mujer mía,10.0,2.0,2.0,4.5,1.0,17.0,3.0,3.0,5.0,1.0,-1.0,1.5,2 palabras
mi hermano,hermano mío,10.0,2.0,2.0,4.5,1.0,11.0,2.0,2.0,5.0,1.0,0.0,1.0,2 palabras
mis hermanos,sobrino ellos,12.0,2.0,2.0,5.5,1.0,13.0,2.0,2.0,6.0,1.0,0.0,1.0,2 palabras
mi hermana,hermano mujer mía,10.0,2.0,2.0,4.5,1.0,17.0,3.0,3.0,5.0,1.0,-1.0,1.5,2 palabras
mi primo,primo mío,8.0,2.0,2.0,3.5,1.0,9.0,2.0,2.0,4.0,1.0,0.0,1.0,2 palabras
mis primos,primo ellos míos,10.0,2.0,2.0,4.5,1.0,16.0,3.0,3.0,4.666666666666667,1.0,-1.0,1.5,2 palabras
mi prima,primo mujer mía,8.0,2.0,2.0,3.5,1.0,15.0,3.0,3.0,4.333333333333333,1.0,-1.0,1.5,2 palabras
mis primas,tió ellos míos,10.0,2.0,2.0,4.5,1.0,14.0,3.0,3.0,4.0,1.0,-1.0,1.5,2 palabras
mi amigo,amigo mío,8.0,2.0,2.0,3.5,1.0,9.0,2.0,2.0,4.0,1.0,0.0,1.0,2 palabras
mis amigos,amigo ellos míos,10.0,2.0,2.0,4.5,1.0,16.0,3.0,3.0,4.666666666666667,1.0,-1.0,1.5,2 palabras
mi amiga,amigo mujer mía,8.0,2.0,2.0,3.5,1.0,15.0,3.0,3.0,4.333333333333333,1.0,-1.0,1.5,2 palabras
mis amigas,amigo mujer ellas mías,10.0,2.0,2.0,4.5,1.0,22.0,4.0,4.0,4.75,1.0,-2.0,2.0,2 palabras
los maestros,maestro ellos,12.0,2.0,2.0,5.5,1.0,13.0,2.0,2.0,6.0,1.0,0.0,1.0,2 palabras
mi maestro,maestro mío,10.0,2.0,2.0,4.5,1.0,11.0,2.0,2.0,5.0,1.0,0.0,1.0,2 palabras
mi maestra,maestro mujer mía,10.0,2.0,2.0,4.5,1.0,17.0,3.0,3.0,5.0,1.0,-1.0,1.5,2 palabras
las maestras,maestro mujer ellas,12.0,2.0,2.0,5.5,1.0,19.0,3.0,3.0,5.666666666666667,1.0,-1.0,1.5,2 palabras
mi tía,tío mujer mío,6.0,2.0,2.0,2.5,1.0,13.0,3.0,3.0,3.6666666666666665,1.0,-1.0,1.5,2 palabras
mis tías,tío mujer plura mío,8.0,2.0,2.0,3.5,1.0,19.0,4.0,4.0,4.0,1.0,-2.0,2.0,2 palabras
mi novia,novio mujer mía,8.0,2.0,2.0,3.5,1.0,15.0,3.0,3.0,4.333333333333333,1.0,-1.0,1.5,2 palabras
mi novio,novio mío,8.0,2.0,2.0,3.5,1.0,9.0,2.0,2.0,4.0,1.0,0.0,1.0,2 palabras
mis perros,perro cl+cl+cl míos,10.0,2.0,2.0,4.5,1.0,19.0,5.0,3.0,3.0,0.6,-3.0,2.5,2 palabras
mi perro,perro mío,8.0,2.0,2.0,3.5,1.0,9.0,2.0,2.0,4.0,1.0,0.0,1.0,2 palabras
mi perra,perro mujer mía,8.0,2.0,2.0,3.5,1.0,15.0,3.0,3.0,4.333333333333333,1.0,-1.0,1.5,2 palabras
mi casa,casa mía,7.0,2.0,2.0,3.0,1.0,8.0,2.0,2.0,3.5,1.0,0.0,1.0,2 palabras
mi gato,gato mío,7.0,2.0,2.0,3.0,1.0,8.0,2.0,2.0,3.5,1.0,0.0,1.0,2 palabras
mis gatos,gato cl+cl+cl mío,9.0,2.0,2.0,4.0,1.0,17.0,5.0,3.0,2.6,0.6,-3.0,2.5,2 palabras
mi abuelo,abuelo mío,9.0,2.0,2.0,4.0,1.0,10.0,2.0,2.0,4.5,1.0,0.0,1.0,2 palabras
mis abuelos,abuelo ellos míos,11.0,2.0,2.0,5.0,1.0,17.0,3.0,3.0,5.0,1.0,-1.0,1.5,2 palabras
mis autos,amigo mujer ellas mías,9.0,2.0,2.0,4.0,1.0,22.0,4.0,4.0,4.75,1.0,-2.0,2.0,2 palabras
él viaja en avión,él avión viajar,17.0,4.0,4.0,3.5,1.0,15.0,3.0,3.0,4.333333333333333,1.0,1.0,0.75,4 palabras
tu gato está enfermo,gato tuyo enfermo,20.0,4.0,4.0,4.25,1.0,17.0,3.0,3.0,5.0,1.0,1.0,0.75,4 palabras
mi gato está enfermo,gato mío enfermo,20.0,4.0,4.0,4.25,1.0,16.0,3.0,3.0,4.666666666666667,1.0,1.0,0.75,4 palabras
su gato está bonito,gato suyo bonito,19.0,4.0,4.0,4.0,1.0,16.0,3.0,3.0,4.666666666666667,1.0,1.0,0.75,4 palabras
mi mamá está pensativa,mamá mía pensativa,22.0,4.0,4.0,4.75,1.0,18.0,3.0,3.0,5.333333333333333,1.0,1.0,0.75,4 palabras
tu mamá está seria,mamá tuya seria,18.0,4.0,4.0,3.75,1.0,15.0,3.0,3.0,4.333333333333333,1.0,1.0,0.75,4 palabras
su mamá está loca,mamá suya loca,17.0,4.0,4.0,3.5,1.0,14.0,3.0,3.0,4.0,1.0,1.0,0.75,4 palabras
mi papá está enojado,papá mío enojado,20.0,4.0,4.0,4.25,1.0,16.0,3.0,3.0,4.666666666666667,1.0,1.0,0.75,4 palabras
mi papá es enojón,papá mío enojón así,17.0,4.0,4.0,3.5,1.0,19.0,4.0,4.0,4.0,1.0,0.0,1.0,4 palabras
su hermano está alegre,hermano suyo alegre,22.0,4.0,4.0,4.75,1.0,19.0,3.0,3.0,5.666666666666667,1.0,1.0,0.75,4 palabras
mi mamá está alegre,mamá mía alegre,19.0,4.0,4.0,4.0,1.0,15.0,3.0,3.0,4.333333333333333,1.0,1.0,0.75,4 palabras
tu perro está agresivo,perro tuyo agresivo,22.0,4.0,4.0,4.75,1.0,19.0,3.0,3.0,5.666666666666667,1.0,1.0,0.75,4 palabras
tu perro es agresivo,perro tuyo agresivo así,20.0,4.0,4.0,4.25,1.0,23.0,4.0,4.0,5.0,1.0,0.0,1.0,4 palabras
su perro está limpio,perro suyo limpio,20.0,4.0,4.0,4.25,1.0,17.0,3.0,3.0,5.0,1.0,1.0,0.75,4 palabras
tu amiga es tierna,amiga tuya tierna así,18.0,4.0,4.0,3.75,1.0,21.0,4.0,4.0,4.5,1.0,0.0,1.0,4 palabras
mi amiga está enojada,amigo mujer mía enojada,21.0,4.0,4.0,4.5,1.0,23.0,4.0,4.0,5.0,1.0,0.0,1.0,4 palabras
su amiga está tranquila,amigo mujer suya tranquila,23.0,4.0,4.0,5.0,1.0,26.0,4.0,4.0,5.75,1.0,0.0,1.0,4 palabras
mi papá está gritando,papá mío gritar,21.0,4.0,4.0,4.5,1.0,15.0,3.0,3.0,4.333333333333333,1.0,1.0,0.75,4 palabras
tu papá está jugando ajedrez,papá tuyo ajedrez jugar,28.0,5.0,5.0,4.8,1.0,23.0,4.0,4.0,5.0,1.0,1.0,0.8,5 palabras
me gusta aprender,yo aprender gustar,17.0,3.0,3.0,5.0,1.0,18.0,3.0,3.0,5.333333333333333,1.0,0.0,1.0,3 palabras
te gusta aprender,tu aprender gustar,17.0,3.0,3.0,5.0,1.0,18.0,3.0,3.0,5.333333333333333,1.0,0.0,1.0,3 palabras
nos gusta aprender,nosotros aprender gustar,18.0,3.0,3.0,5.333333333333333,1.0,24.0,3.0,3.0,7.333333333333333,1.0,0.0,1.0,3 palabras
les gusta aprender,ellos aprender gustar,18.0,3.0,3.0,5.333333333333333,1.0,21.0,3.0,3.0,6.333333333333333,1.0,0.0,1.0,3 palabras
le gusta aprender,ella aprender gustar,17.0,3.0,3.0,5.0,1.0,20.0,3.0,3.0,6.0,1.0,0.0,1.0,3 palabras
le gusta aprender,él aprender gustar,17.0,3.0,3.0,5.0,1.0,18.0,3.0,3.0,5.333333333333333,1.0,0.0,1.0,3 palabras
les gusta aprender,ustedes aprender gustar,18.0,3.0,3.0,5.333333333333333,1.0,23.0,3.0,3.0,7.0,1.0,0.0,1.0,3 palabras
su papá está aprendiendo inglés,papá suyo inglés aprender,31.0,5.0,5.0,5.4,1.0,25.0,4.0,4.0,5.5,1.0,1.0,0.8,5 palabras
el tiene una pelota roja,el pelota roja tener,24.0,5.0,5.0,4.0,1.0,20.0,4.0,4.0,4.25,1.0,1.0,0.8,5 palabras
ella tiene una bicicleta gris,ella bicicleta gris tener,29.0,5.0,5.0,5.0,1.0,25.0,4.0,4.0,5.5,1.0,1.0,0.8,5 palabras
mi cuñado tiene un carro blanco,cuñado mío carro blanco tener,31.0,6.0,6.0,4.333333333333333,1.0,29.0,5.0,5.0,5.0,1.0,1.0,0.8333333333333334,6 palabras
mi prima tiene amigos,primo mujer amigo ellos tener,21.0,4.0,4.0,4.5,1.0,29.0,5.0,5.0,5.0,1.0,-1.0,1.25,4 palabras
mi prima tiene un suéter gris,primo mujer mía suéter gris tener,29.0,6.0,6.0,4.0,1.0,33.0,6.0,6.0,4.666666666666667,1.0,0.0,1.0,6 palabras
mi prima tiene un reloj,primo mujer mía reloj tener,23.0,5.0,5.0,3.8,1.0,27.0,5.0,5.0,4.6,1.0,0.0,1.0,5 palabras
mi abuela tiene hambre,abuelo mujer mía hambre tener,22.0,4.0,4.0,4.75,1.0,29.0,5.0,5.0,5.0,1.0,-1.0,1.25,4 palabras
mi primo tiene un carro,primo mío carro tener,23.0,5.0,5.0,3.8,1.0,21.0,4.0,4.0,4.5,1.0,1.0,0.8,5 palabras
mis primos tienen un carro,primo ellos míos carro tener,26.0,5.0,5.0,4.4,1.0,28.0,5.0,5.0,4.8,1.0,0.0,1.0,5 palabras
la pelota de mi nieto,nieto mío pelota suya,21.0,5.0,5.0,3.4,1.0,21.0,4.0,4.0,4.5,1.0,1.0,0.8,5 palabras
los juguetes del perro,abuelo ellos míos,22.0,4.0,4.0,4.75,1.0,17.0,3.0,3.0,5.0,1.0,1.0,0.75,4 palabras
las ventanas de la casa,casa ventana+ventana+ventana suyas,23.0,5.0,5.0,3.8,1.0,34.0,5.0,3.0,6.0,0.6,0.0,1.0,5 palabras
la guitarra de mi cuñado,cuñado mío guitarra suya,24.0,5.0,5.0,4.0,1.0,24.0,4.0,4.0,5.25,1.0,1.0,0.8,5 palabras
las puertas de la casa,casa puerta+puerta+puerta suyas,22.0,5.0,5.0,3.6,1.0,31.0,5.0,3.0,5.4,0.6,0.0,1.0,5 palabras
la casa de mi abuelo,abuelo mío casa suya,20.0,5.0,5.0,3.2,1.0,20.0,4.0,4.0,4.25,1.0,1.0,0.8,5 palabras
la sudadera de mi mamá,mamá mía sudadera suya,22.0,5.0,5.0,3.6,1.0,22.0,4.0,4.0,4.75,1.0,1.0,0.8,5 palabras
la hija de mi tía,tío mujer mía hijo mujer ella suya,17.0,5.0,5.0,2.6,1.0,34.0,7.0,6.0,4.0,0.8571428571428571,-2.0,1.4,5 palabras
las hijas de mi tía,tío mujer mía hijo mujer ellas suya,19.0,5.0,5.0,3.0,1.0,35.0,7.0,6.0,4.142857142857143,0.8571428571428571,-2.0,1.4,5 palabras
la escuela de mi sobrina,sobrino mujer mía escuela suya,24.0,5.0,5.0,4.0,1.0,30.0,5.0,5.0,5.2,1.0,0.0,1.0,5 palabras
mi hijo va a la escuela de lunes a viernes,lunes a viernes hijo mío escuela ir,42.0,10.0,9.0,3.3,0.9,35.0,7.0,7.0,4.142857142857143,1.0,3.0,0.7,≥7 palabras
mi hija va a la escuela de lunes a viernes,lunes a viernes hijo mujer mío escuela ir,42.0,10.0,9.0,3.3,0.9,41.0,8.0,8.0,4.25,1.0,2.0,0.8,≥7 palabras
mis hijos van a la escuela de lunes a viernes,lunes a viernes hijos míos escuela ir,45.0,10.0,9.0,3.6,0.9,37.0,7.0,7.0,4.428571428571429,1.0,3.0,0.7,≥7 palabras
mi hermana está distraída,hermano mujer mía distraída,25.0,4.0,4.0,5.5,1.0,27.0,4.0,4.0,6.0,1.0,0.0,1.0,4 palabras
mis sobrinos van a la escuela de lunes a viernes,lunes a viernes sobrino ellos mío escuela ir,48.0,10.0,9.0,3.9,0.9,44.0,8.0,8.0,4.625,1.0,2.0,0.8,≥7 palabras
mis sobrinas van a  la escuela semanalmente,lunes a viernes sobrina ellas mío escuela ir,42.0,7.0,7.0,5.142857142857143,1.0,44.0,8.0,8.0,4.625,1.0,-1.0,1.1428571428571428,≥7 palabras
los niños van a la escuela semanalmente,lunes a viernes niño ellos escuela ir,39.0,7.0,7.0,4.714285714285714,1.0,37.0,7.0,7.0,4.428571428571429,1.0,0.0,1.0,≥7 palabras
las niñas van a la escuela de lunes a viernes,lunes a viernes niño mujer ellas escuela ir,45.0,10.0,9.0,3.6,0.9,43.0,8.0,8.0,4.5,1.0,2.0,0.8,≥7 palabras
las niñas van a la escuela semanalmente,lunes a viernes niño mujer ellas escuela ir,39.0,7.0,7.0,4.714285714285714,1.0,43.0,8.0,8.0,4.5,1.0,-1.0,1.1428571428571428,≥7 palabras
mi sobrina va a la escuela de lunes a viernes,lunes a viernes sobrino mujer ella ir,45.0,10.0,9.0,3.6,0.9,37.0,7.0,7.0,4.428571428571429,1.0,3.0,0.7,≥7 palabras
mi sobrino va a la escuela de lunes a viernes,lunes a viernes sobrino él ir,45.0,10.0,9.0,3.6,0.9,29.0,6.0,6.0,4.0,1.0,4.0,0.6,≥7 palabras
el desayuno está listo,desayuno listo,22.0,4.0,4.0,4.75,1.0,14.0,2.0,2.0,6.5,1.0,2.0,0.5,4 palabras
la comida está lista,comida lista,20.0,4.0,4.0,4.25,1.0,12.0,2.0,2.0,5.5,1.0,2.0,0.5,4 palabras
el desayuno está caliente,desayuno caliente,25.0,4.0,4.0,5.5,1.0,17.0,2.0,2.0,8.0,1.0,2.0,0.5,4 palabras
la cena está fría,cena fría,17.0,4.0,4.0,3.5,1.0,9.0,2.0,2.0,4.0,1.0,2.0,0.5,4 palabras
el desayuno está servido,desayuno servido,24.0,4.0,4.0,5.25,1.0,16.0,2.0,2.0,7.5,1.0,2.0,0.5,4 palabras
la comida está servida,comida servida,22.0,4.0,4.0,4.75,1.0,14.0,2.0,2.0,6.5,1.0,2.0,0.5,4 palabras
la cena está servida,cena servida,20.0,4.0,4.0,4.25,1.0,12.0,2.0,2.0,5.5,1.0,2.0,0.5,4 palabras
el suéter es blanco,suéter blanco,19.0,4.0,4.0,4.0,1.0,13.0,2.0,2.0,6.0,1.0,2.0,0.5,4 palabras
el suéter es negro,suéter negro,18.0,4.0,4.0,3.75,1.0,12.0,2.0,2.0,5.5,1.0,2.0,0.5,4 palabras
el suéter es rosa,suéter rosa,17.0,4.0,4.0,3.5,1.0,11.0,2.0,2.0,5.0,1.0,2.0,0.5,4 palabras
el suéter es amarillo,suéter amarillo,21.0,4.0,4.0,4.5,1.0,15.0,2.0,2.0,7.0,1.0,2.0,0.5,4 palabras
el suéter es verde,suéter verde,18.0,4.0,4.0,3.75,1.0,12.0,2.0,2.0,5.5,1.0,2.0,0.5,4 palabras
el suéter es azul,suéter azul,17.0,4.0,4.0,3.5,1.0,11.0,2.0,2.0,5.0,1.0,2.0,0.5,4 palabras
tus ojos son cafés,ojos tuyos cafés,18.0,4.0,4.0,3.75,1.0,16.0,3.0,3.0,4.666666666666667,1.0,1.0,0.75,4 palabras
su cabello es rizado,cabello suyo rizado,20.0,4.0,4.0,4.25,1.0,19.0,3.0,3.0,5.666666666666667,1.0,1.0,0.75,4 palabras
su frente es amplia,frente suya amplia,19.0,4.0,4.0,4.0,1.0,18.0,3.0,3.0,5.333333333333333,1.0,1.0,0.75,4 palabras
el cielo es azul,cielo azul,16.0,4.0,4.0,3.25,1.0,10.0,2.0,2.0,4.5,1.0,2.0,0.5,4 palabras
el cielo está azul,cielo azul,18.0,4.0,4.0,3.75,1.0,10.0,2.0,2.0,4.5,1.0,2.0,0.5,4 palabras
la pelota es roja,pelota roja,17.0,4.0,4.0,3.5,1.0,11.0,2.0,2.0,5.0,1.0,2.0,0.5,4 palabras
la pelota es negra,pelota negra,18.0,4.0,4.0,3.75,1.0,12.0,2.0,2.0,5.5,1.0,2.0,0.5,4 palabras
la pelota es azul,pelota azul,17.0,4.0,4.0,3.5,1.0,11.0,2.0,2.0,5.0,1.0,2.0,0.5,4 palabras
la pelota es rosa,pelota rosa,17.0,4.0,4.0,3.5,1.0,11.0,2.0,2.0,5.0,1.0,2.0,0.5,4 palabras
la pelota es amarilla,pelota amarilla,21.0,4.0,4.0,4.5,1.0,15.0,2.0,2.0,7.0,1.0,2.0,0.5,4 palabras
la pelota es café,pelota café,17.0,4.0,4.0,3.5,1.0,11.0,2.0,2.0,5.0,1.0,2.0,0.5,4 palabras
la ropa está sucia,ropa sucia,18.0,4.0,4.0,3.75,1.0,10.0,2.0,2.0,4.5,1.0,2.0,0.5,4 palabras
la ropa está limpia,ropa limpia,19.0,4.0,4.0,4.0,1.0,11.0,2.0,2.0,5.0,1.0,2.0,0.5,4 palabras
el clima es frío,clima frío,16.0,4.0,4.0,3.25,1.0,10.0,2.0,2.0,4.5,1.0,2.0,0.5,4 palabras
el clima parece cálido,clima parece cálido,22.0,4.0,4.0,4.75,1.0,19.0,3.0,3.0,5.666666666666667,1.0,1.0,0.75,4 palabras
el clima es cálido,clima cálido,18.0,4.0,4.0,3.75,1.0,12.0,2.0,2.0,5.5,1.0,2.0,0.5,4 palabras
el niño es enojón,niño enojado así,17.0,4.0,4.0,3.5,1.0,16.0,3.0,3.0,4.666666666666667,1.0,1.0,0.75,4 palabras
el niño está enojado,niño enojado,20.0,4.0,4.0,4.25,1.0,12.0,2.0,2.0,5.5,1.0,2.0,0.5,4 palabras
las niñas juegan en el parque,parque ahí niño mujer ellas jugar,29.0,6.0,6.0,4.0,1.0,33.0,6.0,6.0,4.666666666666667,1.0,0.0,1.0,6 palabras
yo juego futbol en la calle,calle ahí yo futbol jugar,27.0,6.0,6.0,3.6666666666666665,1.0,25.0,5.0,5.0,4.2,1.0,1.0,0.8333333333333334,6 palabras
él juega futbol en la calle,calle ahí él futbol jugar,27.0,6.0,6.0,3.6666666666666665,1.0,25.0,5.0,5.0,4.2,1.0,1.0,0.8333333333333334,6 palabras
tú juegas futbol en la calle,calle ahí tú futbol jugar,28.0,6.0,6.0,3.8333333333333335,1.0,25.0,5.0,5.0,4.2,1.0,1.0,0.8333333333333334,6 palabras
jugamos futbol en la calle,calle ahí nosotros futbol jugar,26.0,5.0,5.0,4.4,1.0,31.0,5.0,5.0,5.4,1.0,0.0,1.0,5 palabras
ellos juegan futbol en la calle,calle ahí ellos futbol jugar,31.0,6.0,6.0,4.333333333333333,1.0,28.0,5.0,5.0,4.8,1.0,1.0,0.8333333333333334,6 palabras
juegan futbol en la calle,calle ahí ellos (as) (ustedes) futbol jugar,25.0,5.0,5.0,4.2,1.0,43.0,7.0,7.0,4.714285714285714,1.0,-2.0,1.4,5 palabras
ellas juegan futbol en la calle,calle ahí ellas futbol jugar,31.0,6.0,6.0,4.333333333333333,1.0,28.0,5.0,5.0,4.8,1.0,1.0,0.8333333333333334,6 palabras
los niños juegan futbol en la calle,calle ahí niño ellos futbol jugar,35.0,7.0,7.0,4.142857142857143,1.0,33.0,6.0,6.0,4.666666666666667,1.0,1.0,0.8571428571428571,≥7 palabras
las niñas juegan futbol en la calle,calle ahí niño mujer ellas futbol jugar,35.0,7.0,7.0,4.142857142857143,1.0,39.0,7.0,7.0,4.714285714285714,1.0,0.0,1.0,≥7 palabras
mis amigos juegan futbol en la calle,calle ahí amigos ellos futbol jugar,36.0,7.0,7.0,4.285714285714286,1.0,35.0,6.0,6.0,5.0,1.0,1.0,0.8571428571428571,≥7 palabras
mi tío juega futbol en la calle,calle ahí tío mío futbol jugar,31.0,7.0,7.0,3.5714285714285716,1.0,30.0,6.0,6.0,4.166666666666667,1.0,1.0,0.8571428571428571,≥7 palabras
el niño juega en el parque,parque ahí niño jugar,26.0,6.0,5.0,3.5,0.8333333333333334,21.0,4.0,4.0,4.5,1.0,2.0,0.6666666666666666,6 palabras
mi primo juega futbol en la calle,primo mío futbol jugar,33.0,7.0,7.0,3.857142857142857,1.0,22.0,4.0,4.0,4.75,1.0,3.0,0.5714285714285714,≥7 palabras
el siempre está feliz,siempre él feliz,21.0,4.0,4.0,4.5,1.0,16.0,3.0,3.0,4.666666666666667,1.0,1.0,0.75,4 palabras
siempre estamos felices,siempre nosotros felices,23.0,3.0,3.0,7.0,1.0,24.0,3.0,3.0,7.333333333333333,1.0,0.0,1.0,3 palabras
siempre están felices,siempre ellos felices,21.0,3.0,3.0,6.333333333333333,1.0,21.0,3.0,3.0,6.333333333333333,1.0,0.0,1.0,3 palabras
ella siempre está feliz,siempre ella feliz,23.0,4.0,4.0,5.0,1.0,18.0,3.0,3.0,5.333333333333333,1.0,1.0,0.75,4 palabras
siempre estamos contentos,siempre nosotros contentos,25.0,3.0,3.0,7.666666666666667,1.0,26.0,3.0,3.0,8.0,1.0,0.0,1.0,3 palabras
siempre están contentos,siempre ellos contentos,23.0,3.0,3.0,7.0,1.0,23.0,3.0,3.0,7.0,1.0,0.0,1.0,3 palabras
el siempre está contento,siempre él contento,24.0,4.0,4.0,5.25,1.0,19.0,3.0,3.0,5.666666666666667,1.0,1.0,0.75,4 palabras
ella siempre está contenta,siempre ella contenta,26.0,4.0,4.0,5.75,1.0,21.0,3.0,3.0,6.333333333333333,1.0,1.0,0.75,4 palabras
siempre estamos contentos,siempre nosotros contentos,25.0,3.0,3.0,7.666666666666667,1.0,26.0,3.0,3.0,8.0,1.0,0.0,1.0,3 palabras
siempre están contentos,siempre ustedes contentos,23.0,3.0,3.0,7.0,1.0,25.0,3.0,3.0,7.666666666666667,1.0,0.0,1.0,3 palabras
siempre están contentos,siempre ellos contentos,23.0,3.0,3.0,7.0,1.0,23.0,3.0,3.0,7.0,1.0,0.0,1.0,3 palabras
la maestra parece enojada,maestro mujer ella enojada,25.0,4.0,4.0,5.5,1.0,26.0,4.0,4.0,5.75,1.0,0.0,1.0,4 palabras
la maestra está enojada,maestro mujer ella enojada,23.0,4.0,4.0,5.0,1.0,26.0,4.0,4.0,5.75,1.0,0.0,1.0,4 palabras
las niñas bailan,niño mujer ellas bailar,16.0,3.0,3.0,4.666666666666667,1.0,23.0,4.0,4.0,5.0,1.0,-1.0,1.3333333333333333,3 palabras
las niñas cantan,niño mujer ellas cantar,16.0,3.0,3.0,4.666666666666667,1.0,23.0,4.0,4.0,5.0,1.0,-1.0,1.3333333333333333,3 palabras
las niñas gritan,niño mujer ellas gritar,16.0,3.0,3.0,4.666666666666667,1.0,23.0,4.0,4.0,5.0,1.0,-1.0,1.3333333333333333,3 palabras
las niñas juegan,niño mujer ellas jugar,16.0,3.0,3.0,4.666666666666667,1.0,22.0,4.0,4.0,4.75,1.0,-1.0,1.3333333333333333,3 palabras
las niñas estudian,niño mujer ellas estudiar,18.0,3.0,3.0,5.333333333333333,1.0,25.0,4.0,4.0,5.5,1.0,-1.0,1.3333333333333333,3 palabras
las niñas corren,niño mujer ellas correr,16.0,3.0,3.0,4.666666666666667,1.0,23.0,4.0,4.0,5.0,1.0,-1.0,1.3333333333333333,3 palabras
las niñas nadan,niño mujer ellas nadar,15.0,3.0,3.0,4.333333333333333,1.0,22.0,4.0,4.0,4.75,1.0,-1.0,1.3333333333333333,3 palabras
las niñas son alegres,niño mujer ellas alegres así,21.0,4.0,4.0,4.5,1.0,28.0,5.0,5.0,4.8,1.0,-1.0,1.25,4 palabras
las niñas son enojonas,niño mujer ellas enojonas así,22.0,4.0,4.0,4.75,1.0,29.0,5.0,5.0,5.0,1.0,-1.0,1.25,4 palabras
los niños son tiernos,niño ellos tiernos así,21.0,4.0,4.0,4.5,1.0,22.0,4.0,4.0,4.75,1.0,0.0,1.0,4 palabras
los niños son jóvenes,niño ellos jovenes así,21.0,4.0,4.0,4.5,1.0,22.0,4.0,4.0,4.75,1.0,0.0,1.0,4 palabras
los niños bailan,niño ellos bailar,16.0,3.0,3.0,4.666666666666667,1.0,17.0,3.0,3.0,5.0,1.0,0.0,1.0,3 palabras
los niños cantan,niño ellos cantar,16.0,3.0,3.0,4.666666666666667,1.0,17.0,3.0,3.0,5.0,1.0,0.0,1.0,3 palabras
los niños gritan,niño ellos gritar,16.0,3.0,3.0,4.666666666666667,1.0,17.0,3.0,3.0,5.0,1.0,0.0,1.0,3 palabras
los niños juegan,niños ellos jugar,16.0,3.0,3.0,4.666666666666667,1.0,17.0,3.0,3.0,5.0,1.0,0.0,1.0,3 palabras
los niños estudian,niños ellos estudiar,18.0,3.0,3.0,5.333333333333333,1.0,20.0,3.0,3.0,6.0,1.0,0.0,1.0,3 palabras
los niños corren,niños ellos correr,16.0,3.0,3.0,4.666666666666667,1.0,18.0,3.0,3.0,5.333333333333333,1.0,0.0,1.0,3 palabras
los niños nadan,niños ellos nadar,15.0,3.0,3.0,4.333333333333333,1.0,17.0,3.0,3.0,5.0,1.0,0.0,1.0,3 palabras
el monumento es viejo,monumento viejo,21.0,4.0,4.0,4.5,1.0,15.0,2.0,2.0,7.0,1.0,2.0,0.5,4 palabras
mi abuelo es viejo,abuelo mío viejo,18.0,4.0,4.0,3.75,1.0,16.0,3.0,3.0,4.666666666666667,1.0,1.0,0.75,4 palabras
mi abuelo está viejo,abuelo mío viejo,20.0,4.0,4.0,4.25,1.0,16.0,3.0,3.0,4.666666666666667,1.0,1.0,0.75,4 palabras
los abuelos son viejos,abuelo ellos viejos,22.0,4.0,4.0,4.75,1.0,19.0,3.0,3.0,5.666666666666667,1.0,1.0,0.75,4 palabras
el pasto es verde,pasto verde,17.0,4.0,4.0,3.5,1.0,11.0,2.0,2.0,5.0,1.0,2.0,0.5,4 palabras
el gato café es tranquilo,gato café tranquilo,25.0,5.0,5.0,4.2,1.0,19.0,3.0,3.0,5.666666666666667,1.0,2.0,0.6,5 palabras
el gato café parece tranquilo,gato café parece tranquilo,29.0,5.0,5.0,5.0,1.0,26.0,4.0,4.0,5.75,1.0,1.0,0.8,5 palabras
el gato café es calmado,gato café tranquilo,23.0,5.0,5.0,3.8,1.0,19.0,3.0,3.0,5.666666666666667,1.0,2.0,0.6,5 palabras
el gato blanco parece tranquilo,gato blanco tranquilo,31.0,5.0,5.0,5.4,1.0,21.0,3.0,3.0,6.333333333333333,1.0,2.0,0.6,5 palabras
el gato café está tranquilo,gato café tranquilo,27.0,5.0,5.0,4.6,1.0,19.0,3.0,3.0,5.666666666666667,1.0,2.0,0.6,5 palabras
el gato está arriba de la mesa,mesa cl gato cl,30.0,7.0,7.0,3.4285714285714284,1.0,15.0,4.0,3.0,3.0,0.75,3.0,0.5714285714285714,≥7 palabras
el gatito café es tranquilo,gato café tranquilo,27.0,5.0,5.0,4.6,1.0,19.0,3.0,3.0,5.666666666666667,1.0,2.0,0.6,5 palabras
los gatos son ruidosos,gato cl+cl+cl ruidosos,22.0,4.0,4.0,4.75,1.0,22.0,5.0,3.0,3.6,0.6,-1.0,1.25,4 palabras
los gatitos son ruidosos,gato cl+cl+cl ruidosos,24.0,4.0,4.0,5.25,1.0,22.0,5.0,3.0,3.6,0.6,-1.0,1.25,4 palabras
mis amigos son serios,amigo ellos míos serios,21.0,4.0,4.0,4.5,1.0,23.0,4.0,4.0,5.0,1.0,0.0,1.0,4 palabras
el paisaje es hermoso,paisaje hermoso,21.0,4.0,4.0,4.5,1.0,15.0,2.0,2.0,7.0,1.0,2.0,0.5,4 palabras
el perro,perro,8.0,2.0,2.0,3.5,1.0,5.0,1.0,1.0,5.0,1.0,1.0,0.5,2 palabras
los perros son agresivos,perro cl+cl+cl agresivos,24.0,4.0,4.0,5.25,1.0,24.0,5.0,3.0,4.0,0.6,-1.0,1.25,4 palabras
los perros parecen agresivos,perro cl+cl+cl parecen agresivos,28.0,4.0,4.0,6.25,1.0,32.0,6.0,4.0,4.5,0.6666666666666666,-2.0,1.5,4 palabras
los perros,perro cl+cl+cl,10.0,2.0,2.0,4.5,1.0,14.0,4.0,2.0,2.75,0.5,-2.0,2.0,2 palabras
las casas,casa +casa+casa,9.0,2.0,2.0,4.0,1.0,15.0,3.0,1.0,4.0,0.3333333333333333,-1.0,1.5,2 palabras
la casa,casa,7.0,2.0,2.0,3.0,1.0,4.0,1.0,1.0,4.0,1.0,1.0,0.5,2 palabras
la playa está desierta,playa desierta,22.0,4.0,4.0,4.75,1.0,14.0,2.0,2.0,6.5,1.0,2.0,0.5,4 palabras
la playa parece desierta,playa  parece  desierta,24.0,4.0,4.0,5.25,1.0,21.0,3.0,3.0,6.333333333333333,1.0,1.0,0.75,4 palabras
las casas están abandonadas,casa+casa+casa parecen abandonadas,27.0,4.0,4.0,6.0,1.0,34.0,5.0,3.0,6.0,0.6,-1.0,1.25,4 palabras
las casas parecen abandonadas,casa+casa+casa parecen abandonada,29.0,4.0,4.0,6.5,1.0,33.0,5.0,3.0,5.8,0.6,-1.0,1.25,4 palabras
el auto es plateado,auto plateado,19.0,4.0,4.0,4.0,1.0,13.0,2.0,2.0,6.0,1.0,2.0,0.5,4 palabras
los autos descompuestos son blancos,auto+auto+auto blanco descompuestos,35.0,5.0,5.0,6.2,1.0,35.0,5.0,3.0,6.2,0.6,0.0,1.0,5 palabras
los autos están descompuestos,auto descompuesto,29.0,4.0,4.0,6.5,1.0,17.0,2.0,2.0,8.0,1.0,2.0,0.5,4 palabras
los árboles,arbol+arbol+arbol,11.0,2.0,2.0,5.0,1.0,17.0,3.0,1.0,5.0,0.3333333333333333,-1.0,1.5,2 palabras
los árboles son verdes,arbol+arbol+arbol verdes,22.0,4.0,4.0,4.75,1.0,24.0,4.0,2.0,5.25,0.5,0.0,1.0,4 palabras
las sillas,silla+silla+silla,10.0,2.0,2.0,4.5,1.0,17.0,3.0,1.0,5.0,0.3333333333333333,-1.0,1.5,2 palabras
los autos,auto+auto+auto,9.0,2.0,2.0,4.0,1.0,14.0,3.0,1.0,4.0,0.3333333333333333,-1.0,1.5,2 palabras
las puertas,puerta+puerta+puerta,11.0,2.0,2.0,5.0,1.0,20.0,3.0,1.0,6.0,0.3333333333333333,-1.0,1.5,2 palabras
el auto azul es grande,auto azul grande,22.0,5.0,5.0,3.6,1.0,16.0,3.0,3.0,4.666666666666667,1.0,2.0,0.6,5 palabras
los autos azules son lindos,auto+auto+auto lindos,27.0,5.0,5.0,4.6,1.0,21.0,4.0,2.0,4.5,0.5,1.0,0.8,5 palabras
la casa blanca es chica,casa blanca chica,23.0,5.0,5.0,3.8,1.0,17.0,3.0,3.0,5.0,1.0,2.0,0.6,5 palabras
las casas blancas son chicas,casa+casa+casa blancas chicas,28.0,5.0,5.0,4.8,1.0,29.0,5.0,3.0,5.0,0.6,0.0,1.0,5 palabras
los niños son gordos,niño ellos gordo,20.0,4.0,4.0,4.25,1.0,16.0,3.0,3.0,4.666666666666667,1.0,1.0,0.75,4 palabras
los hombres son serios,hombre ellos serios,22.0,4.0,4.0,4.75,1.0,19.0,3.0,3.0,5.666666666666667,1.0,1.0,0.75,4 palabras
los hombres parecen serios,hombre ellos parecen serios,26.0,4.0,4.0,5.75,1.0,27.0,4.0,4.0,6.0,1.0,0.0,1.0,4 palabras
yo soy enojona,yo enojona así,14.0,3.0,3.0,4.0,1.0,14.0,3.0,3.0,4.0,1.0,0.0,1.0,3 palabras
tú eres enojón,tú enojón así,14.0,3.0,3.0,4.0,1.0,13.0,3.0,3.0,3.6666666666666665,1.0,0.0,1.0,3 palabras
él es enojón,él enojón así,12.0,3.0,3.0,3.3333333333333335,1.0,13.0,3.0,3.0,3.6666666666666665,1.0,0.0,1.0,3 palabras
ella es enojona,ella enojona así,15.0,3.0,3.0,4.333333333333333,1.0,16.0,3.0,3.0,4.666666666666667,1.0,0.0,1.0,3 palabras
ustedes son enojones,ustedes enojones así,20.0,3.0,3.0,6.0,1.0,20.0,3.0,3.0,6.0,1.0,0.0,1.0,3 palabras
nosotros somos enojones,nosotros enojones así,23.0,3.0,3.0,7.0,1.0,21.0,3.0,3.0,6.333333333333333,1.0,0.0,1.0,3 palabras
ellos son enojones,ellos enojones así,18.0,3.0,3.0,5.333333333333333,1.0,18.0,3.0,3.0,5.333333333333333,1.0,0.0,1.0,3 palabras
ellas son enojonas,ellas enojonas así,18.0,3.0,3.0,5.333333333333333,1.0,18.0,3.0,3.0,5.333333333333333,1.0,0.0,1.0,3 palabras
ustedes son enojones,ustedes enojones así,20.0,3.0,3.0,6.0,1.0,20.0,3.0,3.0,6.0,1.0,0.0,1.0,3 palabras
ustedes son enojonas,ustedes enojonas así,20.0,3.0,3.0,6.0,1.0,20.0,3.0,3.0,6.0,1.0,0.0,1.0,3 palabras
la niña es enojona,niño mujer enojona así,18.0,4.0,4.0,3.75,1.0,22.0,4.0,4.0,4.75,1.0,0.0,1.0,4 palabras
los niños son enojones,niño ellos enojones así,22.0,4.0,4.0,4.75,1.0,23.0,4.0,4.0,5.0,1.0,0.0,1.0,4 palabras
las niñas son enojonas,niño mujer ellas enojonas así,22.0,4.0,4.0,4.75,1.0,29.0,5.0,5.0,5.0,1.0,-1.0,1.25,4 palabras
el niño es enojón,niño enojon así,17.0,4.0,4.0,3.5,1.0,15.0,3.0,3.0,4.333333333333333,1.0,1.0,0.75,4 palabras
mi mamá es enojona,mamá mía enojona así,18.0,4.0,4.0,3.75,1.0,20.0,4.0,4.0,4.25,1.0,0.0,1.0,4 palabras
mi papá es enojón,papá mío enojón así,17.0,4.0,4.0,3.5,1.0,19.0,4.0,4.0,4.0,1.0,0.0,1.0,4 palabras
mi tía es enojona,tío mujer mía enojona así,17.0,4.0,4.0,3.5,1.0,25.0,5.0,5.0,4.2,1.0,-1.0,1.25,4 palabras
mi tío es enojón,tío mío enojón así,16.0,4.0,4.0,3.25,1.0,18.0,4.0,4.0,3.75,1.0,0.0,1.0,4 palabras
mi abuela es enojona,abuelo mujer mía enojona así,20.0,4.0,4.0,4.25,1.0,28.0,5.0,5.0,4.8,1.0,-1.0,1.25,4 palabras
mi abuelo es enojón,abuelo mío enojón así,19.0,4.0,4.0,4.0,1.0,21.0,4.0,4.0,4.5,1.0,0.0,1.0,4 palabras
mi amigo es enojón,amigo mío enojón así,18.0,4.0,4.0,3.75,1.0,20.0,4.0,4.0,4.25,1.0,0.0,1.0,4 palabras
mi amiga es enojona,amigo mujer enojona así,19.0,4.0,4.0,4.0,1.0,23.0,4.0,4.0,5.0,1.0,0.0,1.0,4 palabras
tu mamá es enojona,mamá tuya enojona así,18.0,4.0,4.0,3.75,1.0,21.0,4.0,4.0,4.5,1.0,0.0,1.0,4 palabras
tu papá es enojón,papá tuyo enojón así,17.0,4.0,4.0,3.5,1.0,20.0,4.0,4.0,4.25,1.0,0.0,1.0,4 palabras
tu tía es enojona,tío mujer tuya enojona así,17.0,4.0,4.0,3.5,1.0,26.0,5.0,5.0,4.4,1.0,-1.0,1.25,4 palabras
tu amiga es enojona,amiga tuya enojona así,19.0,4.0,4.0,4.0,1.0,22.0,4.0,4.0,4.75,1.0,0.0,1.0,4 palabras
tu amigo es enojón,amigo tuyo enojón así,18.0,4.0,4.0,3.75,1.0,21.0,4.0,4.0,4.5,1.0,0.0,1.0,4 palabras
tu tío es enojón,tío tuyo enojón así,16.0,4.0,4.0,3.25,1.0,19.0,4.0,4.0,4.0,1.0,0.0,1.0,4 palabras
tu abuela es enojona,abuelo mujer tuya enojona así,20.0,4.0,4.0,4.25,1.0,29.0,5.0,5.0,5.0,1.0,-1.0,1.25,4 palabras
tu abuelo es enojón,abuelo tuyo enojón así,19.0,4.0,4.0,4.0,1.0,22.0,4.0,4.0,4.75,1.0,0.0,1.0,4 palabras
tu prima es enojona,primo mujer tuya enojona así,19.0,4.0,4.0,4.0,1.0,28.0,5.0,5.0,4.8,1.0,-1.0,1.25,4 palabras
tu primo es enojón,primo tuyo enojón así,18.0,4.0,4.0,3.75,1.0,21.0,4.0,4.0,4.5,1.0,0.0,1.0,4 palabras
yo estoy enojado,yo enojado,16.0,3.0,3.0,4.666666666666667,1.0,10.0,2.0,2.0,4.5,1.0,1.0,0.6666666666666666,3 palabras
yo estoy enojada,yo enojada,16.0,3.0,3.0,4.666666666666667,1.0,10.0,2.0,2.0,4.5,1.0,1.0,0.6666666666666666,3 palabras
tú estás enojado,tú enojado,16.0,3.0,3.0,4.666666666666667,1.0,10.0,2.0,2.0,4.5,1.0,1.0,0.6666666666666666,3 palabras
él está enojado,él enojado,15.0,3.0,3.0,4.333333333333333,1.0,10.0,2.0,2.0,4.5,1.0,1.0,0.6666666666666666,3 palabras
ella está enojada,ella enojada,17.0,3.0,3.0,5.0,1.0,12.0,2.0,2.0,5.5,1.0,1.0,0.6666666666666666,3 palabras
ustedes están enojados,ustedes enojados,22.0,3.0,3.0,6.666666666666667,1.0,16.0,2.0,2.0,7.5,1.0,1.0,0.6666666666666666,3 palabras
nosotros estamos enojados,nosotros enojados,25.0,3.0,3.0,7.666666666666667,1.0,17.0,2.0,2.0,8.0,1.0,1.0,0.6666666666666666,3 palabras
ellos están enojados,ellos enojados,20.0,3.0,3.0,6.0,1.0,14.0,2.0,2.0,6.5,1.0,1.0,0.6666666666666666,3 palabras
ellas están enojadas,ellas enojadas,20.0,3.0,3.0,6.0,1.0,14.0,2.0,2.0,6.5,1.0,1.0,0.6666666666666666,3 palabras
ustedes están enojadas,ustedes enojadas,22.0,3.0,3.0,6.666666666666667,1.0,16.0,2.0,2.0,7.5,1.0,1.0,0.6666666666666666,3 palabras
ustedes están enojados,ustedes enojados,22.0,3.0,3.0,6.666666666666667,1.0,16.0,2.0,2.0,7.5,1.0,1.0,0.6666666666666666,3 palabras
mi mamá está enojada,mamá mía enojada,20.0,4.0,4.0,4.25,1.0,16.0,3.0,3.0,4.666666666666667,1.0,1.0,0.75,4 palabras
mi papá está enojado,papá mío enojado,20.0,4.0,4.0,4.25,1.0,16.0,3.0,3.0,4.666666666666667,1.0,1.0,0.75,4 palabras
mi tía está enojada,tío mujer mía enojada,19.0,4.0,4.0,4.0,1.0,21.0,4.0,4.0,4.5,1.0,0.0,1.0,4 palabras
mi tío está enojado,tío mío enojado,19.0,4.0,4.0,4.0,1.0,15.0,3.0,3.0,4.333333333333333,1.0,1.0,0.75,4 palabras
mi abuela está enojada,abuelo mujer mía enojada,22.0,4.0,4.0,4.75,1.0,24.0,4.0,4.0,5.25,1.0,0.0,1.0,4 palabras
mi abuelo está enojado,abuelo mío enojado,22.0,4.0,4.0,4.75,1.0,18.0,3.0,3.0,5.333333333333333,1.0,1.0,0.75,4 palabras
mi amigo está enojado,amigo mío enojado,21.0,4.0,4.0,4.5,1.0,17.0,3.0,3.0,5.0,1.0,1.0,0.75,4 palabras
mi amiga está enojada,amigo mujer enojada,21.0,4.0,4.0,4.5,1.0,19.0,3.0,3.0,5.666666666666667,1.0,1.0,0.75,4 palabras
tu mamá está enojada,mamá tuya enojada,20.0,4.0,4.0,4.25,1.0,17.0,3.0,3.0,5.0,1.0,1.0,0.75,4 palabras
tu papá está enojado,papá tuyo enojado,20.0,4.0,4.0,4.25,1.0,17.0,3.0,3.0,5.0,1.0,1.0,0.75,4 palabras
tu tía está enojada,tío mujer tuya enojada,19.0,4.0,4.0,4.0,1.0,22.0,4.0,4.0,4.75,1.0,0.0,1.0,4 palabras
tu amiga está enojada,amiga tuya enojada,21.0,4.0,4.0,4.5,1.0,18.0,3.0,3.0,5.333333333333333,1.0,1.0,0.75,4 palabras
tu amigo está enojado,amigo tuyo enojado,21.0,4.0,4.0,4.5,1.0,18.0,3.0,3.0,5.333333333333333,1.0,1.0,0.75,4 palabras
tu tío está enojado,tío tuyo enojado,19.0,4.0,4.0,4.0,1.0,16.0,3.0,3.0,4.666666666666667,1.0,1.0,0.75,4 palabras
tu abuela está enojada,abuelo mujer tuya enojada,22.0,4.0,4.0,4.75,1.0,25.0,4.0,4.0,5.5,1.0,0.0,1.0,4 palabras
tu abuelo está enojado,abuelo tuyo enojado,22.0,4.0,4.0,4.75,1.0,19.0,3.0,3.0,5.666666666666667,1.0,1.0,0.75,4 palabras
tu prima está enojada,primo mujer tuya enojada,21.0,4.0,4.0,4.5,1.0,24.0,4.0,4.0,5.25,1.0,0.0,1.0,4 palabras
tu primo está enojado,primo tuyo enojado,21.0,4.0,4.0,4.5,1.0,18.0,3.0,3.0,5.333333333333333,1.0,1.0,0.75,4 palabras
los niños están enojados,niño ellos enojados,24.0,4.0,4.0,5.25,1.0,19.0,3.0,3.0,5.666666666666667,1.0,1.0,0.75,4 palabras
las niñas están enojadas,niño mujer ellas enojadas,24.0,4.0,4.0,5.25,1.0,25.0,4.0,4.0,5.5,1.0,0.0,1.0,4 palabras
la mujer está enojada,mujer enojada,21.0,4.0,4.0,4.5,1.0,13.0,2.0,2.0,6.0,1.0,2.0,0.5,4 palabras
la mujer es enojona,mujer enojona así,19.0,4.0,4.0,4.0,1.0,17.0,3.0,3.0,5.0,1.0,1.0,0.75,4 palabras
yo soy alegre,yo alegre así,13.0,3.0,3.0,3.6666666666666665,1.0,13.0,3.0,3.0,3.6666666666666665,1.0,0.0,1.0,3 palabras
tú eres alegre,tú alegre así,14.0,3.0,3.0,4.0,1.0,13.0,3.0,3.0,3.6666666666666665,1.0,0.0,1.0,3 palabras
él es alegre,él alegre así,12.0,3.0,3.0,3.3333333333333335,1.0,13.0,3.0,3.0,3.6666666666666665,1.0,0.0,1.0,3 palabras
nosotros somos alegres,nosotros alegres así,22.0,3.0,3.0,6.666666666666667,1.0,20.0,3.0,3.0,6.0,1.0,0.0,1.0,3 palabras
ustedes son alegres,ustedes alegres así,19.0,3.0,3.0,5.666666666666667,1.0,19.0,3.0,3.0,5.666666666666667,1.0,0.0,1.0,3 palabras
ellos son alegres,ellos alegres así,17.0,3.0,3.0,5.0,1.0,17.0,3.0,3.0,5.0,1.0,0.0,1.0,3 palabras
ellas son alegres,ellas alegres así,17.0,3.0,3.0,5.0,1.0,17.0,3.0,3.0,5.0,1.0,0.0,1.0,3 palabras
mi mamá es alegre,mamá mía alegre así,17.0,4.0,4.0,3.5,1.0,19.0,4.0,4.0,4.0,1.0,0.0,1.0,4 palabras
mi papá es alegre,papá mío alegre así,17.0,4.0,4.0,3.5,1.0,19.0,4.0,4.0,4.0,1.0,0.0,1.0,4 palabras
mi amigo es alegre,amigo mío alegre así,18.0,4.0,4.0,3.75,1.0,20.0,4.0,4.0,4.25,1.0,0.0,1.0,4 palabras
mi amiga es alegre,amigo mujer mía alegre así,18.0,4.0,4.0,3.75,1.0,26.0,5.0,5.0,4.4,1.0,-1.0,1.25,4 palabras
mi abuelo es alegre,abuelo mío alegre así,19.0,4.0,4.0,4.0,1.0,21.0,4.0,4.0,4.5,1.0,0.0,1.0,4 palabras
mi abuela es alegre,abuelo mujer mía alegre así,19.0,4.0,4.0,4.0,1.0,27.0,5.0,5.0,4.6,1.0,-1.0,1.25,4 palabras
mi tío es alegre,tío mío alegre así,16.0,4.0,4.0,3.25,1.0,18.0,4.0,4.0,3.75,1.0,0.0,1.0,4 palabras
mi tía es alegre,tío mujer mía alegre así,16.0,4.0,4.0,3.25,1.0,24.0,5.0,5.0,4.0,1.0,-1.0,1.25,4 palabras
mi novio es alegre,novio mío alegre así,18.0,4.0,4.0,3.75,1.0,20.0,4.0,4.0,4.25,1.0,0.0,1.0,4 palabras
la niña es alegre,niño mujer alegre así,17.0,4.0,4.0,3.5,1.0,21.0,4.0,4.0,4.5,1.0,0.0,1.0,4 palabras
el niño es alegre,niño alegre así,17.0,4.0,4.0,3.5,1.0,15.0,3.0,3.0,4.333333333333333,1.0,1.0,0.75,4 palabras
yo estoy alegre,yo alegre,15.0,3.0,3.0,4.333333333333333,1.0,9.0,2.0,2.0,4.0,1.0,1.0,0.6666666666666666,3 palabras
tú estás alegre,tú alegre,15.0,3.0,3.0,4.333333333333333,1.0,9.0,2.0,2.0,4.0,1.0,1.0,0.6666666666666666,3 palabras
él está alegre,él alegre,14.0,3.0,3.0,4.0,1.0,9.0,2.0,2.0,4.0,1.0,1.0,0.6666666666666666,3 palabras
nosotros estamos alegres,nosotros alegres,24.0,3.0,3.0,7.333333333333333,1.0,16.0,2.0,2.0,7.5,1.0,1.0,0.6666666666666666,3 palabras
ustedes están alegres,ustedes alegres,21.0,3.0,3.0,6.333333333333333,1.0,15.0,2.0,2.0,7.0,1.0,1.0,0.6666666666666666,3 palabras
ellos están alegres,ellos alegres,19.0,3.0,3.0,5.666666666666667,1.0,13.0,2.0,2.0,6.0,1.0,1.0,0.6666666666666666,3 palabras
ellas están alegres,ellas alegres,19.0,3.0,3.0,5.666666666666667,1.0,13.0,2.0,2.0,6.0,1.0,1.0,0.6666666666666666,3 palabras
mi mamá está alegre,mamá mía alegre,19.0,4.0,4.0,4.0,1.0,15.0,3.0,3.0,4.333333333333333,1.0,1.0,0.75,4 palabras
mi papá está alegre,papá mío alegre,19.0,4.0,4.0,4.0,1.0,15.0,3.0,3.0,4.333333333333333,1.0,1.0,0.75,4 palabras
mi amigo está alegre,amigo mío alegre,20.0,4.0,4.0,4.25,1.0,16.0,3.0,3.0,4.666666666666667,1.0,1.0,0.75,4 palabras
mi amiga está alegre,amigo mujer mía alegre,20.0,4.0,4.0,4.25,1.0,22.0,4.0,4.0,4.75,1.0,0.0,1.0,4 palabras
mi abuelo está alegre,abuelo mío alegre,21.0,4.0,4.0,4.5,1.0,17.0,3.0,3.0,5.0,1.0,1.0,0.75,4 palabras
mi abuela está alegre,abuelo mujer mía alegre,21.0,4.0,4.0,4.5,1.0,23.0,4.0,4.0,5.0,1.0,0.0,1.0,4 palabras
mi tío está alegre,tío mío alegre,18.0,4.0,4.0,3.75,1.0,14.0,3.0,3.0,4.0,1.0,1.0,0.75,4 palabras
mi tía está alegre,tío mujer mía alegre,18.0,4.0,4.0,3.75,1.0,20.0,4.0,4.0,4.25,1.0,0.0,1.0,4 palabras
mi novio es alegre,novio mío alegre,18.0,4.0,4.0,3.75,1.0,16.0,3.0,3.0,4.666666666666667,1.0,1.0,0.75,4 palabras
la niña está alegre,niño mujer alegre,19.0,4.0,4.0,4.0,1.0,17.0,3.0,3.0,5.0,1.0,1.0,0.75,4 palabras
el niño está alegre,niño alegre,19.0,4.0,4.0,4.0,1.0,11.0,2.0,2.0,5.0,1.0,2.0,0.5,4 palabras
las niñas están alegres,niño mujer ellas alegres,23.0,4.0,4.0,5.0,1.0,24.0,4.0,4.0,5.25,1.0,0.0,1.0,4 palabras
los niños están alegres,niño ellos alegres,23.0,4.0,4.0,5.0,1.0,18.0,3.0,3.0,5.333333333333333,1.0,1.0,0.75,4 palabras
las mujeres están cansadas,mujer ellas cansadas,26.0,4.0,4.0,5.75,1.0,20.0,3.0,3.0,6.0,1.0,1.0,0.75,4 palabras
el niño es gordo,niño gordo,16.0,4.0,4.0,3.25,1.0,10.0,2.0,2.0,4.5,1.0,2.0,0.5,4 palabras
la niña es gorda,niño mujer gorda,16.0,4.0,4.0,3.25,1.0,16.0,3.0,3.0,4.666666666666667,1.0,1.0,0.75,4 palabras
el niño,niño,7.0,2.0,2.0,3.0,1.0,4.0,1.0,1.0,4.0,1.0,1.0,0.5,2 palabras
los niños parecen felices,niño ellos parecen felices,25.0,4.0,4.0,5.5,1.0,26.0,4.0,4.0,5.75,1.0,0.0,1.0,4 palabras
los niños son felices,niño ellos feliz así,21.0,4.0,4.0,4.5,1.0,20.0,4.0,4.0,4.25,1.0,0.0,1.0,4 palabras
los niños están felices,niño ellos feliz,23.0,4.0,4.0,5.0,1.0,16.0,3.0,3.0,4.666666666666667,1.0,1.0,0.75,4 palabras
el niño está feliz,niño feliz,18.0,4.0,4.0,3.75,1.0,10.0,2.0,2.0,4.5,1.0,2.0,0.5,4 palabras
el niño es feliz,niño feliz así,16.0,4.0,4.0,3.25,1.0,14.0,3.0,3.0,4.0,1.0,1.0,0.75,4 palabras
el niño llora,niño llora,13.0,3.0,3.0,3.6666666666666665,1.0,10.0,2.0,2.0,4.5,1.0,1.0,0.6666666666666666,3 palabras
los niños están felices,niño ellos felices,23.0,4.0,4.0,5.0,1.0,18.0,3.0,3.0,5.333333333333333,1.0,1.0,0.75,4 palabras
los niños parecen felices,niño ellos parecen felices,25.0,4.0,4.0,5.5,1.0,26.0,4.0,4.0,5.75,1.0,0.0,1.0,4 palabras
la niña está triste,niño mujer triste,19.0,4.0,4.0,4.0,1.0,17.0,3.0,3.0,5.0,1.0,1.0,0.75,4 palabras
las mujeres están tristes,mujer ellas tristes,25.0,4.0,4.0,5.5,1.0,19.0,3.0,3.0,5.666666666666667,1.0,1.0,0.75,4 palabras
los hombres están tristes,hombre ellos tristes,25.0,4.0,4.0,5.5,1.0,20.0,3.0,3.0,6.0,1.0,1.0,0.75,4 palabras
los hombres están nerviosos,hombre ellos nerviosos,27.0,4.0,4.0,6.0,1.0,22.0,3.0,3.0,6.666666666666667,1.0,1.0,0.75,4 palabras
los niños están impacientes,niño ellos impacientes,27.0,4.0,4.0,6.0,1.0,22.0,3.0,3.0,6.666666666666667,1.0,1.0,0.75,4 palabras
las niñas están impacientes,niño mujer ellas impacientes,27.0,4.0,4.0,6.0,1.0,28.0,4.0,4.0,6.25,1.0,0.0,1.0,4 palabras
las niñas están felices,niño mujer ellas felices,23.0,4.0,4.0,5.0,1.0,24.0,4.0,4.0,5.25,1.0,0.0,1.0,4 palabras
la maestra es gorda,maestro mujer gorda,19.0,4.0,4.0,4.0,1.0,19.0,3.0,3.0,5.666666666666667,1.0,1.0,0.75,4 palabras
la niña,niño mujer,7.0,2.0,2.0,3.0,1.0,10.0,2.0,2.0,4.5,1.0,0.0,1.0,2 palabras
"la bandera es verde, blanco y rojo",bandera verde blanco rojo,34.0,7.0,7.0,3.857142857142857,1.0,25.0,4.0,4.0,5.5,1.0,3.0,0.5714285714285714,≥7 palabras
mi papá tiene un carro azul,papá mío carro azul tener,27.0,6.0,6.0,3.6666666666666665,1.0,25.0,5.0,5.0,4.2,1.0,1.0,0.8333333333333334,6 palabras
mi mamá usa un vestido rojo,mamá mía vestido rojo usar,27.0,6.0,6.0,3.6666666666666665,1.0,26.0,5.0,5.0,4.4,1.0,1.0,0.8333333333333334,6 palabras
mi perro come carne roja,perro mío carne roja comer,24.0,5.0,5.0,4.0,1.0,26.0,5.0,5.0,4.4,1.0,0.0,1.0,5 palabras
mi tía corta el pasto seco,tío mujer mía pasto verde cortar,26.0,6.0,6.0,3.5,1.0,32.0,6.0,6.0,4.5,1.0,0.0,1.0,6 palabras
tu abuela prepara chocolate caliente,abuela tuya chocolate caliente preparar,36.0,5.0,5.0,6.4,1.0,39.0,5.0,5.0,7.0,1.0,0.0,1.0,5 palabras
mi novio tiene lentes redondos,novio mío lentes redondos tener,30.0,5.0,5.0,5.2,1.0,31.0,5.0,5.0,5.4,1.0,0.0,1.0,5 palabras
tu tía maneja un carro pequeño,tía tuya carro pequeño manejar,30.0,6.0,6.0,4.166666666666667,1.0,30.0,5.0,5.0,5.2,1.0,1.0,0.8333333333333334,6 palabras
mi prima fue a una fiesta ayer,ayer fiesta primo mujer ir,30.0,7.0,7.0,3.4285714285714284,1.0,26.0,5.0,5.0,4.4,1.0,2.0,0.7142857142857143,≥7 palabras
el murió ayer,ayer el morir,13.0,3.0,3.0,3.6666666666666665,1.0,13.0,3.0,3.0,3.6666666666666665,1.0,0.0,1.0,3 palabras
ayer estuve ocupada,ayer yo ocupado estar,19.0,3.0,3.0,5.666666666666667,1.0,21.0,4.0,4.0,4.5,1.0,-1.0,1.3333333333333333,3 palabras
ayer estuve ocupado,ayer yo ocupado estar,19.0,3.0,3.0,5.666666666666667,1.0,21.0,4.0,4.0,4.5,1.0,-1.0,1.3333333333333333,3 palabras
ayer hacía calor,ayer calor,16.0,3.0,3.0,4.666666666666667,1.0,10.0,2.0,2.0,4.5,1.0,1.0,0.6666666666666666,3 palabras
ayer hacía frío,ayer frío,15.0,3.0,3.0,4.333333333333333,1.0,9.0,2.0,2.0,4.0,1.0,1.0,0.6666666666666666,3 palabras
murió ayer,ayer el morir,10.0,2.0,2.0,4.5,1.0,13.0,3.0,3.0,3.6666666666666665,1.0,-1.0,1.5,2 palabras
hablamos ayer,ayer nosotros hablar,13.0,2.0,2.0,6.0,1.0,20.0,3.0,3.0,6.0,1.0,-1.0,1.5,2 palabras
habló ayer,ayer yo hablar,10.0,2.0,2.0,4.5,1.0,14.0,3.0,3.0,4.0,1.0,-1.0,1.5,2 palabras
hablaron ayer,ayer ustedes hablar,13.0,2.0,2.0,6.0,1.0,19.0,3.0,3.0,5.666666666666667,1.0,-1.0,1.5,2 palabras
hablaron ayer,ayer ellos hablar,13.0,2.0,2.0,6.0,1.0,17.0,3.0,3.0,5.0,1.0,-1.0,1.5,2 palabras
hablaron ayer,ayer ellas hablar,13.0,2.0,2.0,6.0,1.0,17.0,3.0,3.0,5.0,1.0,-1.0,1.5,2 palabras
hablaste ayer,ayer tú hablaste,13.0,2.0,2.0,6.0,1.0,16.0,3.0,3.0,4.666666666666667,1.0,-1.0,1.5,2 palabras
murió ayer,ayer ella morir,10.0,2.0,2.0,4.5,1.0,15.0,3.0,3.0,4.333333333333333,1.0,-1.0,1.5,2 palabras
ayer vino TOM,ayer TOM venir,13.0,3.0,3.0,3.6666666666666665,1.0,14.0,3.0,3.0,4.0,1.0,0.0,1.0,3 palabras
mi primo fue a la escuela ayer,ayer escuela primo mío ir,30.0,7.0,7.0,3.4285714285714284,1.0,25.0,5.0,5.0,4.2,1.0,2.0,0.7142857142857143,≥7 palabras
ayer hizo calor,ayer calor,15.0,3.0,3.0,4.333333333333333,1.0,10.0,2.0,2.0,4.5,1.0,1.0,0.6666666666666666,3 palabras
ayer nevó,ayer nevar,9.0,2.0,2.0,4.0,1.0,10.0,2.0,2.0,4.5,1.0,0.0,1.0,2 palabras
ayer comí huevos,ayer yo huevos comer,16.0,3.0,3.0,4.666666666666667,1.0,20.0,4.0,4.0,4.25,1.0,-1.0,1.3333333333333333,3 palabras
comí pescado ayer,ayer yo pescado comer,17.0,3.0,3.0,5.0,1.0,21.0,4.0,4.0,4.5,1.0,-1.0,1.3333333333333333,3 palabras
ayer comí pescado,ayer yo pescado comer,17.0,3.0,3.0,5.0,1.0,21.0,4.0,4.0,4.5,1.0,-1.0,1.3333333333333333,3 palabras
estuve enfermo ayer,ayer yo enfermo,19.0,3.0,3.0,5.666666666666667,1.0,15.0,3.0,3.0,4.333333333333333,1.0,0.0,1.0,3 palabras
ayer estaba enfermo,ayer yo enfermo,19.0,3.0,3.0,5.666666666666667,1.0,15.0,3.0,3.0,4.333333333333333,1.0,0.0,1.0,3 palabras
estuve ocupado la semana pasada,semana pasada yo ocupado estar,31.0,5.0,5.0,5.4,1.0,30.0,5.0,5.0,5.2,1.0,0.0,1.0,5 palabras
estuve ocupada la semana pasada,semana pasada yo ocupada estar,31.0,5.0,5.0,5.4,1.0,30.0,5.0,5.0,5.2,1.0,0.0,1.0,5 palabras
el anciano murió la semana pasada,semana pasada anciano morir,33.0,6.0,6.0,4.666666666666667,1.0,27.0,4.0,4.0,6.0,1.0,2.0,0.6666666666666666,6 palabras
la semana pasada estaba en el hospital,semana pasada hospital yo estar,38.0,7.0,7.0,4.571428571428571,1.0,31.0,5.0,5.0,5.4,1.0,2.0,0.7142857142857143,≥7 palabras
estuve en el hospital la semana pasada,semana pasada hospital yo estar,38.0,7.0,7.0,4.571428571428571,1.0,31.0,5.0,5.0,5.4,1.0,2.0,0.7142857142857143,≥7 palabras
ella se fue de viaje la semana pasada,semana pasada ella viajar,37.0,8.0,8.0,3.75,1.0,25.0,4.0,4.0,5.5,1.0,4.0,0.5,≥7 palabras
recibí una carta la semana pasada,semana pasada yo carta recibir,33.0,6.0,6.0,4.666666666666667,1.0,30.0,5.0,5.0,5.2,1.0,1.0,0.8333333333333334,6 palabras
recibí un correo la semana pasada,semana pasada yo correo recibir,33.0,6.0,6.0,4.666666666666667,1.0,31.0,5.0,5.0,5.4,1.0,1.0,0.8333333333333334,6 palabras
la semana pasada comí pizza todos los días,semana pasada todos los días yo pizza comer,42.0,8.0,8.0,4.375,1.0,43.0,8.0,8.0,4.5,1.0,0.0,1.0,≥7 palabras
él fue a la playa la semana pasada,semana pasada playa él ir,34.0,8.0,7.0,3.375,0.875,25.0,5.0,5.0,4.2,1.0,3.0,0.625,≥7 palabras
ella compró un coche la semana pasada,semana pasada ella coche comprar,37.0,7.0,7.0,4.428571428571429,1.0,32.0,5.0,5.0,5.6,1.0,2.0,0.7142857142857143,≥7 palabras
él hizo eso la semana pasada,semana pasada éleso hacer,28.0,6.0,6.0,3.8333333333333335,1.0,25.0,4.0,4.0,5.5,1.0,2.0,0.6666666666666666,6 palabras
fui a ver a su hermana la semana pasada,"semana pasada hermana suya ella, yo ver",39.0,9.0,8.0,3.4444444444444446,0.8888888888888888,39.0,7.0,7.0,4.571428571428571,1.0,2.0,0.7777777777777778,≥7 palabras
su padre murió la semana pasada,semana pasada padre suyo morir,31.0,6.0,6.0,4.333333333333333,1.0,30.0,5.0,5.0,5.2,1.0,1.0,0.8333333333333334,6 palabras
¿cuántos plátanos te comiste la semana pasada?,¿semana pasada tú platanos comer cuántos?,46.0,7.0,7.0,5.428571428571429,1.0,41.0,6.0,6.0,5.666666666666667,1.0,1.0,0.8571428571428571,≥7 palabras
¿cuánto dinero gastaste la semana pasada?,¿semana pasada tú dinero gastar cuánto?,41.0,6.0,6.0,5.666666666666667,1.0,39.0,6.0,6.0,5.333333333333333,1.0,0.0,1.0,6 palabras
Él fue a Estados Unidos la semana pasada,semana pasada Estados Unidos él ir,40.0,8.0,8.0,4.125,1.0,34.0,6.0,6.0,4.833333333333333,1.0,2.0,0.75,≥7 palabras
ayer estaba enferma,ayer yo enfermo,19.0,3.0,3.0,5.666666666666667,1.0,15.0,3.0,3.0,4.333333333333333,1.0,0.0,1.0,3 palabras
fui a la escuela ayer,ayer escuela yo ir,21.0,5.0,5.0,3.4,1.0,18.0,4.0,4.0,3.75,1.0,1.0,0.8,5 palabras
ayer fue lunes,ayer lunes,14.0,3.0,3.0,4.0,1.0,10.0,2.0,2.0,4.5,1.0,1.0,0.6666666666666666,3 palabras
comí curri ayer,ayer yo curri comer,15.0,3.0,3.0,4.333333333333333,1.0,19.0,4.0,4.0,4.0,1.0,-1.0,1.3333333333333333,3 palabras
¿estudiaste ayer?,¿ayer tú estudiar?,17.0,2.0,2.0,7.0,1.0,18.0,3.0,3.0,4.666666666666667,1.0,-1.0,1.5,2 palabras
¿Hizo frío ayer?,¿ayer frío?,16.0,3.0,3.0,4.0,1.0,11.0,2.0,2.0,4.0,1.0,1.0,0.6666666666666666,3 palabras
ayer estaba nublado,ayer nublado,19.0,3.0,3.0,5.666666666666667,1.0,12.0,2.0,2.0,5.5,1.0,1.0,0.6666666666666666,3 palabras
nos conocimos ahí ayer,ayer ahí nosotros conocer,22.0,4.0,4.0,4.75,1.0,25.0,4.0,4.0,5.5,1.0,0.0,1.0,4 palabras
pasó ayer,ayer pasar,9.0,2.0,2.0,4.0,1.0,10.0,2.0,2.0,4.5,1.0,0.0,1.0,2 palabras
¿nadaste ayer?,¿ayer tú nadar?,14.0,2.0,2.0,5.5,1.0,15.0,3.0,3.0,3.6666666666666665,1.0,-1.0,1.5,2 palabras
¿trabajaste ayer?,¿ayer tú trabajar?,17.0,2.0,2.0,7.0,1.0,18.0,3.0,3.0,4.666666666666667,1.0,-1.0,1.5,2 palabras
ocurrió ayer,ayer ocurrir,12.0,2.0,2.0,5.5,1.0,12.0,2.0,2.0,5.5,1.0,0.0,1.0,2 palabras
ayer estuve allí,ayer allí estar,16.0,3.0,3.0,4.666666666666667,1.0,15.0,3.0,3.0,4.333333333333333,1.0,0.0,1.0,3 palabras
TOM vió a ANA ayer,"ayer ANA ella, TOM ver",18.0,5.0,5.0,2.8,1.0,22.0,5.0,5.0,3.4,1.0,0.0,1.0,5 palabras
el se fue a casa ayer,ayer casa ahí él ir,21.0,6.0,6.0,2.6666666666666665,1.0,19.0,5.0,5.0,3.0,1.0,1.0,0.8333333333333334,6 palabras
ayer no comí,ayer yo comer nada,12.0,3.0,3.0,3.3333333333333335,1.0,18.0,4.0,4.0,3.75,1.0,-1.0,1.3333333333333333,3 palabras
ayer le ayudé,"ayer él, yo ayudar",13.0,3.0,3.0,3.6666666666666665,1.0,18.0,4.0,4.0,3.5,1.0,-1.0,1.3333333333333333,3 palabras
ayer les ayudé,"ayer ellos, yo ayudar",14.0,3.0,3.0,4.0,1.0,21.0,4.0,4.0,4.25,1.0,-1.0,1.3333333333333333,3 palabras
ayer les ayudé,"ayer ustedes, yo ayudar",14.0,3.0,3.0,4.0,1.0,23.0,4.0,4.0,4.75,1.0,-1.0,1.3333333333333333,3 palabras
ayer compré esto,ayer yo esto comprar,16.0,3.0,3.0,4.666666666666667,1.0,20.0,4.0,4.0,4.25,1.0,-1.0,1.3333333333333333,3 palabras
ayer vine aquí,ayer aquí ahí yo venir,14.0,3.0,3.0,4.0,1.0,22.0,5.0,5.0,3.6,1.0,-2.0,1.6666666666666667,3 palabras
ellos nos vieron ayer,ayer nosotros ellos ver,21.0,4.0,4.0,4.5,1.0,23.0,4.0,4.0,5.0,1.0,0.0,1.0,4 palabras
me despidieron ayer,ayer yo despedido,19.0,3.0,3.0,5.666666666666667,1.0,17.0,3.0,3.0,5.0,1.0,0.0,1.0,3 palabras
te veremos el próximo lunes,próximo lunes nosotros tú ver,27.0,5.0,5.0,4.6,1.0,29.0,5.0,5.0,5.0,1.0,0.0,1.0,5 palabras
el próximo viernes comeré pizza,próximo viernes yo pizza comer,31.0,5.0,5.0,5.4,1.0,30.0,5.0,5.0,5.2,1.0,0.0,1.0,5 palabras
mi departamento tiene ventanas grandes,departamento mío ventana+ventana+ventana tener,38.0,5.0,5.0,6.8,1.0,46.0,6.0,4.0,6.833333333333333,0.6666666666666666,-1.0,1.2,5 palabras
tu casa es grande,casa tuya grande,17.0,4.0,4.0,3.5,1.0,16.0,3.0,3.0,4.666666666666667,1.0,1.0,0.75,4 palabras
tu casa está grande,casa tuya grande,19.0,4.0,4.0,4.0,1.0,16.0,3.0,3.0,4.666666666666667,1.0,1.0,0.75,4 palabras
los lentes son negros,lentes negros,21.0,4.0,4.0,4.5,1.0,13.0,2.0,2.0,6.0,1.0,2.0,0.5,4 palabras
los autos,auto ellos,9.0,2.0,2.0,4.0,1.0,10.0,2.0,2.0,4.5,1.0,0.0,1.0,2 palabras
mi hija quiere comer,hijo mujer mía comer querer,20.0,4.0,4.0,4.25,1.0,27.0,5.0,5.0,4.6,1.0,-1.0,1.25,4 palabras
mi hijo quiere comer,hijo mío comer querer,20.0,4.0,4.0,4.25,1.0,21.0,4.0,4.0,4.5,1.0,0.0,1.0,4 palabras
a mi hermana le gusta platicar,hermano mujer mío platicar gustar,30.0,6.0,6.0,4.166666666666667,1.0,33.0,5.0,5.0,5.8,1.0,1.0,0.8333333333333334,6 palabras
a mi hermana no le gusta platicar,hermano mujer mío platicar gustar no,33.0,7.0,7.0,3.857142857142857,1.0,36.0,6.0,6.0,5.166666666666667,1.0,1.0,0.8571428571428571,≥7 palabras
a mi hermano le gusta platicar,hermano mío platicar gustar,30.0,6.0,6.0,4.166666666666667,1.0,27.0,4.0,4.0,6.0,1.0,2.0,0.6666666666666666,6 palabras
a mi hermano no le gusta platicar,hermano mío platicar gustar no,33.0,7.0,7.0,3.857142857142857,1.0,30.0,5.0,5.0,5.2,1.0,2.0,0.7142857142857143,≥7 palabras
a mi abuela no le gusta platicar,abuelo mujer mía platicar gustar no,32.0,7.0,7.0,3.7142857142857144,1.0,35.0,6.0,6.0,5.0,1.0,1.0,0.8571428571428571,≥7 palabras
a mi abuela le gusta platicar,abuelo mujer mía platicar gustar,29.0,6.0,6.0,4.0,1.0,32.0,5.0,5.0,5.6,1.0,1.0,0.8333333333333334,6 palabras
a mi papá le gusta trabajar,papá mío trabajar gustar,27.0,6.0,6.0,3.6666666666666665,1.0,24.0,4.0,4.0,5.25,1.0,2.0,0.6666666666666666,6 palabras
a mi papá no le gusta trabajar,papá mío trabajar gustar no,30.0,7.0,7.0,3.4285714285714284,1.0,27.0,5.0,5.0,4.6,1.0,2.0,0.7142857142857143,≥7 palabras
a mi mamá le gusta pasear,mamá mía pasear gustar,25.0,6.0,6.0,3.3333333333333335,1.0,22.0,4.0,4.0,4.75,1.0,2.0,0.6666666666666666,6 palabras
a mi mamá no le gusta pasear,mamá mío pasear gustar no,28.0,7.0,7.0,3.142857142857143,1.0,25.0,5.0,5.0,4.2,1.0,2.0,0.7142857142857143,≥7 palabras
tu papá tiene una corbata azul,papá tuyo corbata azul tener,30.0,6.0,6.0,4.166666666666667,1.0,28.0,5.0,5.0,4.8,1.0,1.0,0.8333333333333334,6 palabras
tus amigos cuentan chistes graciosos,amigo ellos tuyos chistes graciosos contar,36.0,5.0,5.0,6.4,1.0,42.0,6.0,6.0,6.166666666666667,1.0,-1.0,1.2,5 palabras
tu maestra es inteligente,maestro mujer inteligente tuyo,25.0,4.0,4.0,5.5,1.0,30.0,4.0,4.0,6.75,1.0,0.0,1.0,4 palabras
tu maestro está enojado,maestro enojado tuyo,23.0,4.0,4.0,5.0,1.0,20.0,3.0,3.0,6.0,1.0,1.0,0.75,4 palabras
tu maestro es enojón,maestro enojón tuyo así,20.0,4.0,4.0,4.25,1.0,23.0,4.0,4.0,5.0,1.0,0.0,1.0,4 palabras
tu mamá,mamá tuya,7.0,2.0,2.0,3.0,1.0,9.0,2.0,2.0,4.0,1.0,0.0,1.0,2 palabras
tu papá,papá tuyo,7.0,2.0,2.0,3.0,1.0,9.0,2.0,2.0,4.0,1.0,0.0,1.0,2 palabras
tu abuelo,abuelo tuyo,9.0,2.0,2.0,4.0,1.0,11.0,2.0,2.0,5.0,1.0,0.0,1.0,2 palabras
tu abuela,abuelo mujer tuya,9.0,2.0,2.0,4.0,1.0,17.0,3.0,3.0,5.0,1.0,-1.0,1.5,2 palabras
tu tío,tío tuyo,6.0,2.0,2.0,2.5,1.0,8.0,2.0,2.0,3.5,1.0,0.0,1.0,2 palabras
tu hijo,hijo tuyo,7.0,2.0,2.0,3.0,1.0,9.0,2.0,2.0,4.0,1.0,0.0,1.0,2 palabras
tu hija,hijo mujer tuya,7.0,2.0,2.0,3.0,1.0,15.0,3.0,3.0,4.333333333333333,1.0,-1.0,1.5,2 palabras
tu sobrino,sobrino tuyo,10.0,2.0,2.0,4.5,1.0,12.0,2.0,2.0,5.5,1.0,0.0,1.0,2 palabras
tus sobrinos,sobrino ellos tuyos,12.0,2.0,2.0,5.5,1.0,19.0,3.0,3.0,5.666666666666667,1.0,-1.0,1.5,2 palabras
tu sobrina,sobrino mujer tuya,10.0,2.0,2.0,4.5,1.0,18.0,3.0,3.0,5.333333333333333,1.0,-1.0,1.5,2 palabras
tus sobrinas,amigo ellos tuyos chistes graciosos contar,12.0,2.0,2.0,5.5,1.0,42.0,6.0,6.0,6.166666666666667,1.0,-4.0,3.0,2 palabras
tu hermano,hermano tuyo,10.0,2.0,2.0,4.5,1.0,12.0,2.0,2.0,5.5,1.0,0.0,1.0,2 palabras
tu hermana,hermano mujer tuyo,10.0,2.0,2.0,4.5,1.0,18.0,3.0,3.0,5.333333333333333,1.0,-1.0,1.5,2 palabras
tus hermanas,hermano mujer tuyos,12.0,2.0,2.0,5.5,1.0,19.0,3.0,3.0,5.666666666666667,1.0,-1.0,1.5,2 palabras
tu maestro,maestro tuyo,10.0,2.0,2.0,4.5,1.0,12.0,2.0,2.0,5.5,1.0,0.0,1.0,2 palabras
tu maestra,maestra tuya,10.0,2.0,2.0,4.5,1.0,12.0,2.0,2.0,5.5,1.0,0.0,1.0,2 palabras
tu primo,primo tuyo,8.0,2.0,2.0,3.5,1.0,10.0,2.0,2.0,4.5,1.0,0.0,1.0,2 palabras
tus primos,sobrino ellos tuyos,10.0,2.0,2.0,4.5,1.0,19.0,3.0,3.0,5.666666666666667,1.0,-1.0,1.5,2 palabras
tu prima,primo mujer tuya,8.0,2.0,2.0,3.5,1.0,16.0,3.0,3.0,4.666666666666667,1.0,-1.0,1.5,2 palabras
tus primas,primo mujer ellas tuyas,10.0,2.0,2.0,4.5,1.0,23.0,4.0,4.0,5.0,1.0,-2.0,2.0,2 palabras
tu hermana,hermano mujer tuya,10.0,2.0,2.0,4.5,1.0,18.0,3.0,3.0,5.333333333333333,1.0,-1.0,1.5,2 palabras
tus hermanas,hermano mujer ellas tuyas,12.0,2.0,2.0,5.5,1.0,25.0,4.0,4.0,5.5,1.0,-2.0,2.0,2 palabras
tu tía,tío mujer tuya,6.0,2.0,2.0,2.5,1.0,14.0,3.0,3.0,4.0,1.0,-1.0,1.5,2 palabras
tu abuelo,abuelo tuyo,9.0,2.0,2.0,4.0,1.0,11.0,2.0,2.0,5.0,1.0,0.0,1.0,2 palabras
tus abuelos,abuelo ellos tuyos,11.0,2.0,2.0,5.0,1.0,18.0,3.0,3.0,5.333333333333333,1.0,-1.0,1.5,2 palabras
tu abuela,abuelo mujer tuya,9.0,2.0,2.0,4.0,1.0,17.0,3.0,3.0,5.0,1.0,-1.0,1.5,2 palabras
tus abuelas,abuelo mujer ellas tuyas,11.0,2.0,2.0,5.0,1.0,24.0,4.0,4.0,5.25,1.0,-2.0,2.0,2 palabras
tu amigo,amigo tuyo,8.0,2.0,2.0,3.5,1.0,10.0,2.0,2.0,4.5,1.0,0.0,1.0,2 palabras
tus amigos,amigo ellos tuyos,10.0,2.0,2.0,4.5,1.0,17.0,3.0,3.0,5.0,1.0,-1.0,1.5,2 palabras
tu amiga,amigo mujer tuya,8.0,2.0,2.0,3.5,1.0,16.0,3.0,3.0,4.666666666666667,1.0,-1.0,1.5,2 palabras
tus amigas,amigo mujer ellas tuyas,10.0,2.0,2.0,4.5,1.0,23.0,4.0,4.0,5.0,1.0,-2.0,2.0,2 palabras
tu perro,perro tuyo,8.0,2.0,2.0,3.5,1.0,10.0,2.0,2.0,4.5,1.0,0.0,1.0,2 palabras
tus perros,perro cl+cl+cl tuyos,10.0,2.0,2.0,4.5,1.0,20.0,5.0,3.0,3.2,0.6,-3.0,2.5,2 palabras
tu gato,gato tuyo,7.0,2.0,2.0,3.0,1.0,9.0,2.0,2.0,4.0,1.0,0.0,1.0,2 palabras
tus gatos,gato cl+cl+cl tuyos,9.0,2.0,2.0,4.0,1.0,19.0,5.0,3.0,3.0,0.6,-3.0,2.5,2 palabras
tu novia,novio mujer tuya,8.0,2.0,2.0,3.5,1.0,16.0,3.0,3.0,4.666666666666667,1.0,-1.0,1.5,2 palabras
tu vida,vida tuya,7.0,2.0,2.0,3.0,1.0,9.0,2.0,2.0,4.0,1.0,0.0,1.0,2 palabras
tu novio,novio tuyo,8.0,2.0,2.0,3.5,1.0,10.0,2.0,2.0,4.5,1.0,0.0,1.0,2 palabras
tu amigo,amigo tuyo,8.0,2.0,2.0,3.5,1.0,10.0,2.0,2.0,4.5,1.0,0.0,1.0,2 palabras
tus amigos,primo mujer ellas mías,10.0,2.0,2.0,4.5,1.0,22.0,4.0,4.0,4.75,1.0,-2.0,2.0,2 palabras
tu amiga,amigo mujer tuya,8.0,2.0,2.0,3.5,1.0,16.0,3.0,3.0,4.666666666666667,1.0,-1.0,1.5,2 palabras
tus amigas,amigo mujer ellas tuyas,10.0,2.0,2.0,4.5,1.0,23.0,4.0,4.0,5.0,1.0,-2.0,2.0,2 palabras
su mamá,mamá suya,7.0,2.0,2.0,3.0,1.0,9.0,2.0,2.0,4.0,1.0,0.0,1.0,2 palabras
su papá,papá suyo,7.0,2.0,2.0,3.0,1.0,9.0,2.0,2.0,4.0,1.0,0.0,1.0,2 palabras
su abuelo,abuelo suyo,9.0,2.0,2.0,4.0,1.0,11.0,2.0,2.0,5.0,1.0,0.0,1.0,2 palabras
su abuela,abuelo mujer suya,9.0,2.0,2.0,4.0,1.0,17.0,3.0,3.0,5.0,1.0,-1.0,1.5,2 palabras
su tío,tío suyo,6.0,2.0,2.0,2.5,1.0,8.0,2.0,2.0,3.5,1.0,0.0,1.0,2 palabras
su tía,tío mujer suyo,6.0,2.0,2.0,2.5,1.0,14.0,3.0,3.0,4.0,1.0,-1.0,1.5,2 palabras
su hijo,hijo suyo,7.0,2.0,2.0,3.0,1.0,9.0,2.0,2.0,4.0,1.0,0.0,1.0,2 palabras
sus hijos,hijo ellos suyos,9.0,2.0,2.0,4.0,1.0,16.0,3.0,3.0,4.666666666666667,1.0,-1.0,1.5,2 palabras
su hija,hijo mujer suya,7.0,2.0,2.0,3.0,1.0,15.0,3.0,3.0,4.333333333333333,1.0,-1.0,1.5,2 palabras
sus hijas,hijo mujer ellas suya,9.0,2.0,2.0,4.0,1.0,21.0,4.0,4.0,4.5,1.0,-2.0,2.0,2 palabras
su sobrino,sobrino suyo,10.0,2.0,2.0,4.5,1.0,12.0,2.0,2.0,5.5,1.0,0.0,1.0,2 palabras
su sobrina,sobrino mujer suya,10.0,2.0,2.0,4.5,1.0,18.0,3.0,3.0,5.333333333333333,1.0,-1.0,1.5,2 palabras
sus sobrinas,sobrino mujer ellas suyas,12.0,2.0,2.0,5.5,1.0,25.0,4.0,4.0,5.5,1.0,-2.0,2.0,2 palabras
su hermano,hermano suyo,10.0,2.0,2.0,4.5,1.0,12.0,2.0,2.0,5.5,1.0,0.0,1.0,2 palabras
sus hermanos,hermano ellos suyos,12.0,2.0,2.0,5.5,1.0,19.0,3.0,3.0,5.666666666666667,1.0,-1.0,1.5,2 palabras
su primo,primo suyo,8.0,2.0,2.0,3.5,1.0,10.0,2.0,2.0,4.5,1.0,0.0,1.0,2 palabras
sus primos,primo mujer ellas tuyas,10.0,2.0,2.0,4.5,1.0,23.0,4.0,4.0,5.0,1.0,-2.0,2.0,2 palabras
su prima es baja,primo mujer suya baja,16.0,4.0,4.0,3.25,1.0,21.0,4.0,4.0,4.5,1.0,0.0,1.0,4 palabras
su prima,primo mujer suya,8.0,2.0,2.0,3.5,1.0,16.0,3.0,3.0,4.666666666666667,1.0,-1.0,1.5,2 palabras
sus primas,primo mujer ellas suyas,10.0,2.0,2.0,4.5,1.0,23.0,4.0,4.0,5.0,1.0,-2.0,2.0,2 palabras
su hermana,hermano mujer suya,10.0,2.0,2.0,4.5,1.0,18.0,3.0,3.0,5.333333333333333,1.0,-1.0,1.5,2 palabras
su tía,tío mujer suya,6.0,2.0,2.0,2.5,1.0,14.0,3.0,3.0,4.0,1.0,-1.0,1.5,2 palabras
su abuelo,abuelo suyo,9.0,2.0,2.0,4.0,1.0,11.0,2.0,2.0,5.0,1.0,0.0,1.0,2 palabras
su abuelo es viejo,abuelo suyo viejo,18.0,4.0,4.0,3.75,1.0,17.0,3.0,3.0,5.0,1.0,1.0,0.75,4 palabras
su amigo es inteligente,amigo suyo inteligente,23.0,4.0,4.0,5.0,1.0,22.0,3.0,3.0,6.666666666666667,1.0,1.0,0.75,4 palabras
sus amigos,hijo ellos suyo,10.0,2.0,2.0,4.5,1.0,15.0,3.0,3.0,4.333333333333333,1.0,-1.0,1.5,2 palabras
su amigo,amigo suyo,8.0,2.0,2.0,3.5,1.0,10.0,2.0,2.0,4.5,1.0,0.0,1.0,2 palabras
yo soy alta,yo alta,11.0,3.0,3.0,3.0,1.0,7.0,2.0,2.0,3.0,1.0,1.0,0.6666666666666666,3 palabras
tú eres alta,tú alta,12.0,3.0,3.0,3.3333333333333335,1.0,7.0,2.0,2.0,3.0,1.0,1.0,0.6666666666666666,3 palabras
somos altos,nosotros altos,11.0,2.0,2.0,5.0,1.0,14.0,2.0,2.0,6.5,1.0,0.0,1.0,2 palabras
ustedes son altos,ustedes altos,17.0,3.0,3.0,5.0,1.0,13.0,2.0,2.0,6.0,1.0,1.0,0.6666666666666666,3 palabras
ellos son altos,ellos altos,15.0,3.0,3.0,4.333333333333333,1.0,11.0,2.0,2.0,5.0,1.0,1.0,0.6666666666666666,3 palabras
ellas son altas,ellas altas,15.0,3.0,3.0,4.333333333333333,1.0,11.0,2.0,2.0,5.0,1.0,1.0,0.6666666666666666,3 palabras
mi mamá es alta,mamá alta,15.0,4.0,4.0,3.0,1.0,9.0,2.0,2.0,4.0,1.0,2.0,0.5,4 palabras
mi papá es alto,papá alto,15.0,4.0,4.0,3.0,1.0,9.0,2.0,2.0,4.0,1.0,2.0,0.5,4 palabras
mi hermano es alto,hermano alto,18.0,4.0,4.0,3.75,1.0,12.0,2.0,2.0,5.5,1.0,2.0,0.5,4 palabras
mi hermana es alta,hermana alta,18.0,4.0,4.0,3.75,1.0,12.0,2.0,2.0,5.5,1.0,2.0,0.5,4 palabras
mi novio es alto,novio alto,16.0,4.0,4.0,3.25,1.0,10.0,2.0,2.0,4.5,1.0,2.0,0.5,4 palabras
él es alto,él alto,10.0,3.0,3.0,2.6666666666666665,1.0,7.0,2.0,2.0,3.0,1.0,1.0,0.6666666666666666,3 palabras
mi novia es alta,novia alta,16.0,4.0,4.0,3.25,1.0,10.0,2.0,2.0,4.5,1.0,2.0,0.5,4 palabras
el niño es alto,niño alto,15.0,4.0,4.0,3.0,1.0,9.0,2.0,2.0,4.0,1.0,2.0,0.5,4 palabras
la niña es alta,niña alta,15.0,4.0,4.0,3.0,1.0,9.0,2.0,2.0,4.0,1.0,2.0,0.5,4 palabras
los niños son altos,niño ellos altos,19.0,4.0,4.0,4.0,1.0,16.0,3.0,3.0,4.666666666666667,1.0,1.0,0.75,4 palabras
las niñas son altas,niña ellas altas,19.0,4.0,4.0,4.0,1.0,16.0,3.0,3.0,4.666666666666667,1.0,1.0,0.75,4 palabras
su amiga es alta,amigo mujer suya alta,16.0,4.0,4.0,3.25,1.0,21.0,4.0,4.0,4.5,1.0,0.0,1.0,4 palabras
su amiga,amigo suya,8.0,2.0,2.0,3.5,1.0,10.0,2.0,2.0,4.5,1.0,0.0,1.0,2 palabras
su casa es blanca,casa suya blanca,17.0,4.0,4.0,3.5,1.0,16.0,3.0,3.0,4.666666666666667,1.0,1.0,0.75,4 palabras
su perro es café,perro suyo café,16.0,4.0,4.0,3.25,1.0,15.0,3.0,3.0,4.333333333333333,1.0,1.0,0.75,4 palabras
los perros son agresivos,perro cl+cl+cl agresivos,24.0,4.0,4.0,5.25,1.0,24.0,5.0,3.0,4.0,0.6,-1.0,1.25,4 palabras
los perros juegan en el parque,parque ahí perro cl+cl+cl jugar,30.0,6.0,6.0,4.166666666666667,1.0,31.0,7.0,5.0,3.5714285714285716,0.7142857142857143,-1.0,1.1666666666666667,6 palabras
sus perros son pequeños,perro cl+cl+cl suyos pequeños,23.0,4.0,4.0,5.0,1.0,29.0,6.0,4.0,4.0,0.6666666666666666,-2.0,1.5,4 palabras
su gato es blanco,gato suyo blanco,17.0,4.0,4.0,3.5,1.0,16.0,3.0,3.0,4.666666666666667,1.0,1.0,0.75,4 palabras
su perro,perro suyo,8.0,2.0,2.0,3.5,1.0,10.0,2.0,2.0,4.5,1.0,0.0,1.0,2 palabras
sus perros,perro cl+cl+cl suyos,10.0,2.0,2.0,4.5,1.0,20.0,5.0,3.0,3.2,0.6,-3.0,2.5,2 palabras
su gato,gato suyo,7.0,2.0,2.0,3.0,1.0,9.0,2.0,2.0,4.0,1.0,0.0,1.0,2 palabras
sus gatos,gato cl+cl+cl suyo,9.0,2.0,2.0,4.0,1.0,18.0,5.0,3.0,2.8,0.6,-3.0,2.5,2 palabras
su familia,familia suya,10.0,2.0,2.0,4.5,1.0,12.0,2.0,2.0,5.5,1.0,0.0,1.0,2 palabras
su casa,casa suya,7.0,2.0,2.0,3.0,1.0,9.0,2.0,2.0,4.0,1.0,0.0,1.0,2 palabras
su novio,novio suyo,8.0,2.0,2.0,3.5,1.0,10.0,2.0,2.0,4.5,1.0,0.0,1.0,2 palabras
su novio es guapo,novio suyo guapo,17.0,4.0,4.0,3.5,1.0,16.0,3.0,3.0,4.666666666666667,1.0,1.0,0.75,4 palabras
su novia,novia suya,8.0,2.0,2.0,3.5,1.0,10.0,2.0,2.0,4.5,1.0,0.0,1.0,2 palabras
su novia es celosa,novio mujer suya celosa,18.0,4.0,4.0,3.75,1.0,23.0,4.0,4.0,5.0,1.0,0.0,1.0,4 palabras
su vida,vida suya,7.0,2.0,2.0,3.0,1.0,9.0,2.0,2.0,4.0,1.0,0.0,1.0,2 palabras
su maestra,maestra suya,10.0,2.0,2.0,4.5,1.0,12.0,2.0,2.0,5.5,1.0,0.0,1.0,2 palabras
su maestro,maestro suyo,10.0,2.0,2.0,4.5,1.0,12.0,2.0,2.0,5.5,1.0,0.0,1.0,2 palabras
nombre,nombre,6.0,1.0,1.0,6.0,1.0,6.0,1.0,1.0,6.0,1.0,0.0,1.0,1 palabra
nuestra mamá,mamá nuestra,12.0,2.0,2.0,5.5,1.0,12.0,2.0,2.0,5.5,1.0,0.0,1.0,2 palabras
nuestro papá,papá nuestro,12.0,2.0,2.0,5.5,1.0,12.0,2.0,2.0,5.5,1.0,0.0,1.0,2 palabras
nuestro abuelo,abuelo nuestro,14.0,2.0,2.0,6.5,1.0,14.0,2.0,2.0,6.5,1.0,0.0,1.0,2 palabras
nuestra abuela,abuela nuestra,14.0,2.0,2.0,6.5,1.0,14.0,2.0,2.0,6.5,1.0,0.0,1.0,2 palabras
nuestro tío,tío nuestro,11.0,2.0,2.0,5.0,1.0,11.0,2.0,2.0,5.0,1.0,0.0,1.0,2 palabras
nuestro hijo,hijo nuestro,12.0,2.0,2.0,5.5,1.0,12.0,2.0,2.0,5.5,1.0,0.0,1.0,2 palabras
nuestra hija,hijo mujer nuestra,12.0,2.0,2.0,5.5,1.0,18.0,3.0,3.0,5.333333333333333,1.0,-1.0,1.5,2 palabras
nuestro sobrino,sobrino nuestro,15.0,2.0,2.0,7.0,1.0,15.0,2.0,2.0,7.0,1.0,0.0,1.0,2 palabras
nuestra sobrina,sobrino mujer nuestra,15.0,2.0,2.0,7.0,1.0,21.0,3.0,3.0,6.333333333333333,1.0,-1.0,1.5,2 palabras
nuestro hermano,hermano suyo,15.0,2.0,2.0,7.0,1.0,12.0,2.0,2.0,5.5,1.0,0.0,1.0,2 palabras
nuestro primo,primo nuestro,13.0,2.0,2.0,6.0,1.0,13.0,2.0,2.0,6.0,1.0,0.0,1.0,2 palabras
nuestra prima,primo mujer nuestra,13.0,2.0,2.0,6.0,1.0,19.0,3.0,3.0,5.666666666666667,1.0,-1.0,1.5,2 palabras
nuestra hermana,hermano mujer nuestra,15.0,2.0,2.0,7.0,1.0,21.0,3.0,3.0,6.333333333333333,1.0,-1.0,1.5,2 palabras
nuestra tía,tío mujer nuestra,11.0,2.0,2.0,5.0,1.0,17.0,3.0,3.0,5.0,1.0,-1.0,1.5,2 palabras
nuestro abuelo,abuelo nuestro,14.0,2.0,2.0,6.5,1.0,14.0,2.0,2.0,6.5,1.0,0.0,1.0,2 palabras
nuestra abuela,abuelo mujer nuestra,14.0,2.0,2.0,6.5,1.0,20.0,3.0,3.0,6.0,1.0,-1.0,1.5,2 palabras
nuestro amigo,amigo nuestro,13.0,2.0,2.0,6.0,1.0,13.0,2.0,2.0,6.0,1.0,0.0,1.0,2 palabras
nuestra amiga,amigo mujer nuestra,13.0,2.0,2.0,6.0,1.0,19.0,3.0,3.0,5.666666666666667,1.0,-1.0,1.5,2 palabras
nuestro perro,perro nuestro,13.0,2.0,2.0,6.0,1.0,13.0,2.0,2.0,6.0,1.0,0.0,1.0,2 palabras
nuestro gato,gato nuestro,12.0,2.0,2.0,5.5,1.0,12.0,2.0,2.0,5.5,1.0,0.0,1.0,2 palabras
nuestra familia,familia nuestra,15.0,2.0,2.0,7.0,1.0,15.0,2.0,2.0,7.0,1.0,0.0,1.0,2 palabras
nuestra casa,casa nuestra,12.0,2.0,2.0,5.5,1.0,12.0,2.0,2.0,5.5,1.0,0.0,1.0,2 palabras
nuestro novio,novio nuestro,13.0,2.0,2.0,6.0,1.0,13.0,2.0,2.0,6.0,1.0,0.0,1.0,2 palabras
nuestra novia,novio mujer nuestra,13.0,2.0,2.0,6.0,1.0,19.0,3.0,3.0,5.666666666666667,1.0,-1.0,1.5,2 palabras
ella se peina,ella peinar,13.0,3.0,3.0,3.6666666666666665,1.0,11.0,2.0,2.0,5.0,1.0,1.0,0.6666666666666666,3 palabras
la niña se peina,niño mujer ella peinar,16.0,4.0,4.0,3.25,1.0,22.0,4.0,4.0,4.75,1.0,0.0,1.0,4 palabras
la mujer se arrepiente,mujer ella arrepentir,22.0,4.0,4.0,4.75,1.0,21.0,3.0,3.0,6.333333333333333,1.0,1.0,0.75,4 palabras
la maestra se queja,maestro mujer ella quejar,19.0,4.0,4.0,4.0,1.0,25.0,4.0,4.0,5.5,1.0,0.0,1.0,4 palabras
mi papá se enoja,papá mío enojado,16.0,4.0,4.0,3.25,1.0,16.0,3.0,3.0,4.666666666666667,1.0,1.0,0.75,4 palabras
él se baña,él bañar,10.0,3.0,3.0,2.6666666666666665,1.0,8.0,2.0,2.0,3.5,1.0,1.0,0.6666666666666666,3 palabras
ella se viste,ella vestir,13.0,3.0,3.0,3.6666666666666665,1.0,11.0,2.0,2.0,5.0,1.0,1.0,0.6666666666666666,3 palabras
el niño se peina,niño él peinar,16.0,4.0,4.0,3.25,1.0,14.0,3.0,3.0,4.0,1.0,1.0,0.75,4 palabras
el hombre se arrepiente,hombre él arrepentir,23.0,4.0,4.0,5.0,1.0,20.0,3.0,3.0,6.0,1.0,1.0,0.75,4 palabras
el maestro se queja,maestro él quejar,19.0,4.0,4.0,4.0,1.0,17.0,3.0,3.0,5.0,1.0,1.0,0.75,4 palabras
mi mamá se molesta,mamá mía molestar,18.0,4.0,4.0,3.75,1.0,17.0,3.0,3.0,5.0,1.0,1.0,0.75,4 palabras
ella se baña,ella bañar,12.0,3.0,3.0,3.3333333333333335,1.0,10.0,2.0,2.0,4.5,1.0,1.0,0.6666666666666666,3 palabras
tu papá se peina,papá tuyo peinar,16.0,4.0,4.0,3.25,1.0,16.0,3.0,3.0,4.666666666666667,1.0,1.0,0.75,4 palabras
él se queja,él quejar,11.0,3.0,3.0,3.0,1.0,9.0,2.0,2.0,4.0,1.0,1.0,0.6666666666666666,3 palabras
ella se divierte,ella divertir,16.0,3.0,3.0,4.666666666666667,1.0,13.0,2.0,2.0,6.0,1.0,1.0,0.6666666666666666,3 palabras
él se divierte,él divertir,14.0,3.0,3.0,4.0,1.0,11.0,2.0,2.0,5.0,1.0,1.0,0.6666666666666666,3 palabras
el hombre se peina,hombre él peinar,18.0,4.0,4.0,3.75,1.0,16.0,3.0,3.0,4.666666666666667,1.0,1.0,0.75,4 palabras
tú te admiras a ti mismo,tú solita admirar,24.0,6.0,6.0,3.1666666666666665,1.0,17.0,3.0,3.0,5.0,1.0,3.0,0.5,6 palabras
yo me amo a mí misma,yo solita amar,20.0,6.0,6.0,2.5,1.0,14.0,3.0,3.0,4.0,1.0,3.0,0.5,6 palabras
tú te amas a ti mismo,tú solito amar,21.0,6.0,6.0,2.6666666666666665,1.0,14.0,3.0,3.0,4.0,1.0,3.0,0.5,6 palabras
él se ama a si mismo,él solito amar,20.0,6.0,6.0,2.5,1.0,14.0,3.0,3.0,4.0,1.0,3.0,0.5,6 palabras
el maestro se ama a si mismo,maestro solito amar,28.0,7.0,7.0,3.142857142857143,1.0,19.0,3.0,3.0,5.666666666666667,1.0,4.0,0.42857142857142855,≥7 palabras
las niñas venden zapatos,niño mujer ellas zapatos vender,24.0,4.0,4.0,5.25,1.0,31.0,5.0,5.0,5.4,1.0,-1.0,1.25,4 palabras
los niños venden dulces,niño ellos dulces vender,23.0,4.0,4.0,5.0,1.0,24.0,4.0,4.0,5.25,1.0,0.0,1.0,4 palabras
el maestro quiere un libro,maestro él revista querer,26.0,5.0,5.0,4.4,1.0,25.0,4.0,4.0,5.5,1.0,1.0,0.8,5 palabras
la maestra quiere una manzana,maestro mujer ella manzana querer,29.0,5.0,5.0,5.0,1.0,33.0,5.0,5.0,5.8,1.0,0.0,1.0,5 palabras
los niños quieren dulces,niño ellos dulces querer,24.0,4.0,4.0,5.25,1.0,24.0,4.0,4.0,5.25,1.0,0.0,1.0,4 palabras
las niñas quieren comer,niño mujer ellas comer querer,23.0,4.0,4.0,5.0,1.0,29.0,5.0,5.0,5.0,1.0,-1.0,1.25,4 palabras
mamá quiere un yogur,mamá yogur querer,20.0,4.0,4.0,4.25,1.0,17.0,3.0,3.0,5.0,1.0,1.0,0.75,4 palabras
papá quiere bailar,papá bailar querer,18.0,3.0,3.0,5.333333333333333,1.0,18.0,3.0,3.0,5.333333333333333,1.0,0.0,1.0,3 palabras
su vida,vida suya,7.0,2.0,2.0,3.0,1.0,9.0,2.0,2.0,4.0,1.0,0.0,1.0,2 palabras
"hola, ¡gusto en conocerte!",hola gustar conocer tú,26.0,4.0,4.0,5.0,1.0,22.0,4.0,4.0,4.75,1.0,0.0,1.0,4 palabras
mucho gusto conocerte,gustar conocer tú,21.0,3.0,3.0,6.333333333333333,1.0,17.0,3.0,3.0,5.0,1.0,0.0,1.0,3 palabras
"hola, ¡gusto en conocerlos!",hola gustar conocer ustedes,27.0,4.0,4.0,5.25,1.0,27.0,4.0,4.0,6.0,1.0,0.0,1.0,4 palabras
mucho gusto conocerlos,gustar conocer ustedes,22.0,3.0,3.0,6.666666666666667,1.0,22.0,3.0,3.0,6.666666666666667,1.0,0.0,1.0,3 palabras
"hola, ¡gusto en conocerlos!",hola gustar conocer ellos,27.0,4.0,4.0,5.25,1.0,25.0,4.0,4.0,5.5,1.0,0.0,1.0,4 palabras
mucho gusto conocerlos,hola gustar conocer ellos,22.0,3.0,3.0,6.666666666666667,1.0,25.0,4.0,4.0,5.5,1.0,-1.0,1.3333333333333333,3 palabras
¿cómo?,¿cómo?,6.0,1.0,1.0,4.0,1.0,6.0,1.0,1.0,4.0,1.0,0.0,1.0,1 palabra
¿cómo estás?,¿cómo estar tú?,12.0,2.0,2.0,4.5,1.0,15.0,3.0,3.0,3.6666666666666665,1.0,-1.0,1.5,2 palabras
¿cómo están?,¿cómo estar ustedes?,12.0,2.0,2.0,4.5,1.0,20.0,3.0,3.0,5.333333333333333,1.0,-1.0,1.5,2 palabras
¿cómo están?,¿cómo estar ellos?,12.0,2.0,2.0,4.5,1.0,18.0,3.0,3.0,4.666666666666667,1.0,-1.0,1.5,2 palabras
¿cómo está tu mamá?,¿cómo estar ellos?,19.0,4.0,4.0,3.5,1.0,18.0,3.0,3.0,4.666666666666667,1.0,1.0,0.75,4 palabras
¿cuál?,¿cuál?,6.0,1.0,1.0,4.0,1.0,6.0,1.0,1.0,4.0,1.0,0.0,1.0,1 palabra
¿cuál es tu nombre?,¿tú nombre cuál?,19.0,4.0,4.0,3.5,1.0,16.0,3.0,3.0,4.0,1.0,1.0,0.75,4 palabras
¿cuál es su nombre?,¿usted nombre cuál?,19.0,4.0,4.0,3.5,1.0,19.0,3.0,3.0,5.0,1.0,1.0,0.75,4 palabras
¿cuál es su nombre?,¿ellos nombre cuál?,19.0,4.0,4.0,3.5,1.0,19.0,3.0,3.0,5.0,1.0,1.0,0.75,4 palabras
¿qué?,¿qué?,5.0,1.0,1.0,3.0,1.0,5.0,1.0,1.0,3.0,1.0,0.0,1.0,1 palabra
¿qué haces?,¿tú hacer qué?,11.0,2.0,2.0,4.0,1.0,14.0,3.0,3.0,3.3333333333333335,1.0,-1.0,1.5,2 palabras
¿qué haces de lunes a viernes?,¿lunes a viernes tú hacer qué?,30.0,6.0,6.0,3.8333333333333335,1.0,30.0,6.0,6.0,3.8333333333333335,1.0,0.0,1.0,6 palabras
¿qué hacen de lunes a viernes?,¿lunes a viernes ellos (ellas) (ustedes) hacer qué?,30.0,6.0,6.0,3.8333333333333335,1.0,51.0,8.0,8.0,4.75,1.0,-2.0,1.3333333333333333,6 palabras
¿qué hacen?,¿ellos (ellas) (ustedes) hacer qué?,11.0,2.0,2.0,4.0,1.0,35.0,5.0,5.0,5.0,1.0,-3.0,2.5,2 palabras
¿qué estás haciendo ?,¿ahorita tú hacer qué?,21.0,3.0,3.0,5.333333333333333,1.0,22.0,4.0,4.0,4.25,1.0,-1.0,1.3333333333333333,3 palabras
¿qué están haciendo ?,¿ahorita ellos (ellas) ustedes hacer qué?,21.0,3.0,3.0,5.333333333333333,1.0,41.0,6.0,6.0,5.333333333333333,1.0,-3.0,2.0,3 palabras
¿qué harás mañana?,¿mañana tú hacer qué?,18.0,3.0,3.0,4.666666666666667,1.0,21.0,4.0,4.0,4.0,1.0,-1.0,1.3333333333333333,3 palabras
¿qué harán mañana?,¿ellos (ellas) (ustedes) hacer qué?,18.0,3.0,3.0,4.666666666666667,1.0,35.0,5.0,5.0,5.0,1.0,-2.0,1.6666666666666667,3 palabras
¿qué harás en la noche?,¿futuro noche tú hacer que?,23.0,5.0,5.0,3.4,1.0,27.0,5.0,5.0,4.2,1.0,0.0,1.0,5 palabras
¿qué harás en la tarde?,¿futuro tarde tú hacer que?,23.0,5.0,5.0,3.4,1.0,27.0,5.0,5.0,4.2,1.0,0.0,1.0,5 palabras
¿qué harán en la noche?,¿futuro noche ellos (ellas) (ustedes) hacer que?,23.0,5.0,5.0,3.4,1.0,48.0,7.0,7.0,5.142857142857143,1.0,-2.0,1.4,5 palabras
¿qué harás hoy?,¿hoy tú hacer qué?,15.0,3.0,3.0,3.6666666666666665,1.0,18.0,4.0,4.0,3.25,1.0,-1.0,1.3333333333333333,3 palabras
¿qué harás el viernes?,¿futuro viernes tú hacer qué?,22.0,4.0,4.0,4.25,1.0,29.0,5.0,5.0,4.6,1.0,-1.0,1.25,4 palabras
¿qué harás el lunes?,¿futuro viernes tú hacer qué?,20.0,4.0,4.0,3.75,1.0,29.0,5.0,5.0,4.6,1.0,-1.0,1.25,4 palabras
¿qué harás el martes?,¿futuro martes tú hacer qué?,21.0,4.0,4.0,4.0,1.0,28.0,5.0,5.0,4.4,1.0,-1.0,1.25,4 palabras
¿qué harás el jueves?,¿futuro jueves tú hacer qué?,21.0,4.0,4.0,4.0,1.0,28.0,5.0,5.0,4.4,1.0,-1.0,1.25,4 palabras
¿qué harás el miércoles?,¿miércoles tú hacer qué?,24.0,4.0,4.0,4.75,1.0,24.0,4.0,4.0,4.75,1.0,0.0,1.0,4 palabras
¿qué harás el sábado?,¿sábado tú hacer qué?,21.0,4.0,4.0,4.0,1.0,21.0,4.0,4.0,4.0,1.0,0.0,1.0,4 palabras
¿qué harás el domingo?,¿domingo tú hacer qué?,22.0,4.0,4.0,4.25,1.0,22.0,4.0,4.0,4.25,1.0,0.0,1.0,4 palabras
¿qué harás el próximo viernes?,¿próximo viernes tú hacer qué?,30.0,5.0,5.0,4.8,1.0,30.0,5.0,5.0,4.8,1.0,0.0,1.0,5 palabras
¿qué harás el próximo lunes?,¿próximo lunes tú hacer qué?,28.0,5.0,5.0,4.4,1.0,28.0,5.0,5.0,4.4,1.0,0.0,1.0,5 palabras
¿qué harás el próximo martes?,¿próximo martes tú hacer qué?,29.0,5.0,5.0,4.6,1.0,29.0,5.0,5.0,4.6,1.0,0.0,1.0,5 palabras
¿qué harás el próximo jueves?,¿próximo jueves tú hacer qué?,29.0,5.0,5.0,4.6,1.0,29.0,5.0,5.0,4.6,1.0,0.0,1.0,5 palabras
¿qué harás el próximo miércoles?,¿próximo miércoles tú hacer qué?,32.0,5.0,5.0,5.2,1.0,32.0,5.0,5.0,5.2,1.0,0.0,1.0,5 palabras
¿qué harás el próximo sábado?,¿próximo sábado tú hacer qué?,29.0,5.0,5.0,4.6,1.0,29.0,5.0,5.0,4.6,1.0,0.0,1.0,5 palabras
¿qué harás el próximo domingo?,¿próximo domingo tú hacer qué?,30.0,5.0,5.0,4.8,1.0,30.0,5.0,5.0,4.8,1.0,0.0,1.0,5 palabras
¿que hiciste en la noche?,¿pasadonoche tú hacer qué?,25.0,5.0,5.0,3.8,1.0,26.0,4.0,4.0,5.25,1.0,1.0,0.8,5 palabras
¿que hiciste en la tarde?,¿pasado noche tú hacer qué?,25.0,5.0,5.0,3.8,1.0,27.0,5.0,5.0,4.2,1.0,0.0,1.0,5 palabras
¿qué hicieron en la tarde?,¿pasado tarde ellos (ellas) (ustedes) hacer qué?,26.0,5.0,5.0,4.0,1.0,48.0,7.0,7.0,5.142857142857143,1.0,-2.0,1.4,5 palabras
¿qué hicieron en la noche?,¿pasado noche ellos (ellas) (ustedes) hacer qué?,26.0,5.0,5.0,4.0,1.0,48.0,7.0,7.0,5.142857142857143,1.0,-2.0,1.4,5 palabras
¿qué hiciste el viernes?,¿pasado viernes tú hacer qué?,24.0,4.0,4.0,4.75,1.0,29.0,5.0,5.0,4.6,1.0,-1.0,1.25,4 palabras
¿qué hiciste el lunes?,¿pasado lunes tú hacer qué?,22.0,4.0,4.0,4.25,1.0,27.0,5.0,5.0,4.2,1.0,-1.0,1.25,4 palabras
¿qué hiciste el martes?,¿pasado martes tú hacer qué?,23.0,4.0,4.0,4.5,1.0,28.0,5.0,5.0,4.4,1.0,-1.0,1.25,4 palabras
¿qué hiciste el jueves?,¿pasado jueves tú hacer qué?,23.0,4.0,4.0,4.5,1.0,28.0,5.0,5.0,4.4,1.0,-1.0,1.25,4 palabras
¿qué hiciste el miércoles?,¿pasado miércoles tú hacer qué?,26.0,4.0,4.0,5.25,1.0,31.0,5.0,5.0,5.0,1.0,-1.0,1.25,4 palabras
¿qué hiciste el sábado?,¿pasado sábado tú hacer qué?,23.0,4.0,4.0,4.5,1.0,28.0,5.0,5.0,4.4,1.0,-1.0,1.25,4 palabras
¿qué hiciste el domingo?,¿pasado domingo tú hacer qué?,24.0,4.0,4.0,4.75,1.0,29.0,5.0,5.0,4.6,1.0,-1.0,1.25,4 palabras
¿qué hiciste el viernes?,¿pasado viernes tú hacer qué?,24.0,4.0,4.0,4.75,1.0,29.0,5.0,5.0,4.6,1.0,-1.0,1.25,4 palabras
¿qué hiciste el lunes pasado?,¿lunes pasado tú hacer qué?,29.0,5.0,5.0,4.6,1.0,27.0,5.0,5.0,4.2,1.0,0.0,1.0,5 palabras
¿qué hiciste el martes pasado?,¿martes pasado tú hacer qué?,30.0,5.0,5.0,4.8,1.0,28.0,5.0,5.0,4.4,1.0,0.0,1.0,5 palabras
¿qué hiciste el jueves pasado?,¿jueves pasado tú hacer qué?,30.0,5.0,5.0,4.8,1.0,28.0,5.0,5.0,4.4,1.0,0.0,1.0,5 palabras
¿qué hiciste el  miércoles pasado?,¿miércoles pasado tú hacer qué?,33.0,5.0,5.0,5.4,1.0,31.0,5.0,5.0,5.0,1.0,0.0,1.0,5 palabras
¿qué hiciste el sábado pasado?,¿sábado pasado tú hacer qué?,30.0,5.0,5.0,4.8,1.0,28.0,5.0,5.0,4.4,1.0,0.0,1.0,5 palabras
¿qué hiciste el domingo pasado?,¿domingo pasado tú hacer qué?,31.0,5.0,5.0,5.0,1.0,29.0,5.0,5.0,4.6,1.0,0.0,1.0,5 palabras
¿qué hicieron el viernes?,¿ viernes pasado ellos (ellas) (ustedes) hacer qué?,25.0,4.0,4.0,5.0,1.0,51.0,7.0,7.0,5.428571428571429,1.0,-3.0,1.75,4 palabras
¿qué hiciste ayer?,¿ayer tú hacer qué?,18.0,3.0,3.0,4.666666666666667,1.0,19.0,4.0,4.0,3.5,1.0,-1.0,1.3333333333333333,3 palabras
¿qué hicieron ayer?,¿ayer ellos (ellas) (ustedes) hacer qué?,19.0,3.0,3.0,5.0,1.0,40.0,6.0,6.0,4.833333333333333,1.0,-3.0,2.0,3 palabras
¿qué dijiste?,¿tú decir qué?,13.0,2.0,2.0,5.0,1.0,14.0,3.0,3.0,3.3333333333333335,1.0,-1.0,1.5,2 palabras
¿qué dijo?,¿él (ella) decir qué?,10.0,2.0,2.0,3.5,1.0,21.0,4.0,4.0,3.5,1.0,-2.0,2.0,2 palabras
¿qué es eso?,¿eso qué?,12.0,3.0,3.0,2.6666666666666665,1.0,9.0,2.0,2.0,3.0,1.0,1.0,0.6666666666666666,3 palabras
hacer,hacer,5.0,1.0,1.0,5.0,1.0,5.0,1.0,1.0,5.0,1.0,0.0,1.0,1 palabra
puedo hacerlo,yo hacer poder,13.0,2.0,2.0,6.0,1.0,14.0,3.0,3.0,4.0,1.0,-1.0,1.5,2 palabras
puedes hacerlo,tú hacer poder,14.0,2.0,2.0,6.5,1.0,14.0,3.0,3.0,4.0,1.0,-1.0,1.5,2 palabras
podemos hacerlo,nosotros hacer poder,15.0,2.0,2.0,7.0,1.0,20.0,3.0,3.0,6.0,1.0,-1.0,1.5,2 palabras
podríamos hacerlo,nosotros hacer poder,17.0,2.0,2.0,8.0,1.0,20.0,3.0,3.0,6.0,1.0,-1.0,1.5,2 palabras
yo puedo hacer eso,eso yo hacer poder,18.0,4.0,4.0,3.75,1.0,18.0,4.0,4.0,3.75,1.0,0.0,1.0,4 palabras
no puedo hacer eso,eso yo hacer poder no,18.0,4.0,4.0,3.75,1.0,21.0,5.0,5.0,3.4,1.0,-1.0,1.25,4 palabras
no puedo tomar leche,yo leche poder no tomar,20.0,4.0,4.0,4.25,1.0,23.0,5.0,5.0,3.8,1.0,-1.0,1.25,4 palabras
no puedo hacerlo,yo leche tomar poder no,16.0,3.0,3.0,4.666666666666667,1.0,23.0,5.0,5.0,3.8,1.0,-2.0,1.6666666666666667,3 palabras
no se puede pasar el alto,alto no pasar poder no,25.0,6.0,6.0,3.3333333333333335,1.0,22.0,5.0,4.0,3.6,0.8,1.0,0.8333333333333334,6 palabras
no podemos hacerlo,nosotros hacer poder no,18.0,3.0,3.0,5.333333333333333,1.0,23.0,4.0,4.0,5.0,1.0,-1.0,1.3333333333333333,3 palabras
tienes que hacer eso,eso tú hacer deber,20.0,4.0,4.0,4.25,1.0,18.0,4.0,4.0,3.75,1.0,0.0,1.0,4 palabras
tienes que hacerlo,tú hacer deber,18.0,3.0,3.0,5.333333333333333,1.0,14.0,3.0,3.0,4.0,1.0,0.0,1.0,3 palabras
tienen que hacer eso,eso ellos hacer deber,20.0,4.0,4.0,4.25,1.0,21.0,4.0,4.0,4.5,1.0,0.0,1.0,4 palabras
tienen que hacerlo,ellos hacer deber,18.0,3.0,3.0,5.333333333333333,1.0,17.0,3.0,3.0,5.0,1.0,0.0,1.0,3 palabras
pueden hacerlo,ellos hacer poder,14.0,2.0,2.0,6.5,1.0,17.0,3.0,3.0,5.0,1.0,-1.0,1.5,2 palabras
no pueden hacerlo,ustedes hacer poder no,17.0,3.0,3.0,5.0,1.0,22.0,4.0,4.0,4.75,1.0,-1.0,1.3333333333333333,3 palabras
pueden hacerlo,ustedes hacer poder,14.0,2.0,2.0,6.5,1.0,19.0,3.0,3.0,5.666666666666667,1.0,-1.0,1.5,2 palabras
no puedo ver bien,yo ver bien poder no,17.0,4.0,4.0,3.5,1.0,20.0,5.0,5.0,3.2,1.0,-1.0,1.25,4 palabras
no puedo decirlo,yo decir poder no,16.0,3.0,3.0,4.666666666666667,1.0,17.0,4.0,4.0,3.5,1.0,-1.0,1.3333333333333333,3 palabras
ella hace un arroz delicioso,ella arroz delicioso hacer,28.0,5.0,5.0,4.8,1.0,26.0,4.0,4.0,5.75,1.0,1.0,0.8,5 palabras
mi prima enseña a niños,primo mujer niño ellos enseñar,23.0,5.0,5.0,3.8,1.0,30.0,5.0,5.0,5.2,1.0,0.0,1.0,5 palabras
yo trabajo de lunes a viernes,lunes a viernes yo trabajar,29.0,6.0,6.0,4.0,1.0,27.0,5.0,5.0,4.6,1.0,1.0,0.8333333333333334,6 palabras
tú trabajas de lunes a viernes,lunes a viernes tú trabajar,30.0,6.0,6.0,4.166666666666667,1.0,27.0,5.0,5.0,4.6,1.0,1.0,0.8333333333333334,6 palabras
él trabaja de lunes a viernes,lunes a viernes él trabajar,29.0,6.0,6.0,4.0,1.0,27.0,5.0,5.0,4.6,1.0,1.0,0.8333333333333334,6 palabras
ella trabaja de lunes a viernes,lunes a viernes ella trabajar,31.0,6.0,6.0,4.333333333333333,1.0,29.0,5.0,5.0,5.0,1.0,1.0,0.8333333333333334,6 palabras
nosotros trabajamos de lunes a viernes,lunes a viernes nosotros trabajar,38.0,6.0,6.0,5.5,1.0,33.0,5.0,5.0,5.8,1.0,1.0,0.8333333333333334,6 palabras
ustedes trabajan de lunes a viernes,lunes a viernes ustedes trabajar,35.0,6.0,6.0,5.0,1.0,32.0,5.0,5.0,5.6,1.0,1.0,0.8333333333333334,6 palabras
ellos trabajan de lunes a viernes,lunes a viernes ellos trabajar,33.0,6.0,6.0,4.666666666666667,1.0,30.0,5.0,5.0,5.2,1.0,1.0,0.8333333333333334,6 palabras
ellas trabajan de lunes a viernes,lunes a viernes ellas trabajar,33.0,6.0,6.0,4.666666666666667,1.0,30.0,5.0,5.0,5.2,1.0,1.0,0.8333333333333334,6 palabras
trabajan de lunes a viernes,lunes a viernes ellos (as) (ustedes) trabajar,27.0,5.0,5.0,4.6,1.0,45.0,7.0,7.0,5.0,1.0,-2.0,1.4,5 palabras
mi mamá trabaja de lunes a viernes,lunes a viernes mamá trabajar,34.0,7.0,7.0,4.0,1.0,29.0,5.0,5.0,5.0,1.0,2.0,0.7142857142857143,≥7 palabras
mi papá trabaja de lunes a viernes,lunes a viernes papá trabajar,34.0,7.0,7.0,4.0,1.0,29.0,5.0,5.0,5.0,1.0,2.0,0.7142857142857143,≥7 palabras
mi tío trabaja de lunes a viernes,lunes a viernes tío mío trabajar,33.0,7.0,7.0,3.857142857142857,1.0,32.0,6.0,6.0,4.5,1.0,1.0,0.8571428571428571,≥7 palabras
mi tía trabaja de lunes a viernes,lunes a viernes tío mujer mía trabajar,33.0,7.0,7.0,3.857142857142857,1.0,38.0,7.0,7.0,4.571428571428571,1.0,0.0,1.0,≥7 palabras
mi hijo trabaja de lunes a viernes,lunes a viernes hijo mío trabajar,34.0,7.0,7.0,4.0,1.0,33.0,6.0,6.0,4.666666666666667,1.0,1.0,0.8571428571428571,≥7 palabras
mi hija trabaja de lunes a viernes,lunes a viernes hijo mujer mía trabajar,34.0,7.0,7.0,4.0,1.0,39.0,7.0,7.0,4.714285714285714,1.0,0.0,1.0,≥7 palabras
mi abuelo trabaja de lunes a viernes,lunes a viernes abuelo mío trabajar,36.0,7.0,7.0,4.285714285714286,1.0,35.0,6.0,6.0,5.0,1.0,1.0,0.8571428571428571,≥7 palabras
mi abuela trabaja de lunes a viernes,lunes a viernes abuelo mujer trabajar,36.0,7.0,7.0,4.285714285714286,1.0,37.0,6.0,6.0,5.333333333333333,1.0,1.0,0.8571428571428571,≥7 palabras
tu mamá trabaja de lunes a viernes,lunes a viernes mamá tuya trabajar,34.0,7.0,7.0,4.0,1.0,34.0,6.0,6.0,4.833333333333333,1.0,1.0,0.8571428571428571,≥7 palabras
tu papá trabaja de lunes a viernes,lunes a viernes papá tuyo trabajar,34.0,7.0,7.0,4.0,1.0,34.0,6.0,6.0,4.833333333333333,1.0,1.0,0.8571428571428571,≥7 palabras
tu tío trabaja de lunes a viernes,lunes a viernes tío tuyo trabajar,33.0,7.0,7.0,3.857142857142857,1.0,33.0,6.0,6.0,4.666666666666667,1.0,1.0,0.8571428571428571,≥7 palabras
tu tía trabaja de lunes a viernes,lunes a viernes tío mujer tuya trabajar,33.0,7.0,7.0,3.857142857142857,1.0,39.0,7.0,7.0,4.714285714285714,1.0,0.0,1.0,≥7 palabras
tu hijo trabaja de lunes a viernes,lunes a viernes hijo tuyo trabajar,34.0,7.0,7.0,4.0,1.0,34.0,6.0,6.0,4.833333333333333,1.0,1.0,0.8571428571428571,≥7 palabras
tu hija trabaja de lunes a viernes,lunes a viernes hijo mujer tuya trabajar,34.0,7.0,7.0,4.0,1.0,40.0,7.0,7.0,4.857142857142857,1.0,0.0,1.0,≥7 palabras
tu abuelo trabaja de lunes a viernes,lunes a viernes abuelo tuyo trabajar,36.0,7.0,7.0,4.285714285714286,1.0,36.0,6.0,6.0,5.166666666666667,1.0,1.0,0.8571428571428571,≥7 palabras
tu abuela trabaja de lunes a viernes,lunes a viernes abuelo mujer tuya trabajar,36.0,7.0,7.0,4.285714285714286,1.0,42.0,7.0,7.0,5.142857142857143,1.0,0.0,1.0,≥7 palabras
la abuela aconseja a su nieto,abuelo mujer nieto suyo aconsejar,29.0,6.0,6.0,4.0,1.0,33.0,5.0,5.0,5.8,1.0,1.0,0.8333333333333334,6 palabras
tu papá te regaña,papá tuyo tú regañar,17.0,4.0,4.0,3.5,1.0,20.0,4.0,4.0,4.25,1.0,0.0,1.0,4 palabras
su papá lo regaña,papá suyo él regañar,17.0,4.0,4.0,3.5,1.0,20.0,4.0,4.0,4.25,1.0,0.0,1.0,4 palabras
su papá la regaña,papá suyo ella regañar,17.0,4.0,4.0,3.5,1.0,22.0,4.0,4.0,4.75,1.0,0.0,1.0,4 palabras
mi papá me enseña,papá mío yo enseñar,17.0,4.0,4.0,3.5,1.0,19.0,4.0,4.0,4.0,1.0,0.0,1.0,4 palabras
mi abuela hace arroz en la cacerola,abuelo mujer mía cacerola arroz cocinar,35.0,7.0,7.0,4.142857142857143,1.0,39.0,6.0,6.0,5.666666666666667,1.0,1.0,0.8571428571428571,≥7 palabras
él hace ejercicio,él ejercicio hacer,17.0,3.0,3.0,5.0,1.0,18.0,3.0,3.0,5.333333333333333,1.0,0.0,1.0,3 palabras
está haciendo calor,calor,19.0,3.0,3.0,5.666666666666667,1.0,5.0,1.0,1.0,5.0,1.0,2.0,0.3333333333333333,3 palabras
ayer hizo calor,ayer calor,15.0,3.0,3.0,4.333333333333333,1.0,10.0,2.0,2.0,4.5,1.0,1.0,0.6666666666666666,3 palabras
mañana hará calor,mañana calor,17.0,3.0,3.0,5.0,1.0,12.0,2.0,2.0,5.5,1.0,1.0,0.6666666666666666,3 palabras
está haciendo mucho calor,calor mucho,25.0,4.0,4.0,5.5,1.0,11.0,2.0,2.0,5.0,1.0,2.0,0.5,4 palabras
el día está caluroso,día caluroso,20.0,4.0,4.0,4.25,1.0,12.0,2.0,2.0,5.5,1.0,2.0,0.5,4 palabras
el mes pasado hizo mucho calor,mes pasado calor mucho,30.0,6.0,6.0,4.166666666666667,1.0,22.0,4.0,4.0,4.75,1.0,2.0,0.6666666666666666,6 palabras
el próximo mes hará calor,próximo mes calor,25.0,5.0,5.0,4.2,1.0,17.0,3.0,3.0,5.0,1.0,2.0,0.6,5 palabras
antier hizo calor,antier calor,17.0,3.0,3.0,5.0,1.0,12.0,2.0,2.0,5.5,1.0,1.0,0.6666666666666666,3 palabras
la próxima semana hará calor,próxima semana calor,28.0,5.0,5.0,4.8,1.0,20.0,3.0,3.0,6.0,1.0,2.0,0.6,5 palabras
hace viento,viento,11.0,2.0,2.0,5.0,1.0,6.0,1.0,1.0,6.0,1.0,1.0,0.5,2 palabras
está haciendo mucho viento,viento mucho,26.0,4.0,4.0,5.75,1.0,12.0,2.0,2.0,5.5,1.0,2.0,0.5,4 palabras
hace calor,calor,10.0,2.0,2.0,4.5,1.0,5.0,1.0,1.0,5.0,1.0,1.0,0.5,2 palabras
hace mucho calor,calor mucho,16.0,3.0,3.0,4.666666666666667,1.0,11.0,2.0,2.0,5.0,1.0,1.0,0.6666666666666666,3 palabras
hace frío,frío,9.0,2.0,2.0,4.0,1.0,4.0,1.0,1.0,4.0,1.0,1.0,0.5,2 palabras
está haciendo frío,frío,18.0,3.0,3.0,5.333333333333333,1.0,4.0,1.0,1.0,4.0,1.0,2.0,0.3333333333333333,3 palabras
hace mucho frío,frío mucho,15.0,3.0,3.0,4.333333333333333,1.0,10.0,2.0,2.0,4.5,1.0,1.0,0.6666666666666666,3 palabras
se está haciendo muy tarde,tarde mucho,26.0,5.0,5.0,4.4,1.0,11.0,2.0,2.0,5.0,1.0,3.0,0.4,5 palabras
se hace tarde,tarde,13.0,3.0,3.0,3.6666666666666665,1.0,5.0,1.0,1.0,5.0,1.0,2.0,0.3333333333333333,3 palabras
hace una hora,antes hora uno,13.0,3.0,3.0,3.6666666666666665,1.0,14.0,3.0,3.0,4.0,1.0,0.0,1.0,3 palabras
hace siete años,antes años siete,15.0,3.0,3.0,4.333333333333333,1.0,16.0,3.0,3.0,4.666666666666667,1.0,0.0,1.0,3 palabras
está lloviendo en la ciudad,ciudad ahí llover,27.0,5.0,5.0,4.6,1.0,17.0,3.0,3.0,5.0,1.0,2.0,0.6,5 palabras
está nevando en el campo,campo ahí nevar,24.0,5.0,5.0,4.0,1.0,15.0,3.0,3.0,4.333333333333333,1.0,2.0,0.6,5 palabras
está granizando en el parque,parque ahí granizar,28.0,5.0,5.0,4.8,1.0,19.0,3.0,3.0,5.666666666666667,1.0,2.0,0.6,5 palabras
el día está fresco,hoy día fresco,18.0,4.0,4.0,3.75,1.0,14.0,3.0,3.0,4.0,1.0,1.0,0.75,4 palabras
quiero comprar un auto,yo auto comprar querer,22.0,4.0,4.0,4.75,1.0,22.0,4.0,4.0,4.75,1.0,0.0,1.0,4 palabras
no quiero comprar un auto,yo auto comprar no querer,25.0,5.0,5.0,4.2,1.0,25.0,5.0,5.0,4.2,1.0,0.0,1.0,5 palabras
quieren comprar un auto,ellos (as) /ustedes auto comprar querer,23.0,4.0,4.0,5.0,1.0,39.0,6.0,6.0,5.166666666666667,1.0,-2.0,1.5,4 palabras
no quieren comprar un auto,ellos (as) /ustedes auto comprar no querer,26.0,5.0,5.0,4.4,1.0,42.0,7.0,7.0,4.714285714285714,1.0,-2.0,1.4,5 palabras
ustedes quieren comprar un auto,ustedes auto comprar querer,31.0,5.0,5.0,5.4,1.0,27.0,4.0,4.0,6.0,1.0,1.0,0.8,5 palabras
ustedes no quieren comprar un auto,ustedes auto comprar no querer,34.0,6.0,6.0,4.833333333333333,1.0,30.0,5.0,5.0,5.2,1.0,1.0,0.8333333333333334,6 palabras
ellas quieren comprar auto,ellas auto comprar querer,26.0,4.0,4.0,5.75,1.0,25.0,4.0,4.0,5.5,1.0,0.0,1.0,4 palabras
ellos quieren comprar auto,ellos auto comprar no querer,26.0,4.0,4.0,5.75,1.0,28.0,5.0,5.0,4.8,1.0,-1.0,1.25,4 palabras
quieres comprar un auto,tú auto comprar querer,23.0,4.0,4.0,5.0,1.0,22.0,4.0,4.0,4.75,1.0,0.0,1.0,4 palabras
no quieres comprar un auto,tú auto comprar no querer,26.0,5.0,5.0,4.4,1.0,25.0,5.0,5.0,4.2,1.0,0.0,1.0,5 palabras
quiere comprar un auto,él (ella) auto comprar querer,22.0,4.0,4.0,4.75,1.0,29.0,5.0,5.0,4.6,1.0,-1.0,1.25,4 palabras
no quiere comprar un auto,él (ella) auto comprar no querer,25.0,5.0,5.0,4.2,1.0,32.0,6.0,6.0,4.166666666666667,1.0,-1.0,1.2,5 palabras
ella quiere comprar un auto,ella auto comprar querer,27.0,5.0,5.0,4.6,1.0,24.0,4.0,4.0,5.25,1.0,1.0,0.8,5 palabras
ella no quiere comprar un auto,ella auto comprar no querer,30.0,6.0,6.0,4.166666666666667,1.0,27.0,5.0,5.0,4.6,1.0,1.0,0.8333333333333334,6 palabras
él quiere comprar un auto,él auto comprar querer,25.0,5.0,5.0,4.2,1.0,22.0,4.0,4.0,4.75,1.0,1.0,0.8,5 palabras
él no quiere comprar un auto,él auto comprar no querer,28.0,6.0,6.0,3.8333333333333335,1.0,25.0,5.0,5.0,4.2,1.0,1.0,0.8333333333333334,6 palabras
nosotros queremos comprar un auto,nosotros auto comprar querer,33.0,5.0,5.0,5.8,1.0,28.0,4.0,4.0,6.25,1.0,1.0,0.8,5 palabras
nosotros no queremos comprar un auto,nosotros auto comprar no querer,36.0,6.0,6.0,5.166666666666667,1.0,31.0,5.0,5.0,5.4,1.0,1.0,0.8333333333333334,6 palabras
queremos comprar un auto,nosotros auto comprar querer,24.0,4.0,4.0,5.25,1.0,28.0,4.0,4.0,6.25,1.0,0.0,1.0,4 palabras
no queremos comprar un auto,nosotros auto comprar no querer,27.0,5.0,5.0,4.6,1.0,31.0,5.0,5.0,5.4,1.0,0.0,1.0,5 palabras
quiero trabajar,yo trabajar querer,15.0,2.0,2.0,7.0,1.0,18.0,3.0,3.0,5.333333333333333,1.0,-1.0,1.5,2 palabras
no quiero trabajar,yo trabajar no querer,18.0,3.0,3.0,5.333333333333333,1.0,21.0,4.0,4.0,4.5,1.0,-1.0,1.3333333333333333,3 palabras
él quiere trabajar,él trabajar querer,18.0,3.0,3.0,5.333333333333333,1.0,18.0,3.0,3.0,5.333333333333333,1.0,0.0,1.0,3 palabras
él no quiere trabajar,él trabajar no querer,21.0,4.0,4.0,4.5,1.0,21.0,4.0,4.0,4.5,1.0,0.0,1.0,4 palabras
ella quiere trabajar,ella trabajar querer,20.0,3.0,3.0,6.0,1.0,20.0,3.0,3.0,6.0,1.0,0.0,1.0,3 palabras
ella no quiere trabajar,ella trabajar no querer,23.0,4.0,4.0,5.0,1.0,23.0,4.0,4.0,5.0,1.0,0.0,1.0,4 palabras
quiere trabajar,él (ella) trabajar querer,15.0,2.0,2.0,7.0,1.0,25.0,4.0,4.0,5.0,1.0,-2.0,2.0,2 palabras
no quiere trabajar,él (ella) trabajar no querer,18.0,3.0,3.0,5.333333333333333,1.0,28.0,5.0,5.0,4.4,1.0,-2.0,1.6666666666666667,3 palabras
quieres trabajar,tú trabajar querer,16.0,2.0,2.0,7.5,1.0,18.0,3.0,3.0,5.333333333333333,1.0,-1.0,1.5,2 palabras
no quieres trabajar,tú trabajar no querer,19.0,3.0,3.0,5.666666666666667,1.0,21.0,4.0,4.0,4.5,1.0,-1.0,1.3333333333333333,3 palabras
quieren trabajar,ellos (as)/ustedes trabajar querer,16.0,2.0,2.0,7.5,1.0,34.0,5.0,5.0,5.6,1.0,-3.0,2.5,2 palabras
no quieren trabajar,ellos (as)/ustedes trabajar no querer,19.0,3.0,3.0,5.666666666666667,1.0,37.0,6.0,6.0,5.0,1.0,-3.0,2.0,3 palabras
nosotros queremos trabajar,nosotros trabajar querer,26.0,3.0,3.0,8.0,1.0,24.0,3.0,3.0,7.333333333333333,1.0,0.0,1.0,3 palabras
queremos trabajar,nosotros trabajar querer,17.0,2.0,2.0,8.0,1.0,24.0,3.0,3.0,7.333333333333333,1.0,-1.0,1.5,2 palabras
quiero comer,yo comer querer,12.0,2.0,2.0,5.5,1.0,15.0,3.0,3.0,4.333333333333333,1.0,-1.0,1.5,2 palabras
no quiero comer,yo comer no querer,15.0,3.0,3.0,4.333333333333333,1.0,18.0,4.0,4.0,3.75,1.0,-1.0,1.3333333333333333,3 palabras
quieren comer,ellos comer querer,13.0,2.0,2.0,6.0,1.0,18.0,3.0,3.0,5.333333333333333,1.0,-1.0,1.5,2 palabras
no quieren comer,ellos comer no querer,16.0,3.0,3.0,4.666666666666667,1.0,21.0,4.0,4.0,4.5,1.0,-1.0,1.3333333333333333,3 palabras
quieren comer,ustedes comer querer,13.0,2.0,2.0,6.0,1.0,20.0,3.0,3.0,6.0,1.0,-1.0,1.5,2 palabras
no quieren comer,ustedes comer no querer,16.0,3.0,3.0,4.666666666666667,1.0,23.0,4.0,4.0,5.0,1.0,-1.0,1.3333333333333333,3 palabras
quiere comer,él (ella) comer querer,12.0,2.0,2.0,5.5,1.0,22.0,4.0,4.0,4.25,1.0,-2.0,2.0,2 palabras
no quiere comer,él (ella) comer no querer,15.0,3.0,3.0,4.333333333333333,1.0,25.0,5.0,5.0,3.8,1.0,-2.0,1.6666666666666667,3 palabras
ella quiere comer,ella comer querer,17.0,3.0,3.0,5.0,1.0,17.0,3.0,3.0,5.0,1.0,0.0,1.0,3 palabras
ella no quiere comer,ella comer no querer,20.0,4.0,4.0,4.25,1.0,20.0,4.0,4.0,4.25,1.0,0.0,1.0,4 palabras
él quiere comer,él comer querer,15.0,3.0,3.0,4.333333333333333,1.0,15.0,3.0,3.0,4.333333333333333,1.0,0.0,1.0,3 palabras
él no quiere comer,él comer no querer,18.0,4.0,4.0,3.75,1.0,18.0,4.0,4.0,3.75,1.0,0.0,1.0,4 palabras
queremos comer,nosotros comer querer,14.0,2.0,2.0,6.5,1.0,21.0,3.0,3.0,6.333333333333333,1.0,-1.0,1.5,2 palabras
no queremos comer,nosotros comer no querer,17.0,3.0,3.0,5.0,1.0,24.0,4.0,4.0,5.25,1.0,-1.0,1.3333333333333333,3 palabras
nosotros queremos comer,nosotros comer querer,23.0,3.0,3.0,7.0,1.0,21.0,3.0,3.0,6.333333333333333,1.0,0.0,1.0,3 palabras
no queremos comer,nosotros comer no querer,17.0,3.0,3.0,5.0,1.0,24.0,4.0,4.0,5.25,1.0,-1.0,1.3333333333333333,3 palabras
quiero un abrazo,yo abrazo querer,16.0,3.0,3.0,4.666666666666667,1.0,16.0,3.0,3.0,4.666666666666667,1.0,0.0,1.0,3 palabras
no quiero un abrazo,yo abrazo no querer,19.0,4.0,4.0,4.0,1.0,19.0,4.0,4.0,4.0,1.0,0.0,1.0,4 palabras
quiere un abrazo,él (ella) abrazo querer,16.0,3.0,3.0,4.666666666666667,1.0,23.0,4.0,4.0,4.5,1.0,-1.0,1.3333333333333333,3 palabras
no quiere un abrazo,él (ella) abrazo no querer,19.0,4.0,4.0,4.0,1.0,26.0,5.0,5.0,4.0,1.0,-1.0,1.25,4 palabras
él quiere un abrazo,él abrazo querer,19.0,4.0,4.0,4.0,1.0,16.0,3.0,3.0,4.666666666666667,1.0,1.0,0.75,4 palabras
él no quiere un abrazo,él abrazo no querer,22.0,5.0,5.0,3.6,1.0,19.0,4.0,4.0,4.0,1.0,1.0,0.8,5 palabras
ella quiere un abrazo,ella abrazo querer,21.0,4.0,4.0,4.5,1.0,18.0,3.0,3.0,5.333333333333333,1.0,1.0,0.75,4 palabras
ella no quiere un abrazo,ella abrazo no querer,24.0,5.0,5.0,4.0,1.0,21.0,4.0,4.0,4.5,1.0,1.0,0.8,5 palabras
quieres un abrazo,tú abrazo querer,17.0,3.0,3.0,5.0,1.0,16.0,3.0,3.0,4.666666666666667,1.0,0.0,1.0,3 palabras
no quieres un abrazo,tú abrazo no querer,20.0,4.0,4.0,4.25,1.0,19.0,4.0,4.0,4.0,1.0,0.0,1.0,4 palabras
quieren un abrazo,ellos (as)/ustedes abrazo querer,17.0,3.0,3.0,5.0,1.0,32.0,5.0,5.0,5.2,1.0,-2.0,1.6666666666666667,3 palabras
no quieren un abrazo,ellos (as)/ustedes abrazo no querer,20.0,4.0,4.0,4.25,1.0,35.0,6.0,6.0,4.666666666666667,1.0,-2.0,1.5,4 palabras
ellas quieren un abrazo,ellas abrazo querer,23.0,4.0,4.0,5.0,1.0,19.0,3.0,3.0,5.666666666666667,1.0,1.0,0.75,4 palabras
ellas no quieren un abrazo,ellas abrazo no querer,26.0,5.0,5.0,4.4,1.0,22.0,4.0,4.0,4.75,1.0,1.0,0.8,5 palabras
ellos quieren un abrazo,ellos abrazo querer,23.0,4.0,4.0,5.0,1.0,19.0,3.0,3.0,5.666666666666667,1.0,1.0,0.75,4 palabras
ellas quieren un abrazo,ellas abrazo no querer,23.0,4.0,4.0,5.0,1.0,22.0,4.0,4.0,4.75,1.0,0.0,1.0,4 palabras
ustedes quieren un abrazo,ustedes abrazo querer,25.0,4.0,4.0,5.5,1.0,21.0,3.0,3.0,6.333333333333333,1.0,1.0,0.75,4 palabras
ustedes no quieren un abrazo,ustedes abrazo no querer,28.0,5.0,5.0,4.8,1.0,24.0,4.0,4.0,5.25,1.0,1.0,0.8,5 palabras
queremos un abrazo,nosotros abrazo querer,18.0,3.0,3.0,5.333333333333333,1.0,22.0,3.0,3.0,6.666666666666667,1.0,0.0,1.0,3 palabras
no queremos un abrazo,nosotros abrazo no querer,21.0,4.0,4.0,4.5,1.0,25.0,4.0,4.0,5.5,1.0,0.0,1.0,4 palabras
quiero adoptar un perro,yo perro adoptar querer,23.0,4.0,4.0,5.0,1.0,23.0,4.0,4.0,5.0,1.0,0.0,1.0,4 palabras
no quiero adoptar un perro,yo perro adoptar no querer,26.0,5.0,5.0,4.4,1.0,26.0,5.0,5.0,4.4,1.0,0.0,1.0,5 palabras
quieres adoptar un perro,tú perro adoptar querer,24.0,4.0,4.0,5.25,1.0,23.0,4.0,4.0,5.0,1.0,0.0,1.0,4 palabras
no quieres adoptar un perro,tú perro adoptar no querer,27.0,5.0,5.0,4.6,1.0,26.0,5.0,5.0,4.4,1.0,0.0,1.0,5 palabras
quieren adoptar un perro,ellos perro adoptar querer,24.0,4.0,4.0,5.25,1.0,26.0,4.0,4.0,5.75,1.0,0.0,1.0,4 palabras
no quieren adoptar un perro,ellos perro adoptar no querer,27.0,5.0,5.0,4.6,1.0,29.0,5.0,5.0,5.0,1.0,0.0,1.0,5 palabras
quieren adoptar un perro,ustedes perro adoptar querer,24.0,4.0,4.0,5.25,1.0,28.0,4.0,4.0,6.25,1.0,0.0,1.0,4 palabras
no quieren adoptar un perro,ustedes perro adoptar no querer,27.0,5.0,5.0,4.6,1.0,31.0,5.0,5.0,5.4,1.0,0.0,1.0,5 palabras
queremos adoptar un perro,nosotros perro adoptar querer,25.0,4.0,4.0,5.5,1.0,29.0,4.0,4.0,6.5,1.0,0.0,1.0,4 palabras
no queremos adoptar un perro,nosotros perro adoptar no querer,28.0,5.0,5.0,4.8,1.0,32.0,5.0,5.0,5.6,1.0,0.0,1.0,5 palabras
quiero ir,yo ir querer,9.0,2.0,2.0,4.0,1.0,12.0,3.0,3.0,3.3333333333333335,1.0,-1.0,1.5,2 palabras
no quiero ir,yo ir no querer,12.0,3.0,3.0,3.3333333333333335,1.0,15.0,4.0,4.0,3.0,1.0,-1.0,1.3333333333333333,3 palabras
quieres ir,tú ir querer,10.0,2.0,2.0,4.5,1.0,12.0,3.0,3.0,3.3333333333333335,1.0,-1.0,1.5,2 palabras
tú no quieres ir,tú ir no querer,16.0,4.0,4.0,3.25,1.0,15.0,4.0,4.0,3.0,1.0,0.0,1.0,4 palabras
no quieres ir,tú ir no querer,13.0,3.0,3.0,3.6666666666666665,1.0,15.0,4.0,4.0,3.0,1.0,-1.0,1.3333333333333333,3 palabras
él quiere ir,él ir querer,12.0,3.0,3.0,3.3333333333333335,1.0,12.0,3.0,3.0,3.3333333333333335,1.0,0.0,1.0,3 palabras
ella quiere ir,ella ir querer,14.0,3.0,3.0,4.0,1.0,14.0,3.0,3.0,4.0,1.0,0.0,1.0,3 palabras
quiere ir,el (ella) ir querer,9.0,2.0,2.0,4.0,1.0,19.0,4.0,4.0,3.5,1.0,-2.0,2.0,2 palabras
quieren ir,ellos (as)/ustedes ir querer,10.0,2.0,2.0,4.5,1.0,28.0,5.0,5.0,4.4,1.0,-3.0,2.5,2 palabras
ellas quieren ir,ellas ir querer,16.0,3.0,3.0,4.666666666666667,1.0,15.0,3.0,3.0,4.333333333333333,1.0,0.0,1.0,3 palabras
ellos quieren ir,ellos ir querer,16.0,3.0,3.0,4.666666666666667,1.0,15.0,3.0,3.0,4.333333333333333,1.0,0.0,1.0,3 palabras
ustedes quieren ir,ustedes ir querer,18.0,3.0,3.0,5.333333333333333,1.0,17.0,3.0,3.0,5.0,1.0,0.0,1.0,3 palabras
no quieren ir,ellos ir no querer,13.0,3.0,3.0,3.6666666666666665,1.0,18.0,4.0,4.0,3.75,1.0,-1.0,1.3333333333333333,3 palabras
quieren ir,ellas ir querer,10.0,2.0,2.0,4.5,1.0,15.0,3.0,3.0,4.333333333333333,1.0,-1.0,1.5,2 palabras
quieren ir,ustedes ir querer,10.0,2.0,2.0,4.5,1.0,17.0,3.0,3.0,5.0,1.0,-1.0,1.5,2 palabras
quiero a mi mamá,yo mamá mía querer,16.0,4.0,4.0,3.25,1.0,18.0,4.0,4.0,3.75,1.0,0.0,1.0,4 palabras
quiero a mi madre,yo madre mía querer,17.0,4.0,4.0,3.5,1.0,19.0,4.0,4.0,4.0,1.0,0.0,1.0,4 palabras
yo me quiero a mi misma,yo solita querer,23.0,6.0,6.0,3.0,1.0,16.0,3.0,3.0,4.666666666666667,1.0,3.0,0.5,6 palabras
yo bebo cerveza,yo cerveza beber,15.0,3.0,3.0,4.333333333333333,1.0,16.0,3.0,3.0,4.666666666666667,1.0,0.0,1.0,3 palabras
bebo jugo de manzana,yo jugomanzana beber,20.0,4.0,4.0,4.25,1.0,20.0,3.0,3.0,6.0,1.0,1.0,0.75,4 palabras
bebe refresco,él (ella) refresco,13.0,2.0,2.0,6.0,1.0,18.0,3.0,3.0,4.666666666666667,1.0,-1.0,1.5,2 palabras
él bebe cerveza,él cerveza beber,15.0,3.0,3.0,4.333333333333333,1.0,16.0,3.0,3.0,4.666666666666667,1.0,0.0,1.0,3 palabras
ella bebe cerveza,ella cerveza beber,17.0,3.0,3.0,5.0,1.0,18.0,3.0,3.0,5.333333333333333,1.0,0.0,1.0,3 palabras
tú bebes cerveza,tú cerveza beber,16.0,3.0,3.0,4.666666666666667,1.0,16.0,3.0,3.0,4.666666666666667,1.0,0.0,1.0,3 palabras
beben leche,ellos (as)/ ustedes leche beber,11.0,2.0,2.0,5.0,1.0,31.0,5.0,5.0,4.8,1.0,-3.0,2.5,2 palabras
ellas beben té,ellas té beber,14.0,3.0,3.0,4.0,1.0,14.0,3.0,3.0,4.0,1.0,0.0,1.0,3 palabras
ellos beben limonada,ellos limonada beber,20.0,3.0,3.0,6.0,1.0,20.0,3.0,3.0,6.0,1.0,0.0,1.0,3 palabras
bebemos tequila,nosotros tequila beber,15.0,2.0,2.0,7.0,1.0,22.0,3.0,3.0,6.666666666666667,1.0,-1.0,1.5,2 palabras
nosotros bebemos cerveza,nosotros cerveza beber,24.0,3.0,3.0,7.333333333333333,1.0,22.0,3.0,3.0,6.666666666666667,1.0,0.0,1.0,3 palabras
nosotros bebemos refresco,nosotros refresco beber,25.0,3.0,3.0,7.666666666666667,1.0,23.0,3.0,3.0,7.0,1.0,0.0,1.0,3 palabras
leo un libro,yo libro leer,12.0,3.0,3.0,3.3333333333333335,1.0,13.0,3.0,3.0,3.6666666666666665,1.0,0.0,1.0,3 palabras
lees un libro,tú libro leer,13.0,3.0,3.0,3.6666666666666665,1.0,13.0,3.0,3.0,3.6666666666666665,1.0,0.0,1.0,3 palabras
tú lees un libro,tú libro leer,16.0,4.0,4.0,3.25,1.0,13.0,3.0,3.0,3.6666666666666665,1.0,1.0,0.75,4 palabras
lee un libro,él (ella) libro leer,12.0,3.0,3.0,3.3333333333333335,1.0,20.0,4.0,4.0,3.75,1.0,-1.0,1.3333333333333333,3 palabras
ella lee un libro,ella libro leer,17.0,4.0,4.0,3.5,1.0,15.0,3.0,3.0,4.333333333333333,1.0,1.0,0.75,4 palabras
él lee un libro,él libro leer,15.0,4.0,4.0,3.0,1.0,13.0,3.0,3.0,3.6666666666666665,1.0,1.0,0.75,4 palabras
leen un libro,ellos (as) (ustedes) libros leer,13.0,3.0,3.0,3.6666666666666665,1.0,32.0,5.0,5.0,4.8,1.0,-2.0,1.6666666666666667,3 palabras
ellos leen un libro,ellos libro leer,19.0,4.0,4.0,4.0,1.0,16.0,3.0,3.0,4.666666666666667,1.0,1.0,0.75,4 palabras
ellas leen un libro,ellas libro leer,19.0,4.0,4.0,4.0,1.0,16.0,3.0,3.0,4.666666666666667,1.0,1.0,0.75,4 palabras
ustedes leen un libro,ustedes libro leer,21.0,4.0,4.0,4.5,1.0,18.0,3.0,3.0,5.333333333333333,1.0,1.0,0.75,4 palabras
leemos un libro,nosotros libro leer,15.0,3.0,3.0,4.333333333333333,1.0,19.0,3.0,3.0,5.666666666666667,1.0,0.0,1.0,3 palabras
nosotros leemos un libro,nosotros libro leer,24.0,4.0,4.0,5.25,1.0,19.0,3.0,3.0,5.666666666666667,1.0,1.0,0.75,4 palabras
los niños leen un libro,niño ellos libro leer,23.0,5.0,5.0,3.8,1.0,21.0,4.0,4.0,4.5,1.0,1.0,0.8,5 palabras
las niñas leen un libro,niño mujer ellas nadar,23.0,5.0,5.0,3.8,1.0,22.0,4.0,4.0,4.75,1.0,1.0,0.8,5 palabras
quiero café,yo café querer,11.0,2.0,2.0,5.0,1.0,14.0,3.0,3.0,4.0,1.0,-1.0,1.5,2 palabras
no quiero café,yo café no querer,14.0,3.0,3.0,4.0,1.0,17.0,4.0,4.0,3.5,1.0,-1.0,1.3333333333333333,3 palabras
quiero a mi mamá,yo mamá mía ella querer,16.0,4.0,4.0,3.25,1.0,23.0,5.0,5.0,3.8,1.0,-1.0,1.25,4 palabras
quiero llorar,yo llorar querer,13.0,2.0,2.0,6.0,1.0,16.0,3.0,3.0,4.666666666666667,1.0,-1.0,1.5,2 palabras
no quiero llorar,yo llorar no querer,16.0,3.0,3.0,4.666666666666667,1.0,19.0,4.0,4.0,4.0,1.0,-1.0,1.3333333333333333,3 palabras
quieres llorar,tú llorar querer,14.0,2.0,2.0,6.5,1.0,16.0,3.0,3.0,4.666666666666667,1.0,-1.0,1.5,2 palabras
quiere llorar,él (ella) llorar querer,13.0,2.0,2.0,6.0,1.0,23.0,4.0,4.0,4.5,1.0,-2.0,2.0,2 palabras
él quiere llorar,él llorar querer,16.0,3.0,3.0,4.666666666666667,1.0,16.0,3.0,3.0,4.666666666666667,1.0,0.0,1.0,3 palabras
ella quiere llorar,ella llorar querer,18.0,3.0,3.0,5.333333333333333,1.0,18.0,3.0,3.0,5.333333333333333,1.0,0.0,1.0,3 palabras
nosotros queremos llorar,nosotros llorar querer,24.0,3.0,3.0,7.333333333333333,1.0,22.0,3.0,3.0,6.666666666666667,1.0,0.0,1.0,3 palabras
queremos llorar,nosotros llorar querer,15.0,2.0,2.0,7.0,1.0,22.0,3.0,3.0,6.666666666666667,1.0,-1.0,1.5,2 palabras
ustedes quieren llorar,ustedes llorar querer,22.0,3.0,3.0,6.666666666666667,1.0,21.0,3.0,3.0,6.333333333333333,1.0,0.0,1.0,3 palabras
quieren llorar,ellos (ellas) llorar querer,14.0,2.0,2.0,6.5,1.0,27.0,4.0,4.0,5.5,1.0,-2.0,2.0,2 palabras
ellas quieren llorar,ellas llorar querer,20.0,3.0,3.0,6.0,1.0,19.0,3.0,3.0,5.666666666666667,1.0,0.0,1.0,3 palabras
ellos quieren llorar,ellos llorar querer,20.0,3.0,3.0,6.0,1.0,19.0,3.0,3.0,5.666666666666667,1.0,0.0,1.0,3 palabras
quiero morir,yo morir querer,12.0,2.0,2.0,5.5,1.0,15.0,3.0,3.0,4.333333333333333,1.0,-1.0,1.5,2 palabras
no quiero morir,yo morir no querer,15.0,3.0,3.0,4.333333333333333,1.0,18.0,4.0,4.0,3.75,1.0,-1.0,1.3333333333333333,3 palabras
quiero correr en la pista,pista ahí yo correr querer,25.0,5.0,5.0,4.2,1.0,26.0,5.0,5.0,4.4,1.0,0.0,1.0,5 palabras
quieres correr en la pista,pista ahí tú correr querer,26.0,5.0,5.0,4.4,1.0,26.0,5.0,5.0,4.4,1.0,0.0,1.0,5 palabras
quiere correr en la pista,pista ahí él (ella) correr querer,25.0,5.0,5.0,4.2,1.0,33.0,6.0,6.0,4.333333333333333,1.0,-1.0,1.2,5 palabras
él quiere correr en la pista,pista ahí él correr,28.0,6.0,6.0,3.8333333333333335,1.0,19.0,4.0,4.0,4.0,1.0,2.0,0.6666666666666666,6 palabras
ella quiere correr en la pista,pista ahí ella correr,30.0,6.0,6.0,4.166666666666667,1.0,21.0,4.0,4.0,4.5,1.0,2.0,0.6666666666666666,6 palabras
queremos correr en la pista,pista ahí nosotros correr,27.0,5.0,5.0,4.6,1.0,25.0,4.0,4.0,5.5,1.0,1.0,0.8,5 palabras
quieren correr en la pista,pista ahí ellos/ellas correr,26.0,5.0,5.0,4.4,1.0,28.0,5.0,5.0,4.8,1.0,0.0,1.0,5 palabras
mi tío quiere correr en la pista,pista ahí tío mío correr,32.0,7.0,7.0,3.7142857142857144,1.0,24.0,5.0,5.0,4.0,1.0,2.0,0.7142857142857143,≥7 palabras
mi tía quiere correr en la pista,pista ahí tío mujer mía correr,32.0,7.0,7.0,3.7142857142857144,1.0,30.0,6.0,6.0,4.166666666666667,1.0,1.0,0.8571428571428571,≥7 palabras
mi hija quiere correr en la pista,pista ahí hijo mujer mía correr,33.0,7.0,7.0,3.857142857142857,1.0,31.0,6.0,6.0,4.333333333333333,1.0,1.0,0.8571428571428571,≥7 palabras
mi hijo quiere correr en la pista,pista ahí hijo mío correr,33.0,7.0,7.0,3.857142857142857,1.0,25.0,5.0,5.0,4.2,1.0,2.0,0.7142857142857143,≥7 palabras
mi prima quiere correr en la pista,pista ahí primo mujer mía correr,34.0,7.0,7.0,4.0,1.0,32.0,6.0,6.0,4.5,1.0,1.0,0.8571428571428571,≥7 palabras
mi primo quiere correr en la pista,pista ahí primo mío correr,34.0,7.0,7.0,4.0,1.0,26.0,5.0,5.0,4.4,1.0,2.0,0.7142857142857143,≥7 palabras
mi sobrino quiere correr en la pista,pista ahí sobrino mío correr,36.0,7.0,7.0,4.285714285714286,1.0,28.0,5.0,5.0,4.8,1.0,2.0,0.7142857142857143,≥7 palabras
mi sobrina quiere correr en la pista,pista ahí sobrino mujer mío correr,36.0,7.0,7.0,4.285714285714286,1.0,34.0,6.0,6.0,4.833333333333333,1.0,1.0,0.8571428571428571,≥7 palabras
mi abuelo quiere correr en la pista,pista ahí abuelo correr,35.0,7.0,7.0,4.142857142857143,1.0,23.0,4.0,4.0,5.0,1.0,3.0,0.5714285714285714,≥7 palabras
mi abuela quiere correr en la pista,pista ahí abuelo mujer correr,35.0,7.0,7.0,4.142857142857143,1.0,29.0,5.0,5.0,5.0,1.0,2.0,0.7142857142857143,≥7 palabras
quiero dormir,yo dormir querer,13.0,2.0,2.0,6.0,1.0,16.0,3.0,3.0,4.666666666666667,1.0,-1.0,1.5,2 palabras
quieres dormir,tú dormir querer,14.0,2.0,2.0,6.5,1.0,16.0,3.0,3.0,4.666666666666667,1.0,-1.0,1.5,2 palabras
quiere dormir,él/(ella) dormir querer,13.0,2.0,2.0,6.0,1.0,23.0,4.0,4.0,4.5,1.0,-2.0,2.0,2 palabras
él quiere dormir,él dormir querer,16.0,3.0,3.0,4.666666666666667,1.0,16.0,3.0,3.0,4.666666666666667,1.0,0.0,1.0,3 palabras
ella quiere dormir,ella dormir querer,18.0,3.0,3.0,5.333333333333333,1.0,18.0,3.0,3.0,5.333333333333333,1.0,0.0,1.0,3 palabras
él quiere dormir,él dormir querer,16.0,3.0,3.0,4.666666666666667,1.0,16.0,3.0,3.0,4.666666666666667,1.0,0.0,1.0,3 palabras
quieren dormir,ellos (as)/ustedes dormir querer,14.0,2.0,2.0,6.5,1.0,32.0,5.0,5.0,5.2,1.0,-3.0,2.5,2 palabras
ellos quieren dormir,ellos dormir querer,20.0,3.0,3.0,6.0,1.0,19.0,3.0,3.0,5.666666666666667,1.0,0.0,1.0,3 palabras
ellas quieren dormir,ellas dormir querer,20.0,3.0,3.0,6.0,1.0,19.0,3.0,3.0,5.666666666666667,1.0,0.0,1.0,3 palabras
queremos dormir,nosotros dormir querer,15.0,2.0,2.0,7.0,1.0,22.0,3.0,3.0,6.666666666666667,1.0,-1.0,1.5,2 palabras
nosotros queremos dormir,nosotros dormir querer,24.0,3.0,3.0,7.333333333333333,1.0,22.0,3.0,3.0,6.666666666666667,1.0,0.0,1.0,3 palabras
quiero descansar,yo descansar querer,16.0,2.0,2.0,7.5,1.0,19.0,3.0,3.0,5.666666666666667,1.0,-1.0,1.5,2 palabras
quieres descansar,tú descansar querer,17.0,2.0,2.0,8.0,1.0,19.0,3.0,3.0,5.666666666666667,1.0,-1.0,1.5,2 palabras
él quiere descansar,él descansar querer,19.0,3.0,3.0,5.666666666666667,1.0,19.0,3.0,3.0,5.666666666666667,1.0,0.0,1.0,3 palabras
ustedes quieren descansar,ustedes descansar querer,25.0,3.0,3.0,7.666666666666667,1.0,24.0,3.0,3.0,7.333333333333333,1.0,0.0,1.0,3 palabras
ellos quieren descansar,ellos descansar querer,23.0,3.0,3.0,7.0,1.0,22.0,3.0,3.0,6.666666666666667,1.0,0.0,1.0,3 palabras
ellas quieren descansar,ellas descansar querer,23.0,3.0,3.0,7.0,1.0,22.0,3.0,3.0,6.666666666666667,1.0,0.0,1.0,3 palabras
quieren descansar,ellos (as) (ustedes) descansar querer,17.0,2.0,2.0,8.0,1.0,37.0,5.0,5.0,5.8,1.0,-3.0,2.5,2 palabras
queremos descansar,nosotros descansar querer,18.0,2.0,2.0,8.5,1.0,25.0,3.0,3.0,7.666666666666667,1.0,-1.0,1.5,2 palabras
nosotros queremos descansar,nosotros descansar querer,27.0,3.0,3.0,8.333333333333334,1.0,25.0,3.0,3.0,7.666666666666667,1.0,0.0,1.0,3 palabras
los niños quieren descansar,niño ellos descansar querer,27.0,4.0,4.0,6.0,1.0,27.0,4.0,4.0,6.0,1.0,0.0,1.0,4 palabras
las niñas quieren descansar,niño mujer ellas descansar,27.0,4.0,4.0,6.0,1.0,26.0,4.0,4.0,5.75,1.0,0.0,1.0,4 palabras
mi tía quiere descansar,tío mujer mía descansar querer,23.0,4.0,4.0,5.0,1.0,30.0,5.0,5.0,5.2,1.0,-1.0,1.25,4 palabras
mi tío quiere descansar,tío mío descansar querer,23.0,4.0,4.0,5.0,1.0,24.0,4.0,4.0,5.25,1.0,0.0,1.0,4 palabras
mi abuelo quiere descansar,abuelo mío descansar querer,26.0,4.0,4.0,5.75,1.0,27.0,4.0,4.0,6.0,1.0,0.0,1.0,4 palabras
mi abuela quiere descansar,abuelo mujer mía descansar querer,26.0,4.0,4.0,5.75,1.0,33.0,5.0,5.0,5.8,1.0,-1.0,1.25,4 palabras
mi sobrina quiere descansar,sobrino mujer mía descansar querer,27.0,4.0,4.0,6.0,1.0,34.0,5.0,5.0,6.0,1.0,-1.0,1.25,4 palabras
mi sobrino quiere descansar,sobrino mío descansar querer,27.0,4.0,4.0,6.0,1.0,28.0,4.0,4.0,6.25,1.0,0.0,1.0,4 palabras
mi hija quiere descansar,hijo mujer mía descansar querer,24.0,4.0,4.0,5.25,1.0,31.0,5.0,5.0,5.4,1.0,-1.0,1.25,4 palabras
mi hijo quiere descansar,hijo mía descansar querer,24.0,4.0,4.0,5.25,1.0,25.0,4.0,4.0,5.5,1.0,0.0,1.0,4 palabras
yo estudio inglés todos los días,todos los días yo inglés estudiar,32.0,6.0,6.0,4.5,1.0,33.0,6.0,6.0,4.666666666666667,1.0,0.0,1.0,6 palabras
tú estudias inglés todos los días,todos los días tú inglés estudiar,33.0,6.0,6.0,4.666666666666667,1.0,33.0,6.0,6.0,4.666666666666667,1.0,0.0,1.0,6 palabras
él estudia inglés todos los días,todos los días él inglés estudiar,32.0,6.0,6.0,4.5,1.0,33.0,6.0,6.0,4.666666666666667,1.0,0.0,1.0,6 palabras
ella estudia inglés todos los días,todos los días ella inglés estudiar,34.0,6.0,6.0,4.833333333333333,1.0,35.0,6.0,6.0,5.0,1.0,0.0,1.0,6 palabras
nosotros estudiamos inglés todos los días,todos los días nosotros inglés estudiar,41.0,6.0,6.0,6.0,1.0,39.0,6.0,6.0,5.666666666666667,1.0,0.0,1.0,6 palabras
ellos estudian inglés todos los días,todos los días ellos inglés estudiar,36.0,6.0,6.0,5.166666666666667,1.0,36.0,6.0,6.0,5.166666666666667,1.0,0.0,1.0,6 palabras
ellas estudian inglés todos los días,todos los días ellas inglés estudiar,36.0,6.0,6.0,5.166666666666667,1.0,36.0,6.0,6.0,5.166666666666667,1.0,0.0,1.0,6 palabras
estudian inglés todos los días,todos los días ellos (as) (ustedes) inglés estudiar,30.0,5.0,5.0,5.2,1.0,51.0,8.0,8.0,5.0,1.0,-3.0,1.6,5 palabras
mi mamá estudia inglés todos los días,todos los días mamá mía inglés estudiar,37.0,7.0,7.0,4.428571428571429,1.0,39.0,7.0,7.0,4.714285714285714,1.0,0.0,1.0,≥7 palabras
mi papá estudia inglés todos los días,todos los días papá mío inglés estudiar,37.0,7.0,7.0,4.428571428571429,1.0,39.0,7.0,7.0,4.714285714285714,1.0,0.0,1.0,≥7 palabras
las niñas estudian inglés todos los días,todos los días niño mujer ellas inglés estudiar,40.0,7.0,7.0,4.857142857142857,1.0,47.0,8.0,8.0,5.0,1.0,-1.0,1.1428571428571428,≥7 palabras
los niños estudian inglés todos los días,todos los días niño ellos inglés estudiar,40.0,7.0,6.0,4.857142857142857,0.8571428571428571,41.0,7.0,7.0,5.0,1.0,0.0,1.0,≥7 palabras
mi novio estudia inglés todos los días,todos los días novio mío ingles estudiar,38.0,7.0,7.0,4.571428571428571,1.0,40.0,7.0,7.0,4.857142857142857,1.0,0.0,1.0,≥7 palabras
quiero enseñar,yo enseñar querer,14.0,2.0,2.0,6.5,1.0,17.0,3.0,3.0,5.0,1.0,-1.0,1.5,2 palabras
yo camino,yo caminar,9.0,2.0,2.0,4.0,1.0,10.0,2.0,2.0,4.5,1.0,0.0,1.0,2 palabras
él camina,él caminar,9.0,2.0,2.0,4.0,1.0,10.0,2.0,2.0,4.5,1.0,0.0,1.0,2 palabras
tú caminas,tú caminar,10.0,2.0,2.0,4.5,1.0,10.0,2.0,2.0,4.5,1.0,0.0,1.0,2 palabras
ella camina,ella caminar,11.0,2.0,2.0,5.0,1.0,12.0,2.0,2.0,5.5,1.0,0.0,1.0,2 palabras
nosotros caminamos,nosotros caminar,18.0,2.0,2.0,8.5,1.0,16.0,2.0,2.0,7.5,1.0,0.0,1.0,2 palabras
ustedes caminan,ustedes caminar,15.0,2.0,2.0,7.0,1.0,15.0,2.0,2.0,7.0,1.0,0.0,1.0,2 palabras
ellos caminan,ellos caminar,13.0,2.0,2.0,6.0,1.0,13.0,2.0,2.0,6.0,1.0,0.0,1.0,2 palabras
ella es agradable,ella agradable,17.0,3.0,3.0,5.0,1.0,14.0,2.0,2.0,6.5,1.0,1.0,0.6666666666666666,3 palabras
yo soy agradable,yo agradable,16.0,3.0,3.0,4.666666666666667,1.0,12.0,2.0,2.0,5.5,1.0,1.0,0.6666666666666666,3 palabras
él es agradable,él agradable,15.0,3.0,3.0,4.333333333333333,1.0,12.0,2.0,2.0,5.5,1.0,1.0,0.6666666666666666,3 palabras
tú eres agradable,tú agradable,17.0,3.0,3.0,5.0,1.0,12.0,2.0,2.0,5.5,1.0,1.0,0.6666666666666666,3 palabras
nosotros somos agradables,nosotros agradables,25.0,3.0,3.0,7.666666666666667,1.0,19.0,2.0,2.0,9.0,1.0,1.0,0.6666666666666666,3 palabras
ustedes son agradables,ustedes agradables,22.0,3.0,3.0,6.666666666666667,1.0,18.0,2.0,2.0,8.5,1.0,1.0,0.6666666666666666,3 palabras
ellos son agradables,ellos agradables,20.0,3.0,3.0,6.0,1.0,16.0,2.0,2.0,7.5,1.0,1.0,0.6666666666666666,3 palabras
yo estoy ocupada,yo ocupada,16.0,3.0,3.0,4.666666666666667,1.0,10.0,2.0,2.0,4.5,1.0,1.0,0.6666666666666666,3 palabras
tú estás ocupada,tú ocupada,16.0,3.0,3.0,4.666666666666667,1.0,10.0,2.0,2.0,4.5,1.0,1.0,0.6666666666666666,3 palabras
ella está ocupada,ella ocupada,17.0,3.0,3.0,5.0,1.0,12.0,2.0,2.0,5.5,1.0,1.0,0.6666666666666666,3 palabras
él está ocupado,él ocupado,15.0,3.0,3.0,4.333333333333333,1.0,10.0,2.0,2.0,4.5,1.0,1.0,0.6666666666666666,3 palabras
nosotros estamos ocupados,nosotros ocupados,25.0,3.0,3.0,7.666666666666667,1.0,17.0,2.0,2.0,8.0,1.0,1.0,0.6666666666666666,3 palabras
ellos están ocupados,ellos ocupados,20.0,3.0,3.0,6.0,1.0,14.0,2.0,2.0,6.5,1.0,1.0,0.6666666666666666,3 palabras
ellas están ocupadas,ellas ocupadas,20.0,3.0,3.0,6.0,1.0,14.0,2.0,2.0,6.5,1.0,1.0,0.6666666666666666,3 palabras
yo soy simpática,yo simpática,16.0,3.0,3.0,4.666666666666667,1.0,12.0,2.0,2.0,5.5,1.0,1.0,0.6666666666666666,3 palabras
tú eres simpática,tú simpática,17.0,3.0,3.0,5.0,1.0,12.0,2.0,2.0,5.5,1.0,1.0,0.6666666666666666,3 palabras
él es simpático,él simpático,15.0,3.0,3.0,4.333333333333333,1.0,12.0,2.0,2.0,5.5,1.0,1.0,0.6666666666666666,3 palabras
ella es simpática,ella simpática,17.0,3.0,3.0,5.0,1.0,14.0,2.0,2.0,6.5,1.0,1.0,0.6666666666666666,3 palabras
nosotros somos simpáticos,nosotros simpáticos,25.0,3.0,3.0,7.666666666666667,1.0,19.0,2.0,2.0,9.0,1.0,1.0,0.6666666666666666,3 palabras
ellos son simpáticos,ellos simpáticos,20.0,3.0,3.0,6.0,1.0,16.0,2.0,2.0,7.5,1.0,1.0,0.6666666666666666,3 palabras
ellas son simpáticas,ellas simpáticas,20.0,3.0,3.0,6.0,1.0,16.0,2.0,2.0,7.5,1.0,1.0,0.6666666666666666,3 palabras
yo soy amable,yo amable,13.0,3.0,3.0,3.6666666666666665,1.0,9.0,2.0,2.0,4.0,1.0,1.0,0.6666666666666666,3 palabras
ella es amable,ella amable,14.0,3.0,3.0,4.0,1.0,11.0,2.0,2.0,5.0,1.0,1.0,0.6666666666666666,3 palabras
él es amable,él amable,12.0,3.0,3.0,3.3333333333333335,1.0,9.0,2.0,2.0,4.0,1.0,1.0,0.6666666666666666,3 palabras
nosotros somos amables,nosotros amables,22.0,3.0,3.0,6.666666666666667,1.0,16.0,2.0,2.0,7.5,1.0,1.0,0.6666666666666666,3 palabras
ustedes son amables,ustedes amables,19.0,3.0,3.0,5.666666666666667,1.0,15.0,2.0,2.0,7.0,1.0,1.0,0.6666666666666666,3 palabras
ellos son amables,ellos amables,17.0,3.0,3.0,5.0,1.0,13.0,2.0,2.0,6.0,1.0,1.0,0.6666666666666666,3 palabras
ellas son amables,ellas amables,17.0,3.0,3.0,5.0,1.0,13.0,2.0,2.0,6.0,1.0,1.0,0.6666666666666666,3 palabras
mi mamá es amable,mamá mía amable,17.0,4.0,4.0,3.5,1.0,15.0,3.0,3.0,4.333333333333333,1.0,1.0,0.75,4 palabras
mi papá es amable,papá mío amable,17.0,4.0,4.0,3.5,1.0,15.0,3.0,3.0,4.333333333333333,1.0,1.0,0.75,4 palabras
el maestro es amable,maestro amable,20.0,4.0,4.0,4.25,1.0,14.0,2.0,2.0,6.5,1.0,2.0,0.5,4 palabras
la maestra es amable,maestro mujer amable,20.0,4.0,4.0,4.25,1.0,20.0,3.0,3.0,6.0,1.0,1.0,0.75,4 palabras
mi hermano es amable,hermano mío amable,20.0,4.0,4.0,4.25,1.0,18.0,3.0,3.0,5.333333333333333,1.0,1.0,0.75,4 palabras
mi hermana es amable,hermano mujer mía amable,20.0,4.0,4.0,4.25,1.0,24.0,4.0,4.0,5.25,1.0,0.0,1.0,4 palabras
mi primo es amable,primo mío amable,18.0,4.0,4.0,3.75,1.0,16.0,3.0,3.0,4.666666666666667,1.0,1.0,0.75,4 palabras
mi prima es amable,prima mía amable,18.0,4.0,4.0,3.75,1.0,16.0,3.0,3.0,4.666666666666667,1.0,1.0,0.75,4 palabras
mi tía es amable,tía mía amable,16.0,4.0,4.0,3.25,1.0,14.0,3.0,3.0,4.0,1.0,1.0,0.75,4 palabras
mi tío es amable,tío mío amable,16.0,4.0,4.0,3.25,1.0,14.0,3.0,3.0,4.0,1.0,1.0,0.75,4 palabras
yo soy gentil,yo gentil,13.0,3.0,3.0,3.6666666666666665,1.0,9.0,2.0,2.0,4.0,1.0,1.0,0.6666666666666666,3 palabras
tú eres gentil,tú gentil,14.0,3.0,3.0,4.0,1.0,9.0,2.0,2.0,4.0,1.0,1.0,0.6666666666666666,3 palabras
él es gentil,él gentil,12.0,3.0,3.0,3.3333333333333335,1.0,9.0,2.0,2.0,4.0,1.0,1.0,0.6666666666666666,3 palabras
ella es gentil,ella gentil,14.0,3.0,3.0,4.0,1.0,11.0,2.0,2.0,5.0,1.0,1.0,0.6666666666666666,3 palabras
nosotros gentiles,nosotros gentiles,17.0,2.0,2.0,8.0,1.0,17.0,2.0,2.0,8.0,1.0,0.0,1.0,2 palabras
ustedes son gentiles,ustedes gentiles,20.0,3.0,3.0,6.0,1.0,16.0,2.0,2.0,7.5,1.0,1.0,0.6666666666666666,3 palabras
ellos son gentiles,ellos gentiles,18.0,3.0,3.0,5.333333333333333,1.0,14.0,2.0,2.0,6.5,1.0,1.0,0.6666666666666666,3 palabras
ellas son gentiles,ellas gentiles,18.0,3.0,3.0,5.333333333333333,1.0,14.0,2.0,2.0,6.5,1.0,1.0,0.6666666666666666,3 palabras
yo loco,yo loco,7.0,2.0,2.0,3.0,1.0,7.0,2.0,2.0,3.0,1.0,0.0,1.0,2 palabras
yo loca,yo loca,7.0,2.0,2.0,3.0,1.0,7.0,2.0,2.0,3.0,1.0,0.0,1.0,2 palabras
tú estás loco,tú loco,13.0,3.0,3.0,3.6666666666666665,1.0,7.0,2.0,2.0,3.0,1.0,1.0,0.6666666666666666,3 palabras
tú estás loca,tú loca,13.0,3.0,3.0,3.6666666666666665,1.0,7.0,2.0,2.0,3.0,1.0,1.0,0.6666666666666666,3 palabras
ella está loca,ella loca,14.0,3.0,3.0,4.0,1.0,9.0,2.0,2.0,4.0,1.0,1.0,0.6666666666666666,3 palabras
nosotros estamos locos,nosotros locos,22.0,3.0,3.0,6.666666666666667,1.0,14.0,2.0,2.0,6.5,1.0,1.0,0.6666666666666666,3 palabras
ustedes están locos,ustedes locos,19.0,3.0,3.0,5.666666666666667,1.0,13.0,2.0,2.0,6.0,1.0,1.0,0.6666666666666666,3 palabras
ellos están locos,ellos locos,17.0,3.0,3.0,5.0,1.0,11.0,2.0,2.0,5.0,1.0,1.0,0.6666666666666666,3 palabras
mi tío está loco,tío mío loco,16.0,4.0,4.0,3.25,1.0,12.0,3.0,3.0,3.3333333333333335,1.0,1.0,0.75,4 palabras
mi tía está loca,tía mía loca,16.0,4.0,4.0,3.25,1.0,12.0,3.0,3.0,3.3333333333333335,1.0,1.0,0.75,4 palabras
mi mamá está loca,mamá mía loca,17.0,4.0,4.0,3.5,1.0,13.0,3.0,3.0,3.6666666666666665,1.0,1.0,0.75,4 palabras
mi papá está loco,papá mío loco,17.0,4.0,4.0,3.5,1.0,13.0,3.0,3.0,3.6666666666666665,1.0,1.0,0.75,4 palabras
mi hija está loca,hijo mujer mía loca,17.0,4.0,4.0,3.5,1.0,19.0,4.0,4.0,4.0,1.0,0.0,1.0,4 palabras
mi hijo está loco,hijo mío loco,17.0,4.0,4.0,3.5,1.0,13.0,3.0,3.0,3.6666666666666665,1.0,1.0,0.75,4 palabras
la niña está loca,niño mujer loca,17.0,4.0,4.0,3.5,1.0,15.0,3.0,3.0,4.333333333333333,1.0,1.0,0.75,4 palabras
el niño está loco,niño loco,17.0,4.0,4.0,3.5,1.0,9.0,2.0,2.0,4.0,1.0,2.0,0.5,4 palabras
ellas están locas,ellas locas,17.0,3.0,3.0,5.0,1.0,11.0,2.0,2.0,5.0,1.0,1.0,0.6666666666666666,3 palabras
yo soy feliz,yo feliz así,12.0,3.0,3.0,3.3333333333333335,1.0,12.0,3.0,3.0,3.3333333333333335,1.0,0.0,1.0,3 palabras
tú eres feliz,tú feliz así,13.0,3.0,3.0,3.6666666666666665,1.0,12.0,3.0,3.0,3.3333333333333335,1.0,0.0,1.0,3 palabras
ella es feliz,ella feliz así,13.0,3.0,3.0,3.6666666666666665,1.0,14.0,3.0,3.0,4.0,1.0,0.0,1.0,3 palabras
ella está feliz,ella feliz,15.0,3.0,3.0,4.333333333333333,1.0,10.0,2.0,2.0,4.5,1.0,1.0,0.6666666666666666,3 palabras
él es feliz,él feliz así,11.0,3.0,3.0,3.0,1.0,12.0,3.0,3.0,3.3333333333333335,1.0,0.0,1.0,3 palabras
él está feliz,él feliz,13.0,3.0,3.0,3.6666666666666665,1.0,8.0,2.0,2.0,3.5,1.0,1.0,0.6666666666666666,3 palabras
nosotros somos felices,nosotros felices así,22.0,3.0,3.0,6.666666666666667,1.0,20.0,3.0,3.0,6.0,1.0,0.0,1.0,3 palabras
nosotros estamos felices,nosotros felices,24.0,3.0,3.0,7.333333333333333,1.0,16.0,2.0,2.0,7.5,1.0,1.0,0.6666666666666666,3 palabras
ustedes son felices,ustedes felices así,19.0,3.0,3.0,5.666666666666667,1.0,19.0,3.0,3.0,5.666666666666667,1.0,0.0,1.0,3 palabras
ustedes están felices,ustedes felices,21.0,3.0,3.0,6.333333333333333,1.0,15.0,2.0,2.0,7.0,1.0,1.0,0.6666666666666666,3 palabras
ellos son felices,ellos felices así,17.0,3.0,3.0,5.0,1.0,17.0,3.0,3.0,5.0,1.0,0.0,1.0,3 palabras
ella es tranquila,ella tranquila,17.0,3.0,3.0,5.0,1.0,14.0,2.0,2.0,6.5,1.0,1.0,0.6666666666666666,3 palabras
él es tranquilo,él tranquilo,15.0,3.0,3.0,4.333333333333333,1.0,12.0,2.0,2.0,5.5,1.0,1.0,0.6666666666666666,3 palabras
soy tranquilo,yo tranquilo,13.0,2.0,2.0,6.0,1.0,12.0,2.0,2.0,5.5,1.0,0.0,1.0,2 palabras
tú eres tranquilo,tú tranquilo,17.0,3.0,3.0,5.0,1.0,12.0,2.0,2.0,5.5,1.0,1.0,0.6666666666666666,3 palabras
nosotros somos tranquilos,nosotros tranquilos,25.0,3.0,3.0,7.666666666666667,1.0,19.0,2.0,2.0,9.0,1.0,1.0,0.6666666666666666,3 palabras
ustedes son tranquilos,ustedes tranquilos,22.0,3.0,3.0,6.666666666666667,1.0,18.0,2.0,2.0,8.5,1.0,1.0,0.6666666666666666,3 palabras
son tranquilos,ellos (as) (ustedes) tranquilos,14.0,2.0,2.0,6.5,1.0,31.0,4.0,4.0,6.0,1.0,-2.0,2.0,2 palabras
ellos son tranquilos,ellos tranquilos,20.0,3.0,3.0,6.0,1.0,16.0,2.0,2.0,7.5,1.0,1.0,0.6666666666666666,3 palabras
ellas son tranquilas,ellas tranquilas,20.0,3.0,3.0,6.0,1.0,16.0,2.0,2.0,7.5,1.0,1.0,0.6666666666666666,3 palabras
somos tranquilos,nosotros tranquilos,16.0,2.0,2.0,7.5,1.0,19.0,2.0,2.0,9.0,1.0,0.0,1.0,2 palabras
estoy ocupada,yo ocupada,13.0,2.0,2.0,6.0,1.0,10.0,2.0,2.0,4.5,1.0,0.0,1.0,2 palabras
estoy ocupado,yo ocupado,13.0,2.0,2.0,6.0,1.0,10.0,2.0,2.0,4.5,1.0,0.0,1.0,2 palabras
estamos ocupados,nosotros ocupados,16.0,2.0,2.0,7.5,1.0,17.0,2.0,2.0,8.0,1.0,0.0,1.0,2 palabras
nosotros estamos ocupados,nosotros ocupados,25.0,3.0,3.0,7.666666666666667,1.0,17.0,2.0,2.0,8.0,1.0,1.0,0.6666666666666666,3 palabras
están ocupados,ellos (as) (ustedes) ocupados,14.0,2.0,2.0,6.5,1.0,29.0,4.0,4.0,5.5,1.0,-2.0,2.0,2 palabras
ella estaba ocupada ayer,ayer ella ocupada,24.0,4.0,4.0,5.25,1.0,17.0,3.0,3.0,5.0,1.0,1.0,0.75,4 palabras
él estaba ocupado ayer,ayer él ocupado,22.0,4.0,4.0,4.75,1.0,15.0,3.0,3.0,4.333333333333333,1.0,1.0,0.75,4 palabras
yo estaba ocupado ayer,ayer yo ocupado,22.0,4.0,4.0,4.75,1.0,15.0,3.0,3.0,4.333333333333333,1.0,1.0,0.75,4 palabras
estábamos ocupados ayer,ayer nosotros ocupados,23.0,3.0,3.0,7.0,1.0,22.0,3.0,3.0,6.666666666666667,1.0,0.0,1.0,3 palabras
ellas estaban ocupadas ayer,ayer ellas ocupadas,27.0,4.0,4.0,6.0,1.0,19.0,3.0,3.0,5.666666666666667,1.0,1.0,0.75,4 palabras
ellos estaban ocupados ayer,ayer ellos ocupados,27.0,4.0,4.0,6.0,1.0,19.0,3.0,3.0,5.666666666666667,1.0,1.0,0.75,4 palabras
estaban ocupados ayer,ayer ellos (as) (ustedes) ocupados,21.0,3.0,3.0,6.333333333333333,1.0,34.0,5.0,5.0,5.2,1.0,-2.0,1.6666666666666667,3 palabras
ustedes estaban ocupados ayer,ayer ustedes ocupados,29.0,4.0,4.0,6.5,1.0,21.0,3.0,3.0,6.333333333333333,1.0,1.0,0.75,4 palabras
mi mamá estaba ocupada ayer,ayer mamá ocupada,27.0,5.0,5.0,4.6,1.0,17.0,3.0,3.0,5.0,1.0,2.0,0.6,5 palabras
mi papá estaba ocupado ayer,ayer papá ocupado,27.0,5.0,5.0,4.6,1.0,17.0,3.0,3.0,5.0,1.0,2.0,0.6,5 palabras
mi hermano estaba ocupado ayer,ayer hermano mío ocupado,30.0,5.0,5.0,5.2,1.0,24.0,4.0,4.0,5.25,1.0,1.0,0.8,5 palabras
mi hermana estaba ocupada ayer,ayer hermano mujer mía ocupada,30.0,5.0,5.0,5.2,1.0,30.0,5.0,5.0,5.2,1.0,0.0,1.0,5 palabras
mi novio estaba ocupado ayer,ayer novio mío ocupado,28.0,5.0,5.0,4.8,1.0,22.0,4.0,4.0,4.75,1.0,1.0,0.8,5 palabras
mi novia estaba ocupada ayer,ayer novio mujer mía ocupada,28.0,5.0,5.0,4.8,1.0,28.0,5.0,5.0,4.8,1.0,0.0,1.0,5 palabras
mi tío estaba ocupado ayer,ayer tío mío ocupado,26.0,5.0,5.0,4.4,1.0,20.0,4.0,4.0,4.25,1.0,1.0,0.8,5 palabras
mi tía estaba ocupada ayer,ayer tío mujer ocupada,26.0,5.0,5.0,4.4,1.0,22.0,4.0,4.0,4.75,1.0,1.0,0.8,5 palabras
los niños estaban ocupados ayer,ayer niño ellos ocupados,31.0,5.0,5.0,5.4,1.0,24.0,4.0,4.0,5.25,1.0,1.0,0.8,5 palabras
las niñas estaban ocupadas ayer,ayer niño mujer ellas ocupadas,31.0,5.0,5.0,5.4,1.0,30.0,5.0,5.0,5.2,1.0,0.0,1.0,5 palabras
mi abuelo estaba ocupado ayer,ayer abuelo mío ocupado,29.0,5.0,5.0,5.0,1.0,23.0,4.0,4.0,5.0,1.0,1.0,0.8,5 palabras
mi abuela estaba ocupada ayer,ayer abuela mía ocupada,29.0,5.0,5.0,5.0,1.0,23.0,4.0,4.0,5.0,1.0,1.0,0.8,5 palabras
yo como pizza,yo pizza comer,13.0,3.0,3.0,3.6666666666666665,1.0,14.0,3.0,3.0,4.0,1.0,0.0,1.0,3 palabras
tú comes hamburguesa con papas,tú hamburguesa papas comer,30.0,5.0,5.0,5.2,1.0,26.0,4.0,4.0,5.75,1.0,1.0,0.8,5 palabras
él come ensalada,él ensalada comer,16.0,3.0,3.0,4.666666666666667,1.0,17.0,3.0,3.0,5.0,1.0,0.0,1.0,3 palabras
nosotros comemos pastel de chocolate,nosotros pastel chocolate comer,36.0,5.0,5.0,6.4,1.0,31.0,4.0,4.0,7.0,1.0,1.0,0.8,5 palabras
ustedes comen un hotdog,ustedes hotdog comer,23.0,4.0,4.0,5.0,1.0,20.0,3.0,3.0,6.0,1.0,1.0,0.75,4 palabras
ellos comen caldo de pollo,ellos caldo pollo comer,26.0,5.0,5.0,4.4,1.0,23.0,4.0,4.0,5.0,1.0,1.0,0.8,5 palabras
ellas comen una manzana,ellas manzana comer,23.0,4.0,4.0,5.0,1.0,19.0,3.0,3.0,5.666666666666667,1.0,1.0,0.75,4 palabras
comen ensalada,ellos (as) (ustedes) ensalada comer,14.0,2.0,2.0,6.5,1.0,35.0,5.0,5.0,5.4,1.0,-3.0,2.5,2 palabras
mi mamá come yogur,mamá mía yogur comer,18.0,4.0,4.0,3.75,1.0,20.0,4.0,4.0,4.25,1.0,0.0,1.0,4 palabras
mi papá come pasta,papá mío pasta comer,18.0,4.0,4.0,3.75,1.0,20.0,4.0,4.0,4.25,1.0,0.0,1.0,4 palabras
mi hermana come pescado,hermano mujer mía pescado comer,23.0,4.0,4.0,5.0,1.0,31.0,5.0,5.0,5.4,1.0,-1.0,1.25,4 palabras
mi hermano come pollo,hermano mío pollo comer,21.0,4.0,4.0,4.5,1.0,23.0,4.0,4.0,5.0,1.0,0.0,1.0,4 palabras
mi tía come helado de chocolate,tío mujer mía helado chocolate comer,31.0,6.0,6.0,4.333333333333333,1.0,36.0,6.0,6.0,5.166666666666667,1.0,0.0,1.0,6 palabras
mi tío come gelatina de fresa,tío mío gelatina frase comer,29.0,6.0,6.0,4.0,1.0,28.0,5.0,5.0,4.8,1.0,1.0,0.8333333333333334,6 palabras
mi abuelo come una manzana,abuelo mío manzana comer,26.0,5.0,5.0,4.4,1.0,24.0,4.0,4.0,5.25,1.0,1.0,0.8,5 palabras
mi abuela come pastel de chocolate,abuelo mujer mía pastel chocolate comer,34.0,6.0,6.0,4.833333333333333,1.0,39.0,6.0,6.0,5.666666666666667,1.0,0.0,1.0,6 palabras
mi novio come pizza,novio mío pizza comer,19.0,4.0,4.0,4.0,1.0,21.0,4.0,4.0,4.5,1.0,0.0,1.0,4 palabras
mi novia come yogur,novio mujer mío yogur comer,19.0,4.0,4.0,4.0,1.0,27.0,5.0,5.0,4.6,1.0,-1.0,1.25,4 palabras
mi amigo come ensalada,amigo mío ensalada comer,22.0,4.0,4.0,4.75,1.0,24.0,4.0,4.0,5.25,1.0,0.0,1.0,4 palabras
mi amiga come pan dulce,amigo mujer mía pan dulce comer,23.0,5.0,5.0,3.8,1.0,31.0,6.0,6.0,4.333333333333333,1.0,-1.0,1.2,5 palabras
tu mamá come un hotdog,mamá tuya hotdog comer,22.0,5.0,5.0,3.6,1.0,22.0,4.0,4.0,4.75,1.0,1.0,0.8,5 palabras
tu papá come una hamburguesa con papas,papá tuyo hamburguesa papas comer,38.0,7.0,7.0,4.571428571428571,1.0,33.0,5.0,5.0,5.8,1.0,2.0,0.7142857142857143,≥7 palabras
tu hermana come dulces,hermano mujer tuya dulces comer,22.0,4.0,4.0,4.75,1.0,31.0,5.0,5.0,5.4,1.0,-1.0,1.25,4 palabras
tu hermano come galletas,hermano tuyo galletas comer,24.0,4.0,4.0,5.25,1.0,27.0,4.0,4.0,6.0,1.0,0.0,1.0,4 palabras
tu tía come fruta,tío mujer tuya fruta comer,17.0,4.0,4.0,3.5,1.0,26.0,5.0,5.0,4.4,1.0,-1.0,1.25,4 palabras
tu tío come cereal,tío tuyo cereal comer,18.0,4.0,4.0,3.75,1.0,21.0,4.0,4.0,4.5,1.0,0.0,1.0,4 palabras
tu abuelo come gelatina de fresa,abuelo tuyo gelatina fresa comer,32.0,6.0,6.0,4.5,1.0,32.0,5.0,5.0,5.6,1.0,1.0,0.8333333333333334,6 palabras
tu abuela come fruta,abuelo mujer tuya fruta comer,20.0,4.0,4.0,4.25,1.0,29.0,5.0,5.0,5.0,1.0,-1.0,1.25,4 palabras
tu novio come carne con paas,novio tuyo carne papas comer,28.0,6.0,6.0,3.8333333333333335,1.0,28.0,5.0,5.0,4.8,1.0,1.0,0.8333333333333334,6 palabras
tu novia come pizza,novio mujer tuya pizza comer,19.0,4.0,4.0,4.0,1.0,28.0,5.0,5.0,4.8,1.0,-1.0,1.25,4 palabras
tu amigo come pescado,amigo tuyo pescado comer,21.0,4.0,4.0,4.5,1.0,24.0,4.0,4.0,5.25,1.0,0.0,1.0,4 palabras
tu amiga come ensalada,amigo mujer tuya ensalada comer,22.0,4.0,4.0,4.75,1.0,31.0,5.0,5.0,5.4,1.0,-1.0,1.25,4 palabras
ella está hablando,ella hablar,18.0,3.0,3.0,5.333333333333333,1.0,11.0,2.0,2.0,5.0,1.0,1.0,0.6666666666666666,3 palabras
ella está embarazada,ella embarazada,20.0,3.0,3.0,6.0,1.0,15.0,2.0,2.0,7.0,1.0,1.0,0.6666666666666666,3 palabras
mi mamá está embarazada,mamá mía embarazada,23.0,4.0,4.0,5.0,1.0,19.0,3.0,3.0,5.666666666666667,1.0,1.0,0.75,4 palabras
mi prima está embarazada,primo mujer mía embarazada,24.0,4.0,4.0,5.25,1.0,26.0,4.0,4.0,5.75,1.0,0.0,1.0,4 palabras
mi hermana está embarazada,hermano mujer mía embarazada,26.0,4.0,4.0,5.75,1.0,28.0,4.0,4.0,6.25,1.0,0.0,1.0,4 palabras
mi tía está embarazada,tío mujer mía embarazada,22.0,4.0,4.0,4.75,1.0,24.0,4.0,4.0,5.25,1.0,0.0,1.0,4 palabras
mi novia está embarazada,novio mujer mía embarazada,24.0,4.0,4.0,5.25,1.0,26.0,4.0,4.0,5.75,1.0,0.0,1.0,4 palabras
quiero aprender lsm,yo lsm aprender querer,19.0,3.0,3.0,5.666666666666667,1.0,22.0,4.0,4.0,4.75,1.0,-1.0,1.3333333333333333,3 palabras
tú quieres aprender lsm,tú lsm aprender querer,23.0,4.0,4.0,5.0,1.0,22.0,4.0,4.0,4.75,1.0,0.0,1.0,4 palabras
él quiere aprender lsm,él lsm aprender querer,22.0,4.0,4.0,4.75,1.0,22.0,4.0,4.0,4.75,1.0,0.0,1.0,4 palabras
queremos aprender lsm,nosotros lsm aprender querer,21.0,3.0,3.0,6.333333333333333,1.0,28.0,4.0,4.0,6.25,1.0,-1.0,1.3333333333333333,3 palabras
quieren aprender lsm,ustedes lsm aprender querer,20.0,3.0,3.0,6.0,1.0,27.0,4.0,4.0,6.0,1.0,-1.0,1.3333333333333333,3 palabras
mi mamá quiere aprender lsm,mamá mía lsm aprender querer,27.0,5.0,5.0,4.6,1.0,28.0,5.0,5.0,4.8,1.0,0.0,1.0,5 palabras
mi papá quiere aprender lsm,papá mío lsm aprender querer,27.0,5.0,5.0,4.6,1.0,28.0,5.0,5.0,4.8,1.0,0.0,1.0,5 palabras
mi hermano quiere aprender lsm,hermano mío lsm aprender querer,30.0,5.0,5.0,5.2,1.0,31.0,5.0,5.0,5.4,1.0,0.0,1.0,5 palabras
mi hermana quiere aprender lsm,hermano mujer mía lsm aprender querer,30.0,5.0,5.0,5.2,1.0,37.0,6.0,6.0,5.333333333333333,1.0,-1.0,1.2,5 palabras
mi sobrino quiere aprender lsm,sobrino mío lsm aprender querer,30.0,5.0,5.0,5.2,1.0,31.0,5.0,5.0,5.4,1.0,0.0,1.0,5 palabras
mi sobrina quiere aprender lsm,sobrino mujer mía lsm aprender querer,30.0,5.0,5.0,5.2,1.0,37.0,6.0,6.0,5.333333333333333,1.0,-1.0,1.2,5 palabras
mi tío quiere aprender lsm,tío mío lsm aprender querer,26.0,5.0,5.0,4.4,1.0,27.0,5.0,5.0,4.6,1.0,0.0,1.0,5 palabras
mi tía quiere aprender lsm,tío mujer mía lsm aprender querer,26.0,5.0,5.0,4.4,1.0,33.0,6.0,6.0,4.666666666666667,1.0,-1.0,1.2,5 palabras
nosotros somos doctores,nosotros doctores,23.0,3.0,3.0,7.0,1.0,17.0,2.0,2.0,8.0,1.0,1.0,0.6666666666666666,3 palabras
nosotros somos sus hijos,nosotros hijos suyos,24.0,4.0,4.0,5.25,1.0,20.0,3.0,3.0,6.0,1.0,1.0,0.75,4 palabras
nosotros humanos,nosotros humanos,16.0,2.0,2.0,7.5,1.0,16.0,2.0,2.0,7.5,1.0,0.0,1.0,2 palabras
nosotros somos humanos,nosotros humanos,22.0,3.0,3.0,6.666666666666667,1.0,16.0,2.0,2.0,7.5,1.0,1.0,0.6666666666666666,3 palabras
el domingo pasado no salí,domingo pasado yo salir nada,25.0,5.0,5.0,4.2,1.0,28.0,5.0,5.0,4.8,1.0,0.0,1.0,5 palabras
no hay agua,agua haber no,11.0,3.0,3.0,3.0,1.0,13.0,3.0,3.0,3.6666666666666665,1.0,0.0,1.0,3 palabras
no hay café,café haber no,11.0,3.0,3.0,3.0,1.0,13.0,3.0,3.0,3.6666666666666665,1.0,0.0,1.0,3 palabras
no hay peligro,peligro haber no,14.0,3.0,3.0,4.0,1.0,16.0,3.0,3.0,4.666666666666667,1.0,0.0,1.0,3 palabras
no hay dinero,dinero haber no,13.0,3.0,3.0,3.6666666666666665,1.0,15.0,3.0,3.0,4.333333333333333,1.0,0.0,1.0,3 palabras
no hay tiempo,tiempo haber no,13.0,3.0,3.0,3.6666666666666665,1.0,15.0,3.0,3.0,4.333333333333333,1.0,0.0,1.0,3 palabras
no hay límite,límite haber no,13.0,3.0,3.0,3.6666666666666665,1.0,15.0,3.0,3.0,4.333333333333333,1.0,0.0,1.0,3 palabras
no hay sal,sal haber no,10.0,3.0,3.0,2.6666666666666665,1.0,12.0,3.0,3.0,3.3333333333333335,1.0,0.0,1.0,3 palabras
el agua es azul,agua azul,15.0,4.0,4.0,3.0,1.0,9.0,2.0,2.0,4.0,1.0,2.0,0.5,4 palabras
el viento es fuerte,viento fuerte,19.0,4.0,4.0,4.0,1.0,13.0,2.0,2.0,6.0,1.0,2.0,0.5,4 palabras
el agua es pura,agua pura,15.0,4.0,4.0,3.0,1.0,9.0,2.0,2.0,4.0,1.0,2.0,0.5,4 palabras
el agua está limpia,agua limpia,19.0,4.0,4.0,4.0,1.0,11.0,2.0,2.0,5.0,1.0,2.0,0.5,4 palabras
el agua está helada,agua helada,19.0,4.0,4.0,4.0,1.0,11.0,2.0,2.0,5.0,1.0,2.0,0.5,4 palabras
el agua está caliente,agua caliente,21.0,4.0,4.0,4.5,1.0,13.0,2.0,2.0,6.0,1.0,2.0,0.5,4 palabras
no hay opción,opción haber no,13.0,3.0,3.0,3.6666666666666665,1.0,15.0,3.0,3.0,4.333333333333333,1.0,0.0,1.0,3 palabras
no hay azúcar,azúcar haber no,13.0,3.0,3.0,3.6666666666666665,1.0,15.0,3.0,3.0,4.333333333333333,1.0,0.0,1.0,3 palabras
no hay reglas,reglas haber no,13.0,3.0,3.0,3.6666666666666665,1.0,15.0,3.0,3.0,4.333333333333333,1.0,0.0,1.0,3 palabras
no hay luz,luz haber no,10.0,3.0,3.0,2.6666666666666665,1.0,12.0,3.0,3.0,3.3333333333333335,1.0,0.0,1.0,3 palabras
no hay comida,comida haber no,13.0,3.0,3.0,3.6666666666666665,1.0,15.0,3.0,3.0,4.333333333333333,1.0,0.0,1.0,3 palabras
no hay problema,problema haber no,15.0,3.0,3.0,4.333333333333333,1.0,17.0,3.0,3.0,5.0,1.0,0.0,1.0,3 palabras
mis tenis son blancos,tenis míos blancos,21.0,4.0,4.0,4.5,1.0,18.0,3.0,3.0,5.333333333333333,1.0,1.0,0.75,4 palabras
los tenis de mi mamá son blancos,tenis suyos mamá mía blancos,32.0,7.0,7.0,3.7142857142857144,1.0,28.0,5.0,5.0,4.8,1.0,2.0,0.7142857142857143,≥7 palabras
los tenis de mi papá son cafés,tenis suyos papá mío cafés,30.0,7.0,7.0,3.4285714285714284,1.0,26.0,5.0,5.0,4.4,1.0,2.0,0.7142857142857143,≥7 palabras
los tenis de mi tío son grandes,tenis suyos tío mío grandes,31.0,7.0,7.0,3.5714285714285716,1.0,27.0,5.0,5.0,4.6,1.0,2.0,0.7142857142857143,≥7 palabras
tus tenis son rosas,tenis tuyos rosas,19.0,4.0,4.0,4.0,1.0,17.0,3.0,3.0,5.0,1.0,1.0,0.75,4 palabras
mis tenis son azules,tenis míos azules,20.0,4.0,4.0,4.25,1.0,17.0,3.0,3.0,5.0,1.0,1.0,0.75,4 palabras
mis tenis son negros,tenis míos negros,20.0,4.0,4.0,4.25,1.0,17.0,3.0,3.0,5.0,1.0,1.0,0.75,4 palabras
mis tenis están limpios,tenis míos limpios,23.0,4.0,4.0,5.0,1.0,18.0,3.0,3.0,5.333333333333333,1.0,1.0,0.75,4 palabras
tus tenis están limpios,tenis tuyos limpios,23.0,4.0,4.0,5.0,1.0,19.0,3.0,3.0,5.666666666666667,1.0,1.0,0.75,4 palabras
los zapatos son negros,zapatos negros,22.0,4.0,4.0,4.75,1.0,14.0,2.0,2.0,6.5,1.0,2.0,0.5,4 palabras
mis ojos son azules,ojos azules míos,19.0,4.0,4.0,4.0,1.0,16.0,3.0,3.0,4.666666666666667,1.0,1.0,0.75,4 palabras
hay un libro en el estante,estante ahí un libro haber,26.0,6.0,6.0,3.5,1.0,26.0,5.0,5.0,4.4,1.0,1.0,0.8333333333333334,6 palabras
hay dos libros en el estante,estante ahí libros dos haber,28.0,6.0,6.0,3.8333333333333335,1.0,28.0,5.0,5.0,4.8,1.0,1.0,0.8333333333333334,6 palabras
hay tres libros en el estante,estante ahí libros tres haber,29.0,6.0,6.0,4.0,1.0,29.0,5.0,5.0,5.0,1.0,1.0,0.8333333333333334,6 palabras
hay cuatro libros en el estante,estante ahí libros cuatro haber,31.0,6.0,6.0,4.333333333333333,1.0,31.0,5.0,5.0,5.4,1.0,1.0,0.8333333333333334,6 palabras
hay cinco libros en el estante,estante ahí libros cinco haber,30.0,6.0,6.0,4.166666666666667,1.0,30.0,5.0,5.0,5.2,1.0,1.0,0.8333333333333334,6 palabras
hay seis libros en el estante,estante ahí libros seis haber,29.0,6.0,6.0,4.0,1.0,29.0,5.0,5.0,5.0,1.0,1.0,0.8333333333333334,6 palabras
hay siete libros en el estante,estante ahí libros siete haber,30.0,6.0,6.0,4.166666666666667,1.0,30.0,5.0,5.0,5.2,1.0,1.0,0.8333333333333334,6 palabras
hay ocho libros en el estante,estante ahí ocho libros haber,29.0,6.0,6.0,4.0,1.0,29.0,5.0,5.0,5.0,1.0,1.0,0.8333333333333334,6 palabras
hay nueve libros en el estante,estante ahí nueve libros haber,30.0,6.0,6.0,4.166666666666667,1.0,30.0,5.0,5.0,5.2,1.0,1.0,0.8333333333333334,6 palabras
hay diez libros en el estante,estante ahí diez libros haber,29.0,6.0,6.0,4.0,1.0,29.0,5.0,5.0,5.0,1.0,1.0,0.8333333333333334,6 palabras
hay una pera en el plato,plato ahí peras una haber,24.0,6.0,6.0,3.1666666666666665,1.0,25.0,5.0,5.0,4.2,1.0,1.0,0.8333333333333334,6 palabras
hay dos peras en el plato,plato ahí dos peras haber,25.0,6.0,6.0,3.3333333333333335,1.0,25.0,5.0,5.0,4.2,1.0,1.0,0.8333333333333334,6 palabras
hay dos manzanas en el plato,plato ahí dos manzanas haber,28.0,6.0,6.0,3.8333333333333335,1.0,28.0,5.0,5.0,4.8,1.0,1.0,0.8333333333333334,6 palabras
hay tres peras en el plato,plato ahí peras tres haber,26.0,6.0,6.0,3.5,1.0,26.0,5.0,5.0,4.4,1.0,1.0,0.8333333333333334,6 palabras
hay cuatro peras en el plato,plato ahí peras cuatro haber,28.0,6.0,6.0,3.8333333333333335,1.0,28.0,5.0,5.0,4.8,1.0,1.0,0.8333333333333334,6 palabras
hay cinco peras en el plato,plato ahí peras cinco haber,27.0,6.0,6.0,3.6666666666666665,1.0,27.0,5.0,5.0,4.6,1.0,1.0,0.8333333333333334,6 palabras
hay seis peras en el plato,plato ahí peras seis haber,26.0,6.0,6.0,3.5,1.0,26.0,5.0,5.0,4.4,1.0,1.0,0.8333333333333334,6 palabras
hay siete peras en el plato,plato ahí peras siete haber,27.0,6.0,6.0,3.6666666666666665,1.0,27.0,5.0,5.0,4.6,1.0,1.0,0.8333333333333334,6 palabras
hay ocho peras en el plato,plato ahí peras ocho haber,26.0,6.0,6.0,3.5,1.0,26.0,5.0,5.0,4.4,1.0,1.0,0.8333333333333334,6 palabras
hay nueve peras en el plato,plato ahí peras nueve haber,27.0,6.0,6.0,3.6666666666666665,1.0,27.0,5.0,5.0,4.6,1.0,1.0,0.8333333333333334,6 palabras
hay diez peras en el plato,plato ahí peras diez haber,26.0,6.0,6.0,3.5,1.0,26.0,5.0,5.0,4.4,1.0,1.0,0.8333333333333334,6 palabras
hay un problema,problema haber,15.0,3.0,3.0,4.333333333333333,1.0,14.0,2.0,2.0,6.5,1.0,1.0,0.6666666666666666,3 palabras
hoy hace mucho viento,hoy mucho viento,21.0,4.0,4.0,4.5,1.0,16.0,3.0,3.0,4.666666666666667,1.0,1.0,0.75,4 palabras
hace mucho frío hoy,hoy mucho frío,19.0,4.0,4.0,4.0,1.0,14.0,3.0,3.0,4.0,1.0,1.0,0.75,4 palabras
en la cocina hace mucho calor,cocina ahí mucho calor,29.0,6.0,6.0,4.0,1.0,22.0,4.0,4.0,4.75,1.0,2.0,0.6666666666666666,6 palabras
aprendí hace mucho tiempo,mucho tiempo yo aprender,25.0,4.0,4.0,5.5,1.0,24.0,4.0,4.0,5.25,1.0,0.0,1.0,4 palabras
estoy loco,yo loco,10.0,2.0,2.0,4.5,1.0,7.0,2.0,2.0,3.0,1.0,0.0,1.0,2 palabras
estás loco,tú loco,10.0,2.0,2.0,4.5,1.0,7.0,2.0,2.0,3.0,1.0,0.0,1.0,2 palabras
estamos locos,nosotros locos,13.0,2.0,2.0,6.0,1.0,14.0,2.0,2.0,6.5,1.0,0.0,1.0,2 palabras
están locos,ellos (as) (ustedes) locos,11.0,2.0,2.0,5.0,1.0,26.0,4.0,4.0,4.75,1.0,-2.0,2.0,2 palabras
ellos están locos,ellos están locos,17.0,3.0,3.0,5.0,1.0,17.0,3.0,3.0,5.0,1.0,0.0,1.0,3 palabras
ustedes están locos,ustedes locos,19.0,3.0,3.0,5.666666666666667,1.0,13.0,2.0,2.0,6.0,1.0,1.0,0.6666666666666666,3 palabras
estoy loca,yo loca,10.0,2.0,2.0,4.5,1.0,7.0,2.0,2.0,3.0,1.0,0.0,1.0,2 palabras
mi mamá está loca,mamá mía loca,17.0,4.0,4.0,3.5,1.0,13.0,3.0,3.0,3.6666666666666665,1.0,1.0,0.75,4 palabras
mi papá está loco,papá mío loco,17.0,4.0,4.0,3.5,1.0,13.0,3.0,3.0,3.6666666666666665,1.0,1.0,0.75,4 palabras
mi hermano está loco,hermano mío loco,20.0,4.0,4.0,4.25,1.0,16.0,3.0,3.0,4.666666666666667,1.0,1.0,0.75,4 palabras
mi hermana está loca,hermano mujer mía loca,20.0,4.0,4.0,4.25,1.0,22.0,4.0,4.0,4.75,1.0,0.0,1.0,4 palabras
mi novio está loco,novio mío loco,18.0,4.0,4.0,3.75,1.0,14.0,3.0,3.0,4.0,1.0,1.0,0.75,4 palabras
mi novia está loca,novio mujer mía loca,18.0,4.0,4.0,3.75,1.0,20.0,4.0,4.0,4.25,1.0,0.0,1.0,4 palabras
mi tía está loca,tío mujer mía loca,16.0,4.0,4.0,3.25,1.0,18.0,4.0,4.0,3.75,1.0,0.0,1.0,4 palabras
mi tío está loco,tío mío loco,16.0,4.0,4.0,3.25,1.0,12.0,3.0,3.0,3.3333333333333335,1.0,1.0,0.75,4 palabras
los niños están locos,niños ellos locos,21.0,4.0,4.0,4.5,1.0,17.0,3.0,3.0,5.0,1.0,1.0,0.75,4 palabras
las niñas están locas,niño mujer ellas locas,21.0,4.0,4.0,4.5,1.0,22.0,4.0,4.0,4.75,1.0,0.0,1.0,4 palabras
mi abuelo está loco,abuelo mío loco,19.0,4.0,4.0,4.0,1.0,15.0,3.0,3.0,4.333333333333333,1.0,1.0,0.75,4 palabras
mi abuela está loca,abuelo mujer mía loca,19.0,4.0,4.0,4.0,1.0,21.0,4.0,4.0,4.5,1.0,0.0,1.0,4 palabras
mi amiga está loca,amigo mujer mía loca,18.0,4.0,4.0,3.75,1.0,20.0,4.0,4.0,4.25,1.0,0.0,1.0,4 palabras
mi amigo está loco,amigo mío loco,18.0,4.0,4.0,3.75,1.0,14.0,3.0,3.0,4.0,1.0,1.0,0.75,4 palabras
mi hijo está loco,hijo mío loco,17.0,4.0,4.0,3.5,1.0,13.0,3.0,3.0,3.6666666666666665,1.0,1.0,0.75,4 palabras
mi hija está loca,hijo mujer mía loca,17.0,4.0,4.0,3.5,1.0,19.0,4.0,4.0,4.0,1.0,0.0,1.0,4 palabras
soy desesperado,yo desesperado así,15.0,2.0,2.0,7.0,1.0,18.0,3.0,3.0,5.333333333333333,1.0,-1.0,1.5,2 palabras
eres desesperado,tú desesperado así,16.0,2.0,2.0,7.5,1.0,18.0,3.0,3.0,5.333333333333333,1.0,-1.0,1.5,2 palabras
él es desesperado,él desesperado así,17.0,3.0,3.0,5.0,1.0,18.0,3.0,3.0,5.333333333333333,1.0,0.0,1.0,3 palabras
ella es desesperada,ella desesperada así,19.0,3.0,3.0,5.666666666666667,1.0,20.0,3.0,3.0,6.0,1.0,0.0,1.0,3 palabras
ellos son desesperados,ellos desesperados así,22.0,3.0,3.0,6.666666666666667,1.0,22.0,3.0,3.0,6.666666666666667,1.0,0.0,1.0,3 palabras
ustedes son desesperados,ustedes desesperados así,24.0,3.0,3.0,7.333333333333333,1.0,24.0,3.0,3.0,7.333333333333333,1.0,0.0,1.0,3 palabras
nosotros somos desesperados,nosotros desesperados así,27.0,3.0,3.0,8.333333333333334,1.0,25.0,3.0,3.0,7.666666666666667,1.0,0.0,1.0,3 palabras
mi mamá es desesperada,mamá mía desesperada así,22.0,4.0,4.0,4.75,1.0,24.0,4.0,4.0,5.25,1.0,0.0,1.0,4 palabras
mi papá es desesperado,papá mío desesperado así,22.0,4.0,4.0,4.75,1.0,24.0,4.0,4.0,5.25,1.0,0.0,1.0,4 palabras
mi hermano es desesperado,hermano mío desesperado así,25.0,4.0,4.0,5.5,1.0,27.0,4.0,4.0,6.0,1.0,0.0,1.0,4 palabras
mi hermana es desesperada,hermano mujer mía desesperada así,25.0,4.0,4.0,5.5,1.0,33.0,5.0,5.0,5.8,1.0,-1.0,1.25,4 palabras
mi novio es desesperado,novio mío desesperado así,23.0,4.0,4.0,5.0,1.0,25.0,4.0,4.0,5.5,1.0,0.0,1.0,4 palabras
mi novia es desesperada,novio mujer mía desesperada así,23.0,4.0,4.0,5.0,1.0,31.0,5.0,5.0,5.4,1.0,-1.0,1.25,4 palabras
mi tío es desesperado,tío mío desesperado así,21.0,4.0,4.0,4.5,1.0,23.0,4.0,4.0,5.0,1.0,0.0,1.0,4 palabras
mi tía es desesperada,tío mujer mía desesperada así,21.0,4.0,4.0,4.5,1.0,29.0,5.0,5.0,5.0,1.0,-1.0,1.25,4 palabras
los niños son desesperados,niño ellos desesperados así,26.0,4.0,4.0,5.75,1.0,27.0,4.0,4.0,6.0,1.0,0.0,1.0,4 palabras
las niñas son desesperadas,niño mujer ellas desesperadas así,26.0,4.0,4.0,5.75,1.0,33.0,5.0,5.0,5.8,1.0,-1.0,1.25,4 palabras
mi abuelo es desesperado,abuelo mío desesperado así,24.0,4.0,4.0,5.25,1.0,26.0,4.0,4.0,5.75,1.0,0.0,1.0,4 palabras
mi abuela es desesperada,abuelo mujer mía desesperada así,24.0,4.0,4.0,5.25,1.0,32.0,5.0,5.0,5.6,1.0,-1.0,1.25,4 palabras
mi amiga es desesperada,amigo mujer mía desesperada así,23.0,4.0,4.0,5.0,1.0,31.0,5.0,5.0,5.4,1.0,-1.0,1.25,4 palabras
mi amigo es desesperado,amigo mío desesperado así,23.0,4.0,4.0,5.0,1.0,25.0,4.0,4.0,5.5,1.0,0.0,1.0,4 palabras
tu mamá es desesperada,mamá tuya desesperada así,22.0,4.0,4.0,4.75,1.0,25.0,4.0,4.0,5.5,1.0,0.0,1.0,4 palabras
tu papá es desesperado,papá tuyo desesperado así,22.0,4.0,4.0,4.75,1.0,25.0,4.0,4.0,5.5,1.0,0.0,1.0,4 palabras
tu hermano es desesperado,hermano tuyo desesperado así,25.0,4.0,4.0,5.5,1.0,28.0,4.0,4.0,6.25,1.0,0.0,1.0,4 palabras
tu hermana es desesperado,hermano mujer tuyo desesperada así,25.0,4.0,4.0,5.5,1.0,34.0,5.0,5.0,6.0,1.0,-1.0,1.25,4 palabras
tu novio es desesperado,novio tuyo desesperado así,23.0,4.0,4.0,5.0,1.0,26.0,4.0,4.0,5.75,1.0,0.0,1.0,4 palabras
tu novia es desesperada,novio mujer tuya desesperada así,23.0,4.0,4.0,5.0,1.0,32.0,5.0,5.0,5.6,1.0,-1.0,1.25,4 palabras
tu tío es desesperado,tío tuyo desesperado así,21.0,4.0,4.0,4.5,1.0,24.0,4.0,4.0,5.25,1.0,0.0,1.0,4 palabras
tu tía es desesperada,tío mujer tuya desesperada así,21.0,4.0,4.0,4.5,1.0,30.0,5.0,5.0,5.2,1.0,-1.0,1.25,4 palabras
tu abuelo es desesperado,abuelo tuyo desesperado así,24.0,4.0,4.0,5.25,1.0,27.0,4.0,4.0,6.0,1.0,0.0,1.0,4 palabras
tu abuela es desesperada,abuelo mujer tuya desesperada así,24.0,4.0,4.0,5.25,1.0,33.0,5.0,5.0,5.8,1.0,-1.0,1.25,4 palabras
tu amiga es desesperada,amigo mujer tuya desesperada así,23.0,4.0,4.0,5.0,1.0,32.0,5.0,5.0,5.6,1.0,-1.0,1.25,4 palabras
tu amigo es desesperado,amigo tuyo desesperado así,23.0,4.0,4.0,5.0,1.0,26.0,4.0,4.0,5.75,1.0,0.0,1.0,4 palabras
estoy desesperado,yo desesperado,17.0,2.0,2.0,8.0,1.0,14.0,2.0,2.0,6.5,1.0,0.0,1.0,2 palabras
estás desesperado,tú desesperado,17.0,2.0,2.0,8.0,1.0,14.0,2.0,2.0,6.5,1.0,0.0,1.0,2 palabras
está desesperado,él desesperado,16.0,2.0,2.0,7.5,1.0,14.0,2.0,2.0,6.5,1.0,0.0,1.0,2 palabras
está desesperada,ella desesperada,16.0,2.0,2.0,7.5,1.0,16.0,2.0,2.0,7.5,1.0,0.0,1.0,2 palabras
están desesperados,ellos desesperados,18.0,2.0,2.0,8.5,1.0,18.0,2.0,2.0,8.5,1.0,0.0,1.0,2 palabras
ustedes están desesperados,ustedes desesperados,26.0,3.0,3.0,8.0,1.0,20.0,2.0,2.0,9.5,1.0,1.0,0.6666666666666666,3 palabras
nosotros estamos desesperados,nosotros desesperados,29.0,3.0,3.0,9.0,1.0,21.0,2.0,2.0,10.0,1.0,1.0,0.6666666666666666,3 palabras
mi mamá está desesperada,mamá mía desesperada,24.0,4.0,4.0,5.25,1.0,20.0,3.0,3.0,6.0,1.0,1.0,0.75,4 palabras
mi papá está desesperado,papá mío desesperado,24.0,4.0,4.0,5.25,1.0,20.0,3.0,3.0,6.0,1.0,1.0,0.75,4 palabras
mi hermano está desesperado,hermano mío desesperado,27.0,4.0,4.0,6.0,1.0,23.0,3.0,3.0,7.0,1.0,1.0,0.75,4 palabras
mi hermana está desesperada,hermano mujer mía desesperada,27.0,4.0,4.0,6.0,1.0,29.0,4.0,4.0,6.5,1.0,0.0,1.0,4 palabras
mi novio está desesperado,novio mío desesperado,25.0,4.0,4.0,5.5,1.0,21.0,3.0,3.0,6.333333333333333,1.0,1.0,0.75,4 palabras
mi novia es desesperada,novio mujer mía desesperada,23.0,4.0,4.0,5.0,1.0,27.0,4.0,4.0,6.0,1.0,0.0,1.0,4 palabras
mi tío está desesperado,tío mío desesperado,23.0,4.0,4.0,5.0,1.0,19.0,3.0,3.0,5.666666666666667,1.0,1.0,0.75,4 palabras
mi tía está desesperada,tío mujer mía desesperada,23.0,4.0,4.0,5.0,1.0,25.0,4.0,4.0,5.5,1.0,0.0,1.0,4 palabras
tu papá es desesperado,papá tuyo desesperado,22.0,4.0,4.0,4.75,1.0,21.0,3.0,3.0,6.333333333333333,1.0,1.0,0.75,4 palabras
tu hermano es desesperado,hermano tuyo desesperado,25.0,4.0,4.0,5.5,1.0,24.0,3.0,3.0,7.333333333333333,1.0,1.0,0.75,4 palabras
tu hermana es desesperado,hermano mujer tuya desesperada,25.0,4.0,4.0,5.5,1.0,30.0,4.0,4.0,6.75,1.0,0.0,1.0,4 palabras
tu novio es desesperado,novio tuyo desesperado,23.0,4.0,4.0,5.0,1.0,22.0,3.0,3.0,6.666666666666667,1.0,1.0,0.75,4 palabras
tu novia es desesperada,novio mujer tuya desesperado,23.0,4.0,4.0,5.0,1.0,28.0,4.0,4.0,6.25,1.0,0.0,1.0,4 palabras
tu tío es desesperado,tío tuyo desesperado,21.0,4.0,4.0,4.5,1.0,20.0,3.0,3.0,6.0,1.0,1.0,0.75,4 palabras
tu tía es desesperada,tío mujer tuya desesperado,21.0,4.0,4.0,4.5,1.0,26.0,4.0,4.0,5.75,1.0,0.0,1.0,4 palabras
tu abuelo es desesperado,abuelo tuyo desesperado,24.0,4.0,4.0,5.25,1.0,23.0,3.0,3.0,7.0,1.0,1.0,0.75,4 palabras
tu abuela es desesperada,abuelo mujer tuya desesperada,24.0,4.0,4.0,5.25,1.0,29.0,4.0,4.0,6.5,1.0,0.0,1.0,4 palabras
tu amiga es desesperada,amigo mujer tuya desesperada,23.0,4.0,4.0,5.0,1.0,28.0,4.0,4.0,6.25,1.0,0.0,1.0,4 palabras
tu amigo es desesperado,amigo tuyo desesperado,23.0,4.0,4.0,5.0,1.0,22.0,3.0,3.0,6.666666666666667,1.0,1.0,0.75,4 palabras
soy sorda,yo sorda,9.0,2.0,2.0,4.0,1.0,8.0,2.0,2.0,3.5,1.0,0.0,1.0,2 palabras
soy sordo,yo sordo,9.0,2.0,2.0,4.0,1.0,8.0,2.0,2.0,3.5,1.0,0.0,1.0,2 palabras
eres sordo,tú sordo,10.0,2.0,2.0,4.5,1.0,8.0,2.0,2.0,3.5,1.0,0.0,1.0,2 palabras
eres sorda,tú sorda,10.0,2.0,2.0,4.5,1.0,8.0,2.0,2.0,3.5,1.0,0.0,1.0,2 palabras
él es sordo,él sordo,11.0,3.0,3.0,3.0,1.0,8.0,2.0,2.0,3.5,1.0,1.0,0.6666666666666666,3 palabras
ella es sorda,ella sorda,13.0,3.0,3.0,3.6666666666666665,1.0,10.0,2.0,2.0,4.5,1.0,1.0,0.6666666666666666,3 palabras
nosotros somos sordos,nosotros sordos,21.0,3.0,3.0,6.333333333333333,1.0,15.0,2.0,2.0,7.0,1.0,1.0,0.6666666666666666,3 palabras
ustedes son sordos,ustedes sordos,18.0,3.0,3.0,5.333333333333333,1.0,14.0,2.0,2.0,6.5,1.0,1.0,0.6666666666666666,3 palabras
ellas son sordas,ellas sordas,16.0,3.0,3.0,4.666666666666667,1.0,12.0,2.0,2.0,5.5,1.0,1.0,0.6666666666666666,3 palabras
ellos son sordos,ellos sordos,16.0,3.0,3.0,4.666666666666667,1.0,12.0,2.0,2.0,5.5,1.0,1.0,0.6666666666666666,3 palabras
ustedes son sordas,ustedes sordas,18.0,3.0,3.0,5.333333333333333,1.0,14.0,2.0,2.0,6.5,1.0,1.0,0.6666666666666666,3 palabras
mi mamá es sorda,mamá mía sorda,16.0,4.0,4.0,3.25,1.0,14.0,3.0,3.0,4.0,1.0,1.0,0.75,4 palabras
mi papá es sordo,papá mío sordo,16.0,4.0,4.0,3.25,1.0,14.0,3.0,3.0,4.0,1.0,1.0,0.75,4 palabras
mi hermano es sordo,hermano mío sordo,19.0,4.0,4.0,4.0,1.0,17.0,3.0,3.0,5.0,1.0,1.0,0.75,4 palabras
mi hermana es sorda,hermano mujer mía sorda,19.0,4.0,4.0,4.0,1.0,23.0,4.0,4.0,5.0,1.0,0.0,1.0,4 palabras
mi novio es sordo,novio mío sordo,17.0,4.0,4.0,3.5,1.0,15.0,3.0,3.0,4.333333333333333,1.0,1.0,0.75,4 palabras
mi novia es sorda,novio mujer mía sorda,17.0,4.0,4.0,3.5,1.0,21.0,4.0,4.0,4.5,1.0,0.0,1.0,4 palabras
mi tío es sordo,tío mío mío sordo,15.0,4.0,4.0,3.0,1.0,17.0,4.0,3.0,3.5,0.75,0.0,1.0,4 palabras
mi tía está sorda,tío mujer mía sorda,17.0,4.0,4.0,3.5,1.0,19.0,4.0,4.0,4.0,1.0,0.0,1.0,4 palabras
tu mamá es sorda,mamá tuya sorda,16.0,4.0,4.0,3.25,1.0,15.0,3.0,3.0,4.333333333333333,1.0,1.0,0.75,4 palabras
tu papá es sordo,papá tuyo sordo,16.0,4.0,4.0,3.25,1.0,15.0,3.0,3.0,4.333333333333333,1.0,1.0,0.75,4 palabras
tu hermano es sordo,hermano tuyo sordo,19.0,4.0,4.0,4.0,1.0,18.0,3.0,3.0,5.333333333333333,1.0,1.0,0.75,4 palabras
tu hermana es sorda,hermano mujer tuya sorda,19.0,4.0,4.0,4.0,1.0,24.0,4.0,4.0,5.25,1.0,0.0,1.0,4 palabras
tu novio es sordo,novio tuyo sordo,17.0,4.0,4.0,3.5,1.0,16.0,3.0,3.0,4.666666666666667,1.0,1.0,0.75,4 palabras
tu novia es sorda,novio mujer sorda,17.0,4.0,4.0,3.5,1.0,17.0,3.0,3.0,5.0,1.0,1.0,0.75,4 palabras
tu tío es sordo,tío tuyo sordo,15.0,4.0,4.0,3.0,1.0,14.0,3.0,3.0,4.0,1.0,1.0,0.75,4 palabras
tu tía es sordo,tío mujer tuya sorda,15.0,4.0,4.0,3.0,1.0,20.0,4.0,4.0,4.25,1.0,0.0,1.0,4 palabras
tu abuelo es sordo,abuelo tuyo sordo,18.0,4.0,4.0,3.75,1.0,17.0,3.0,3.0,5.0,1.0,1.0,0.75,4 palabras
tu abuela es sorda,abuelo mujer tuya sorda,18.0,4.0,4.0,3.75,1.0,23.0,4.0,4.0,5.0,1.0,0.0,1.0,4 palabras
tu amiga es sorda,amigo mujer tuya sorda,17.0,4.0,4.0,3.5,1.0,22.0,4.0,4.0,4.75,1.0,0.0,1.0,4 palabras
tu amigo es sordo,amigo tuyo sordo,17.0,4.0,4.0,3.5,1.0,16.0,3.0,3.0,4.666666666666667,1.0,1.0,0.75,4 palabras
soy oyente,yo oyente,10.0,2.0,2.0,4.5,1.0,9.0,2.0,2.0,4.0,1.0,0.0,1.0,2 palabras
eres oyente,eres oyente,11.0,2.0,2.0,5.0,1.0,11.0,2.0,2.0,5.0,1.0,0.0,1.0,2 palabras
él es oyente,él oyente,12.0,3.0,3.0,3.3333333333333335,1.0,9.0,2.0,2.0,4.0,1.0,1.0,0.6666666666666666,3 palabras
ella es oyente,ella oyente,14.0,3.0,3.0,4.0,1.0,11.0,2.0,2.0,5.0,1.0,1.0,0.6666666666666666,3 palabras
nosotros somos oyentes,nosotros oyentes,22.0,3.0,3.0,6.666666666666667,1.0,16.0,2.0,2.0,7.5,1.0,1.0,0.6666666666666666,3 palabras
ustedes son oyentes,ustedes oyentes,19.0,3.0,3.0,5.666666666666667,1.0,15.0,2.0,2.0,7.0,1.0,1.0,0.6666666666666666,3 palabras
ellas son oyentes,ellas oyentes,17.0,3.0,3.0,5.0,1.0,13.0,2.0,2.0,6.0,1.0,1.0,0.6666666666666666,3 palabras
ellos son oyentes,ellos oyentes,17.0,3.0,3.0,5.0,1.0,13.0,2.0,2.0,6.0,1.0,1.0,0.6666666666666666,3 palabras
ustedes son oyentes,ustedes oyentes,19.0,3.0,3.0,5.666666666666667,1.0,15.0,2.0,2.0,7.0,1.0,1.0,0.6666666666666666,3 palabras
mi mamá es oyente,mamá mía oyente,17.0,4.0,4.0,3.5,1.0,15.0,3.0,3.0,4.333333333333333,1.0,1.0,0.75,4 palabras
mi papá es oyente,papá mío oyente,17.0,4.0,4.0,3.5,1.0,15.0,3.0,3.0,4.333333333333333,1.0,1.0,0.75,4 palabras
mi hermano es oyente,hermano mío oyente,20.0,4.0,4.0,4.25,1.0,18.0,3.0,3.0,5.333333333333333,1.0,1.0,0.75,4 palabras
mi hermana es oyente,hermano mujer mía oyente,20.0,4.0,4.0,4.25,1.0,24.0,4.0,4.0,5.25,1.0,0.0,1.0,4 palabras
mi novio es oyente,novio mío oyente,18.0,4.0,4.0,3.75,1.0,16.0,3.0,3.0,4.666666666666667,1.0,1.0,0.75,4 palabras
mi novia es oyente,novio mujer mía oyente,18.0,4.0,4.0,3.75,1.0,22.0,4.0,4.0,4.75,1.0,0.0,1.0,4 palabras
mi tío es oyente,tío mío oyente,16.0,4.0,4.0,3.25,1.0,14.0,3.0,3.0,4.0,1.0,1.0,0.75,4 palabras
mi tía es oyente,tío mujer mía oyente,16.0,4.0,4.0,3.25,1.0,20.0,4.0,4.0,4.25,1.0,0.0,1.0,4 palabras
tu papá es oyente,papá tuyo oyente,17.0,4.0,4.0,3.5,1.0,16.0,3.0,3.0,4.666666666666667,1.0,1.0,0.75,4 palabras
tu hermano es oyente,hermano tuyo oyente,20.0,4.0,4.0,4.25,1.0,19.0,3.0,3.0,5.666666666666667,1.0,1.0,0.75,4 palabras
tu hermana es oyente,hermano mujer tuya oyente,20.0,4.0,4.0,4.25,1.0,25.0,4.0,4.0,5.5,1.0,0.0,1.0,4 palabras
tu novio es oyente,novio tuyo oyente,18.0,4.0,4.0,3.75,1.0,17.0,3.0,3.0,5.0,1.0,1.0,0.75,4 palabras
tu novia es oyente,novio mujer tuya oyente,18.0,4.0,4.0,3.75,1.0,23.0,4.0,4.0,5.0,1.0,0.0,1.0,4 palabras
tu tío es oyente,tío tuyo oyente,16.0,4.0,4.0,3.25,1.0,15.0,3.0,3.0,4.333333333333333,1.0,1.0,0.75,4 palabras
tu tía es oyente,tío mujer tuya oyente,16.0,4.0,4.0,3.25,1.0,21.0,4.0,4.0,4.5,1.0,0.0,1.0,4 palabras
tu abuelo es oyente,abuelo tuyo oyente,19.0,4.0,4.0,4.0,1.0,18.0,3.0,3.0,5.333333333333333,1.0,1.0,0.75,4 palabras
tu abuela es oyente,abuelo mujer tuya oyente,19.0,4.0,4.0,4.0,1.0,24.0,4.0,4.0,5.25,1.0,0.0,1.0,4 palabras
tu amiga es oyente,amigo mujer tuya oyente,18.0,4.0,4.0,3.75,1.0,23.0,4.0,4.0,5.0,1.0,0.0,1.0,4 palabras
tu amigo es oyente,amigo tuyo oyente,18.0,4.0,4.0,3.75,1.0,17.0,3.0,3.0,5.0,1.0,1.0,0.75,4 palabras
¿eres sordo?,¿tú sordo?,12.0,2.0,2.0,4.5,1.0,10.0,2.0,2.0,3.5,1.0,0.0,1.0,2 palabras
¿eres sorda?,¿tú sorda?,12.0,2.0,2.0,4.5,1.0,10.0,2.0,2.0,3.5,1.0,0.0,1.0,2 palabras
¿él es sordo?,¿él sordo?,13.0,3.0,3.0,3.0,1.0,10.0,2.0,2.0,3.5,1.0,1.0,0.6666666666666666,3 palabras
¿ella es sorda?,¿ella sorda?,15.0,3.0,3.0,3.6666666666666665,1.0,12.0,2.0,2.0,4.5,1.0,1.0,0.6666666666666666,3 palabras
¿tu mamá es sorda?,¿mamá tuya sorda?,18.0,4.0,4.0,3.25,1.0,17.0,3.0,3.0,4.333333333333333,1.0,1.0,0.75,4 palabras
¿tu papá es sordo?,¿papá tuyo sordo?,18.0,4.0,4.0,3.25,1.0,17.0,3.0,3.0,4.333333333333333,1.0,1.0,0.75,4 palabras
¿tu hermano es sordo?,¿hermano tuyo sordo?,21.0,4.0,4.0,4.0,1.0,20.0,3.0,3.0,5.333333333333333,1.0,1.0,0.75,4 palabras
¿tu hermana es sorda?,¿hermano mujer tuya sorda?,21.0,4.0,4.0,4.0,1.0,26.0,4.0,4.0,5.25,1.0,0.0,1.0,4 palabras
¿tu novio es sordo?,¿novio tuyo sordo?,19.0,4.0,4.0,3.5,1.0,18.0,3.0,3.0,4.666666666666667,1.0,1.0,0.75,4 palabras
¿tu novia es sorda?,¿novio mujer sorda?,19.0,4.0,4.0,3.5,1.0,19.0,3.0,3.0,5.0,1.0,1.0,0.75,4 palabras
¿tu tío es sordo?,¿tío tuyo sordo?,17.0,4.0,4.0,3.0,1.0,16.0,3.0,3.0,4.0,1.0,1.0,0.75,4 palabras
¿tu tía es sordo?,¿tío mujer tuya sorda?,17.0,4.0,4.0,3.0,1.0,22.0,4.0,4.0,4.25,1.0,0.0,1.0,4 palabras
¿tu abuelo es sordo?,¿abuelo tuyo sordo?,20.0,4.0,4.0,3.75,1.0,19.0,3.0,3.0,5.0,1.0,1.0,0.75,4 palabras
¿tu abuela es sorda?,¿abuelo mujer tuya sorda?,20.0,4.0,4.0,3.75,1.0,25.0,4.0,4.0,5.0,1.0,0.0,1.0,4 palabras
¿tu amiga es sorda?,¿amigo mujer tuya sorda?,19.0,4.0,4.0,3.5,1.0,24.0,4.0,4.0,4.75,1.0,0.0,1.0,4 palabras
¿tu amigo es sordo?,¿amigo tuyo sordo?,19.0,4.0,4.0,3.5,1.0,18.0,3.0,3.0,4.666666666666667,1.0,1.0,0.75,4 palabras
¿eres oyente?,¿tú oyente?,13.0,2.0,2.0,5.0,1.0,11.0,2.0,2.0,4.0,1.0,0.0,1.0,2 palabras
¿él es oyente?,¿él oyente?,14.0,3.0,3.0,3.3333333333333335,1.0,11.0,2.0,2.0,4.0,1.0,1.0,0.6666666666666666,3 palabras
¿ella es oyente?,¿ella oyente?,16.0,3.0,3.0,4.0,1.0,13.0,2.0,2.0,5.0,1.0,1.0,0.6666666666666666,3 palabras
¿tu mamá es oyente?,¿mamá tuya oyente?,19.0,4.0,4.0,3.5,1.0,18.0,3.0,3.0,4.666666666666667,1.0,1.0,0.75,4 palabras
¿tu papá es oyente?,¿papá tuyo oyente?,19.0,4.0,4.0,3.5,1.0,18.0,3.0,3.0,4.666666666666667,1.0,1.0,0.75,4 palabras
¿tu hermano es oyente?,¿hermano tuyo oyente?,22.0,4.0,4.0,4.25,1.0,21.0,3.0,3.0,5.666666666666667,1.0,1.0,0.75,4 palabras
¿tu hermana es oyente?,¿hermano mujer tuya oyente?,22.0,4.0,4.0,4.25,1.0,27.0,4.0,4.0,5.5,1.0,0.0,1.0,4 palabras
¿tu novio es oyente?,¿novio tuyo oyente?,20.0,4.0,4.0,3.75,1.0,19.0,3.0,3.0,5.0,1.0,1.0,0.75,4 palabras
¿tu novia es oyente?,¿novio mujer oyente?,20.0,4.0,4.0,3.75,1.0,20.0,3.0,3.0,5.333333333333333,1.0,1.0,0.75,4 palabras
¿tu tío es oyente?,¿tío tuyo oyente?,18.0,4.0,4.0,3.25,1.0,17.0,3.0,3.0,4.333333333333333,1.0,1.0,0.75,4 palabras
¿tu tía es oyente?,¿tío mujer tuya oyente?,18.0,4.0,4.0,3.25,1.0,23.0,4.0,4.0,4.5,1.0,0.0,1.0,4 palabras
¿tu abuelo es oyente?,¿abuelo tuyo oyente?,21.0,4.0,4.0,4.0,1.0,20.0,3.0,3.0,5.333333333333333,1.0,1.0,0.75,4 palabras
¿tu abuela es oyente?,¿abuelo mujer tuya oyente?,21.0,4.0,4.0,4.0,1.0,26.0,4.0,4.0,5.25,1.0,0.0,1.0,4 palabras
¿tu amiga es oyente?,¿amigo mujer tuya oyente?,20.0,4.0,4.0,3.75,1.0,25.0,4.0,4.0,5.0,1.0,0.0,1.0,4 palabras
¿tu amigo es oyente?,¿amigo tuyo oyente?,20.0,4.0,4.0,3.75,1.0,19.0,3.0,3.0,5.0,1.0,1.0,0.75,4 palabras
¿podemos platicar?,¿(nosotros) platicar poder?,18.0,2.0,2.0,7.5,1.0,27.0,3.0,3.0,7.0,1.0,-1.0,1.5,2 palabras
¿puedes platicar?,¿(tú) platicar poder?,17.0,2.0,2.0,7.0,1.0,21.0,3.0,3.0,5.0,1.0,-1.0,1.5,2 palabras
"si, soy sordo","si, yo sordo",13.0,3.0,3.0,3.3333333333333335,1.0,12.0,3.0,3.0,3.0,1.0,0.0,1.0,3 palabras
"si, ella es sorda","si, ella sorda",17.0,4.0,4.0,3.25,1.0,14.0,3.0,3.0,3.6666666666666665,1.0,1.0,0.75,4 palabras
"si, él es sordo","si, él sordo",15.0,4.0,4.0,2.75,1.0,12.0,3.0,3.0,3.0,1.0,1.0,0.75,4 palabras
"si, mi papá es sordo","si, papá mío sordo",20.0,5.0,5.0,3.0,1.0,18.0,4.0,4.0,3.5,1.0,1.0,0.8,5 palabras
"si, mi mamá es sorda","si, mamá mía sorda",20.0,5.0,5.0,3.0,1.0,18.0,4.0,4.0,3.5,1.0,1.0,0.8,5 palabras
"si, mi tío es sordo","si, tío mío sordo",19.0,5.0,5.0,2.8,1.0,17.0,4.0,4.0,3.25,1.0,1.0,0.8,5 palabras
"si, mi tía es sorda","si, tío mujer mía sorda",19.0,5.0,5.0,2.8,1.0,23.0,5.0,5.0,3.6,1.0,0.0,1.0,5 palabras
"si, mi hijo es sordo","si, hijo mío sordo",20.0,5.0,5.0,3.0,1.0,18.0,4.0,4.0,3.5,1.0,1.0,0.8,5 palabras
"si, mi hija es sorda","si, hijo mujer mía sorda",20.0,5.0,5.0,3.0,1.0,24.0,5.0,5.0,3.8,1.0,0.0,1.0,5 palabras
"si, mi hermano es sordo","si, hermano mío sordo",23.0,5.0,5.0,3.6,1.0,21.0,4.0,4.0,4.25,1.0,1.0,0.8,5 palabras
"si, mi hermana es sorda","si, hermano mujer mía sorda",23.0,5.0,5.0,3.6,1.0,27.0,5.0,5.0,4.4,1.0,0.0,1.0,5 palabras
"si, ellos son son sordos","si, ellos sordos",24.0,5.0,4.0,3.8,0.8,16.0,3.0,3.0,4.333333333333333,1.0,2.0,0.6,5 palabras
"si, ellas son sordas","si, ellas sordas",20.0,4.0,4.0,4.0,1.0,16.0,3.0,3.0,4.333333333333333,1.0,1.0,0.75,4 palabras
"si, mi amiga es sorda","si, amigo mujer mía sorda",21.0,5.0,5.0,3.2,1.0,25.0,5.0,5.0,4.0,1.0,0.0,1.0,5 palabras
"si, mi amigo es sordo","si, amigo mío sordo",21.0,5.0,5.0,3.2,1.0,19.0,4.0,4.0,3.75,1.0,1.0,0.8,5 palabras
"no, soy oyente","no, yo oyente",14.0,3.0,3.0,3.6666666666666665,1.0,13.0,3.0,3.0,3.3333333333333335,1.0,0.0,1.0,3 palabras
"no, ella es oyente","no, ella oyente",18.0,4.0,4.0,3.5,1.0,15.0,3.0,3.0,4.0,1.0,1.0,0.75,4 palabras
"no, él es oyente","no, él oyente",16.0,4.0,4.0,3.0,1.0,13.0,3.0,3.0,3.3333333333333335,1.0,1.0,0.75,4 palabras
"no, mi papá es oyente","no, papá mío oyente",21.0,5.0,5.0,3.2,1.0,19.0,4.0,4.0,3.75,1.0,1.0,0.8,5 palabras
"no, mi mamá es oyente","no, mamá mía oyente",21.0,5.0,5.0,3.2,1.0,19.0,4.0,4.0,3.75,1.0,1.0,0.8,5 palabras
"no, mi tío es oyente","no, tío mío oyente",20.0,5.0,5.0,3.0,1.0,18.0,4.0,4.0,3.5,1.0,1.0,0.8,5 palabras
"no, mi tía es oyente","no, tío mujer mía oyente",20.0,5.0,5.0,3.0,1.0,24.0,5.0,5.0,3.8,1.0,0.0,1.0,5 palabras
"no, mi hijo es oyente","no, hijo mío oyente",21.0,5.0,5.0,3.2,1.0,19.0,4.0,4.0,3.75,1.0,1.0,0.8,5 palabras
"no, mi hija es oyente","no, hijo mujer mía oyente",21.0,5.0,5.0,3.2,1.0,25.0,5.0,5.0,4.0,1.0,0.0,1.0,5 palabras
"no, mi hermano es oyente","no, hermano mío sordo",24.0,5.0,5.0,3.8,1.0,21.0,4.0,4.0,4.25,1.0,1.0,0.8,5 palabras
"no, mi hermana es sorda","no, hermano mujer mía sorda",23.0,5.0,5.0,3.6,1.0,27.0,5.0,5.0,4.4,1.0,0.0,1.0,5 palabras
"no, ellos son son sordos","no, ellos sordos",24.0,5.0,4.0,3.8,0.8,16.0,3.0,3.0,4.333333333333333,1.0,2.0,0.6,5 palabras
"no, ellas son sordas","no, ellas sordas",20.0,4.0,4.0,4.0,1.0,16.0,3.0,3.0,4.333333333333333,1.0,1.0,0.75,4 palabras
"no, mi amiga es sorda","no, amigo mujer mía sorda",21.0,5.0,5.0,3.2,1.0,25.0,5.0,5.0,4.0,1.0,0.0,1.0,5 palabras
"no, mi amigo es sordo","no, amigo mío sordo",21.0,5.0,5.0,3.2,1.0,19.0,4.0,4.0,3.75,1.0,1.0,0.8,5 palabras
soy hombre,yo hombre,10.0,2.0,2.0,4.5,1.0,9.0,2.0,2.0,4.0,1.0,0.0,1.0,2 palabras
soy mujer,yo mujer,9.0,2.0,2.0,4.0,1.0,8.0,2.0,2.0,3.5,1.0,0.0,1.0,2 palabras
soy estudiante,yo estudiante,14.0,2.0,2.0,6.5,1.0,13.0,2.0,2.0,6.0,1.0,0.0,1.0,2 palabras
eres estudiante,tú estudiante,15.0,2.0,2.0,7.0,1.0,13.0,2.0,2.0,6.0,1.0,0.0,1.0,2 palabras
él estudiante,él estudiante,13.0,2.0,2.0,6.0,1.0,13.0,2.0,2.0,6.0,1.0,0.0,1.0,2 palabras
ella es estudiante,ella estudiante,18.0,3.0,3.0,5.333333333333333,1.0,15.0,2.0,2.0,7.0,1.0,1.0,0.6666666666666666,3 palabras
somos estudiantes,nosotros estudiantes,17.0,2.0,2.0,8.0,1.0,20.0,2.0,2.0,9.5,1.0,0.0,1.0,2 palabras
ustedes son estudiantes,ustedes estudiantes,23.0,3.0,3.0,7.0,1.0,19.0,2.0,2.0,9.0,1.0,1.0,0.6666666666666666,3 palabras
mi primo es estudiante,primo mío estudiante,22.0,4.0,4.0,4.75,1.0,20.0,3.0,3.0,6.0,1.0,1.0,0.75,4 palabras
mi prima es estudiante,primo mujer mía estudiante,22.0,4.0,4.0,4.75,1.0,26.0,4.0,4.0,5.75,1.0,0.0,1.0,4 palabras
mi hermano es estudiante,hermano mío estudiante,24.0,4.0,4.0,5.25,1.0,22.0,3.0,3.0,6.666666666666667,1.0,1.0,0.75,4 palabras
mi hermana es estudiante,hermano mujer mía estudiante,24.0,4.0,4.0,5.25,1.0,28.0,4.0,4.0,6.25,1.0,0.0,1.0,4 palabras
yo estoy contento,yo contento,17.0,3.0,3.0,5.0,1.0,11.0,2.0,2.0,5.0,1.0,1.0,0.6666666666666666,3 palabras
yo estoy contenta,yo contenta,17.0,3.0,3.0,5.0,1.0,11.0,2.0,2.0,5.0,1.0,1.0,0.6666666666666666,3 palabras
soy médico,yo médico,10.0,2.0,2.0,4.5,1.0,9.0,2.0,2.0,4.0,1.0,0.0,1.0,2 palabras
eres médico,tú médico,11.0,2.0,2.0,5.0,1.0,9.0,2.0,2.0,4.0,1.0,0.0,1.0,2 palabras
ella es médico,ella médico,14.0,3.0,3.0,4.0,1.0,11.0,2.0,2.0,5.0,1.0,1.0,0.6666666666666666,3 palabras
nosotros somos médicos,nosotros médicos,22.0,3.0,3.0,6.666666666666667,1.0,16.0,2.0,2.0,7.5,1.0,1.0,0.6666666666666666,3 palabras
ustedes son médicos,ustedes médicos,19.0,3.0,3.0,5.666666666666667,1.0,15.0,2.0,2.0,7.0,1.0,1.0,0.6666666666666666,3 palabras
ellos son médicos,ellos médicos,17.0,3.0,3.0,5.0,1.0,13.0,2.0,2.0,6.0,1.0,1.0,0.6666666666666666,3 palabras
ellas son médicos,ellas médicos,17.0,3.0,3.0,5.0,1.0,13.0,2.0,2.0,6.0,1.0,1.0,0.6666666666666666,3 palabras
mi mamá es médico,mamá mía médico,17.0,4.0,4.0,3.5,1.0,15.0,3.0,3.0,4.333333333333333,1.0,1.0,0.75,4 palabras
mi papá es médico,papá mío médico,17.0,4.0,4.0,3.5,1.0,15.0,3.0,3.0,4.333333333333333,1.0,1.0,0.75,4 palabras
mi tío es médico,tío mío médico,16.0,4.0,4.0,3.25,1.0,14.0,3.0,3.0,4.0,1.0,1.0,0.75,4 palabras
mi tía es médico,tío mujer mía médico,16.0,4.0,4.0,3.25,1.0,20.0,4.0,4.0,4.25,1.0,0.0,1.0,4 palabras
mi hermana es médico,hermano mujer mía médico,20.0,4.0,4.0,4.25,1.0,24.0,4.0,4.0,5.25,1.0,0.0,1.0,4 palabras
mi hermano es médico,hermano mío médico,20.0,4.0,4.0,4.25,1.0,18.0,3.0,3.0,5.333333333333333,1.0,1.0,0.75,4 palabras
mi prima es médico,primo mujer mía médico,18.0,4.0,4.0,3.75,1.0,22.0,4.0,4.0,4.75,1.0,0.0,1.0,4 palabras
mi primo es médico,primo mío médico,18.0,4.0,4.0,3.75,1.0,16.0,3.0,3.0,4.666666666666667,1.0,1.0,0.75,4 palabras
mi amigo es médico,amigo mío médico,18.0,4.0,4.0,3.75,1.0,16.0,3.0,3.0,4.666666666666667,1.0,1.0,0.75,4 palabras
mi amiga es médico,amigo mujer mía médico,18.0,4.0,4.0,3.75,1.0,22.0,4.0,4.0,4.75,1.0,0.0,1.0,4 palabras
tu mamá es médico,mamá tuya médico,17.0,4.0,4.0,3.5,1.0,16.0,3.0,3.0,4.666666666666667,1.0,1.0,0.75,4 palabras
tu papá es médico,papá tuyo médico,17.0,4.0,4.0,3.5,1.0,16.0,3.0,3.0,4.666666666666667,1.0,1.0,0.75,4 palabras
tu tío es médico,tío tuyo médico,16.0,4.0,4.0,3.25,1.0,15.0,3.0,3.0,4.333333333333333,1.0,1.0,0.75,4 palabras
tu tía es médico,tío mujer tuya médico,16.0,4.0,4.0,3.25,1.0,21.0,4.0,4.0,4.5,1.0,0.0,1.0,4 palabras
tu hermana es médico,hermano mujer tuya médico,20.0,4.0,4.0,4.25,1.0,25.0,4.0,4.0,5.5,1.0,0.0,1.0,4 palabras
tu hermano es médico,hermano tuyo médico,20.0,4.0,4.0,4.25,1.0,19.0,3.0,3.0,5.666666666666667,1.0,1.0,0.75,4 palabras
tu prima es médico,primo mujer tuya médico,18.0,4.0,4.0,3.75,1.0,23.0,4.0,4.0,5.0,1.0,0.0,1.0,4 palabras
tu primo es médico,primo tuyo médico,18.0,4.0,4.0,3.75,1.0,17.0,3.0,3.0,5.0,1.0,1.0,0.75,4 palabras
tu amigo es médico,amigo tuyo médico,18.0,4.0,4.0,3.75,1.0,17.0,3.0,3.0,5.0,1.0,1.0,0.75,4 palabras
tu amiga es médico,amigo mujer tuya médico,18.0,4.0,4.0,3.75,1.0,23.0,4.0,4.0,5.0,1.0,0.0,1.0,4 palabras
soy profesor,yo profesor,12.0,2.0,2.0,5.5,1.0,11.0,2.0,2.0,5.0,1.0,0.0,1.0,2 palabras
eres profesor,tú profesor,13.0,2.0,2.0,6.0,1.0,11.0,2.0,2.0,5.0,1.0,0.0,1.0,2 palabras
ella es profesora,ella profesora,17.0,3.0,3.0,5.0,1.0,14.0,2.0,2.0,6.5,1.0,1.0,0.6666666666666666,3 palabras
nosotros somos profesores,nosotros profesores,25.0,3.0,3.0,7.666666666666667,1.0,19.0,2.0,2.0,9.0,1.0,1.0,0.6666666666666666,3 palabras
ustedes son profesores,ustedes profesores,22.0,3.0,3.0,6.666666666666667,1.0,18.0,2.0,2.0,8.5,1.0,1.0,0.6666666666666666,3 palabras
ellos son profesores,ellos profesores,20.0,3.0,3.0,6.0,1.0,16.0,2.0,2.0,7.5,1.0,1.0,0.6666666666666666,3 palabras
ellas son profesoras,ellas profesoras,20.0,3.0,3.0,6.0,1.0,16.0,2.0,2.0,7.5,1.0,1.0,0.6666666666666666,3 palabras
mi mamá es profesora,mamá mía profesora,20.0,4.0,4.0,4.25,1.0,18.0,3.0,3.0,5.333333333333333,1.0,1.0,0.75,4 palabras
mi papá es profesor,papá mío profesor,19.0,4.0,4.0,4.0,1.0,17.0,3.0,3.0,5.0,1.0,1.0,0.75,4 palabras
mi tío es profesor,tío mío profesor,18.0,4.0,4.0,3.75,1.0,16.0,3.0,3.0,4.666666666666667,1.0,1.0,0.75,4 palabras
mi tía es profesora,tío mujer mía profesora,19.0,4.0,4.0,4.0,1.0,23.0,4.0,4.0,5.0,1.0,0.0,1.0,4 palabras
mi hermana es profesora,hermano mujer mía profesora,23.0,4.0,4.0,5.0,1.0,27.0,4.0,4.0,6.0,1.0,0.0,1.0,4 palabras
mi hermano es profesor,hermano mío profesor,22.0,4.0,4.0,4.75,1.0,20.0,3.0,3.0,6.0,1.0,1.0,0.75,4 palabras
mi prima es profesora,primo mujer mía profesora,21.0,4.0,4.0,4.5,1.0,25.0,4.0,4.0,5.5,1.0,0.0,1.0,4 palabras
mi primo es profesor,primo mío profesor,20.0,4.0,4.0,4.25,1.0,18.0,3.0,3.0,5.333333333333333,1.0,1.0,0.75,4 palabras
mi amigo es profesor,amigo mío profesor,20.0,4.0,4.0,4.25,1.0,18.0,3.0,3.0,5.333333333333333,1.0,1.0,0.75,4 palabras
mi amiga es profesora,amigo mujer mía profesora,21.0,4.0,4.0,4.5,1.0,25.0,4.0,4.0,5.5,1.0,0.0,1.0,4 palabras
tu mamá es profesora,mamá tuya profesora,20.0,4.0,4.0,4.25,1.0,19.0,3.0,3.0,5.666666666666667,1.0,1.0,0.75,4 palabras
tu papá es profesor,papá tuyo profesor,19.0,4.0,4.0,4.0,1.0,18.0,3.0,3.0,5.333333333333333,1.0,1.0,0.75,4 palabras
tu tío es profesor,tío tuyo profesor,18.0,4.0,4.0,3.75,1.0,17.0,3.0,3.0,5.0,1.0,1.0,0.75,4 palabras
tu tía es profesora,tío mujer tuya profesora,19.0,4.0,4.0,4.0,1.0,24.0,4.0,4.0,5.25,1.0,0.0,1.0,4 palabras
tu hermana es profesora,hermano mujer tuya profesora,23.0,4.0,4.0,5.0,1.0,28.0,4.0,4.0,6.25,1.0,0.0,1.0,4 palabras
tu hermano es profesor,hermano tuyo profesor,22.0,4.0,4.0,4.75,1.0,21.0,3.0,3.0,6.333333333333333,1.0,1.0,0.75,4 palabras
tu prima es profesora,primo mujer tuya profesora,21.0,4.0,4.0,4.5,1.0,26.0,4.0,4.0,5.75,1.0,0.0,1.0,4 palabras
tu primo es profesor,primo tuyo profesor,20.0,4.0,4.0,4.25,1.0,19.0,3.0,3.0,5.666666666666667,1.0,1.0,0.75,4 palabras
tu amigo es profesor,amigo tuyo profesor,20.0,4.0,4.0,4.25,1.0,19.0,3.0,3.0,5.666666666666667,1.0,1.0,0.75,4 palabras
tu amiga es profesora,amigo mujer tuya profesora,21.0,4.0,4.0,4.5,1.0,26.0,4.0,4.0,5.75,1.0,0.0,1.0,4 palabras
soy artista,yo artista,11.0,2.0,2.0,5.0,1.0,10.0,2.0,2.0,4.5,1.0,0.0,1.0,2 palabras
eres artista,tú artista,12.0,2.0,2.0,5.5,1.0,10.0,2.0,2.0,4.5,1.0,0.0,1.0,2 palabras
ella es artista,ella artista,15.0,3.0,3.0,4.333333333333333,1.0,12.0,2.0,2.0,5.5,1.0,1.0,0.6666666666666666,3 palabras
ellas artistas,nosotros artistas,14.0,2.0,2.0,6.5,1.0,17.0,2.0,2.0,8.0,1.0,0.0,1.0,2 palabras
ustedes son artistas,ustedes artistas,20.0,3.0,3.0,6.0,1.0,16.0,2.0,2.0,7.5,1.0,1.0,0.6666666666666666,3 palabras
ellos son artistas,ellos artistas,18.0,3.0,3.0,5.333333333333333,1.0,14.0,2.0,2.0,6.5,1.0,1.0,0.6666666666666666,3 palabras
ellas son artistas,ellas artistas,18.0,3.0,3.0,5.333333333333333,1.0,14.0,2.0,2.0,6.5,1.0,1.0,0.6666666666666666,3 palabras
mi mamá es artista,mamá mía artista,18.0,4.0,4.0,3.75,1.0,16.0,3.0,3.0,4.666666666666667,1.0,1.0,0.75,4 palabras
mi papá es artista,papá mío artista,18.0,4.0,4.0,3.75,1.0,16.0,3.0,3.0,4.666666666666667,1.0,1.0,0.75,4 palabras
mi tío es artista,tío mío artista,17.0,4.0,4.0,3.5,1.0,15.0,3.0,3.0,4.333333333333333,1.0,1.0,0.75,4 palabras
mi tía es artista,tío mujer mía artista,17.0,4.0,4.0,3.5,1.0,21.0,4.0,4.0,4.5,1.0,0.0,1.0,4 palabras
mi hermana es artista,hermano mujer mía artista,21.0,4.0,4.0,4.5,1.0,25.0,4.0,4.0,5.5,1.0,0.0,1.0,4 palabras
mi hermano es artista,hermano mío artista,21.0,4.0,4.0,4.5,1.0,19.0,3.0,3.0,5.666666666666667,1.0,1.0,0.75,4 palabras
mi prima es artista,primo mujer mía artista,19.0,4.0,4.0,4.0,1.0,23.0,4.0,4.0,5.0,1.0,0.0,1.0,4 palabras
mi primo es artista,primo mío artista,19.0,4.0,4.0,4.0,1.0,17.0,3.0,3.0,5.0,1.0,1.0,0.75,4 palabras
mi amigo es artista,amigo mío artista,19.0,4.0,4.0,4.0,1.0,17.0,3.0,3.0,5.0,1.0,1.0,0.75,4 palabras
mi amiga es artista,amigo mujer mía artista,19.0,4.0,4.0,4.0,1.0,23.0,4.0,4.0,5.0,1.0,0.0,1.0,4 palabras
tu mamá es artista,mamá tuya artista,18.0,4.0,4.0,3.75,1.0,17.0,3.0,3.0,5.0,1.0,1.0,0.75,4 palabras
tu papá es artista,papá tuyo artista,18.0,4.0,4.0,3.75,1.0,17.0,3.0,3.0,5.0,1.0,1.0,0.75,4 palabras
tu tío es artista,tío tuyo artista,17.0,4.0,4.0,3.5,1.0,16.0,3.0,3.0,4.666666666666667,1.0,1.0,0.75,4 palabras
tu tía es artista,tío mujer tuya artista,17.0,4.0,4.0,3.5,1.0,22.0,4.0,4.0,4.75,1.0,0.0,1.0,4 palabras
tu hermana es artista,hermano mujer tuya artista,21.0,4.0,4.0,4.5,1.0,26.0,4.0,4.0,5.75,1.0,0.0,1.0,4 palabras
tu hermano es artista,hermano tuyo artista,21.0,4.0,4.0,4.5,1.0,20.0,3.0,3.0,6.0,1.0,1.0,0.75,4 palabras
tu prima es artista,primo mujer tuya artista,19.0,4.0,4.0,4.0,1.0,24.0,4.0,4.0,5.25,1.0,0.0,1.0,4 palabras
tu primo es artista,primo tuyo artista,19.0,4.0,4.0,4.0,1.0,18.0,3.0,3.0,5.333333333333333,1.0,1.0,0.75,4 palabras
tu amigo es artista,amigo tuyo artista,19.0,4.0,4.0,4.0,1.0,18.0,3.0,3.0,5.333333333333333,1.0,1.0,0.75,4 palabras
tu amiga es artista,amigo mujer tuya artista,19.0,4.0,4.0,4.0,1.0,24.0,4.0,4.0,5.25,1.0,0.0,1.0,4 palabras
soy artista,yo artista,11.0,2.0,2.0,5.0,1.0,10.0,2.0,2.0,4.5,1.0,0.0,1.0,2 palabras
eres artista,tú artista,12.0,2.0,2.0,5.5,1.0,10.0,2.0,2.0,4.5,1.0,0.0,1.0,2 palabras
ella es artista,ella artista,15.0,3.0,3.0,4.333333333333333,1.0,12.0,2.0,2.0,5.5,1.0,1.0,0.6666666666666666,3 palabras
nosotros somos artistas,nosotros artistas,23.0,3.0,3.0,7.0,1.0,17.0,2.0,2.0,8.0,1.0,1.0,0.6666666666666666,3 palabras
ustedes son artistas,ustedes artistas,20.0,3.0,3.0,6.0,1.0,16.0,2.0,2.0,7.5,1.0,1.0,0.6666666666666666,3 palabras
ellos son artistas,ellos artistas,18.0,3.0,3.0,5.333333333333333,1.0,14.0,2.0,2.0,6.5,1.0,1.0,0.6666666666666666,3 palabras
ellas son artistas,ellas artistas,18.0,3.0,3.0,5.333333333333333,1.0,14.0,2.0,2.0,6.5,1.0,1.0,0.6666666666666666,3 palabras
mi mamá es artista,mamá mía artista,18.0,4.0,4.0,3.75,1.0,16.0,3.0,3.0,4.666666666666667,1.0,1.0,0.75,4 palabras
mi papá es artista,papá mío artista,18.0,4.0,4.0,3.75,1.0,16.0,3.0,3.0,4.666666666666667,1.0,1.0,0.75,4 palabras
mi tío es artista,tío mío artista,17.0,4.0,4.0,3.5,1.0,15.0,3.0,3.0,4.333333333333333,1.0,1.0,0.75,4 palabras
mi tía es artista,tío mujer mía artista,17.0,4.0,4.0,3.5,1.0,21.0,4.0,4.0,4.5,1.0,0.0,1.0,4 palabras
mi hermana es artista,hermano mujer mía artista,21.0,4.0,4.0,4.5,1.0,25.0,4.0,4.0,5.5,1.0,0.0,1.0,4 palabras
mi hermano es artista,hermano mío artista,21.0,4.0,4.0,4.5,1.0,19.0,3.0,3.0,5.666666666666667,1.0,1.0,0.75,4 palabras
mi prima es artista,primo mujer mía artista,19.0,4.0,4.0,4.0,1.0,23.0,4.0,4.0,5.0,1.0,0.0,1.0,4 palabras
mi primo es artista,primo mío artista,19.0,4.0,4.0,4.0,1.0,17.0,3.0,3.0,5.0,1.0,1.0,0.75,4 palabras
mi amigo es artista,amigo mío artista,19.0,4.0,4.0,4.0,1.0,17.0,3.0,3.0,5.0,1.0,1.0,0.75,4 palabras
mi amiga es artista,amigo mujer mía artista,19.0,4.0,4.0,4.0,1.0,23.0,4.0,4.0,5.0,1.0,0.0,1.0,4 palabras
tu mamá es artista,mamá tuya artista,18.0,4.0,4.0,3.75,1.0,17.0,3.0,3.0,5.0,1.0,1.0,0.75,4 palabras
tu papá es artista,papá tuyo artista,18.0,4.0,4.0,3.75,1.0,17.0,3.0,3.0,5.0,1.0,1.0,0.75,4 palabras
tu tío es artista,tío tuyo artista,17.0,4.0,4.0,3.5,1.0,16.0,3.0,3.0,4.666666666666667,1.0,1.0,0.75,4 palabras
tu tía es artista,tío mujer tuya artista,17.0,4.0,4.0,3.5,1.0,22.0,4.0,4.0,4.75,1.0,0.0,1.0,4 palabras
tu hermana es artista,hermano mujer tuya artista,21.0,4.0,4.0,4.5,1.0,26.0,4.0,4.0,5.75,1.0,0.0,1.0,4 palabras
tu hermano es artista,hermano tuyo artista,21.0,4.0,4.0,4.5,1.0,20.0,3.0,3.0,6.0,1.0,1.0,0.75,4 palabras
tu prima es artista,primo mujer tuya artista,19.0,4.0,4.0,4.0,1.0,24.0,4.0,4.0,5.25,1.0,0.0,1.0,4 palabras
tu primo es artista,primo tuyo artista,19.0,4.0,4.0,4.0,1.0,18.0,3.0,3.0,5.333333333333333,1.0,1.0,0.75,4 palabras
tu amigo es artista,amigo tuyo artista,19.0,4.0,4.0,4.0,1.0,18.0,3.0,3.0,5.333333333333333,1.0,1.0,0.75,4 palabras
tu amiga es artista,amigo mujer tuya artista,19.0,4.0,4.0,4.0,1.0,24.0,4.0,4.0,5.25,1.0,0.0,1.0,4 palabras
soy arquitecto,yo arquitecto,14.0,2.0,2.0,6.5,1.0,13.0,2.0,2.0,6.0,1.0,0.0,1.0,2 palabras
eres arquitecto,tú arquitecto,15.0,2.0,2.0,7.0,1.0,13.0,2.0,2.0,6.0,1.0,0.0,1.0,2 palabras
ella es arquitecta,ella arquitecta,18.0,3.0,3.0,5.333333333333333,1.0,15.0,2.0,2.0,7.0,1.0,1.0,0.6666666666666666,3 palabras
nosotros somos arquitectos,nosotros arquitectos,26.0,3.0,3.0,8.0,1.0,20.0,2.0,2.0,9.5,1.0,1.0,0.6666666666666666,3 palabras
ustedes son arquitectos,ustedes arquitectos,23.0,3.0,3.0,7.0,1.0,19.0,2.0,2.0,9.0,1.0,1.0,0.6666666666666666,3 palabras
ellos son arquitectos,ellos arquitectos,21.0,3.0,3.0,6.333333333333333,1.0,17.0,2.0,2.0,8.0,1.0,1.0,0.6666666666666666,3 palabras
ellas son arquitectas,ellas arquitectas,21.0,3.0,3.0,6.333333333333333,1.0,17.0,2.0,2.0,8.0,1.0,1.0,0.6666666666666666,3 palabras
mi mamá es arquitecta,mamá mía arquitecta,21.0,4.0,4.0,4.5,1.0,19.0,3.0,3.0,5.666666666666667,1.0,1.0,0.75,4 palabras
mi papá es arquitecto,papá mío arquitecto,21.0,4.0,4.0,4.5,1.0,19.0,3.0,3.0,5.666666666666667,1.0,1.0,0.75,4 palabras
mi tío es arquitecto,tío mío arquitecto,20.0,4.0,4.0,4.25,1.0,18.0,3.0,3.0,5.333333333333333,1.0,1.0,0.75,4 palabras
mi tía es arquitecta,tío mujer mía arquitecta,20.0,4.0,4.0,4.25,1.0,24.0,4.0,4.0,5.25,1.0,0.0,1.0,4 palabras
mi hermana es arquitecta,hermano mujer mía arquitecta,24.0,4.0,4.0,5.25,1.0,28.0,4.0,4.0,6.25,1.0,0.0,1.0,4 palabras
mi hermano es arquitecto,hermano mío arquitecto,24.0,4.0,4.0,5.25,1.0,22.0,3.0,3.0,6.666666666666667,1.0,1.0,0.75,4 palabras
mi prima es arquitecta,primo mujer mía arquitecta,22.0,4.0,4.0,4.75,1.0,26.0,4.0,4.0,5.75,1.0,0.0,1.0,4 palabras
mi primo es arquitecta,primo mío arquitecta,22.0,4.0,4.0,4.75,1.0,20.0,3.0,3.0,6.0,1.0,1.0,0.75,4 palabras
mi amigo es arquitecta,amigo mío arquitecta,22.0,4.0,4.0,4.75,1.0,20.0,3.0,3.0,6.0,1.0,1.0,0.75,4 palabras
mi amiga es arquitecta,amigo mujer mía arquitecta,22.0,4.0,4.0,4.75,1.0,26.0,4.0,4.0,5.75,1.0,0.0,1.0,4 palabras
tu mamá es arquitecta,mamá tuya arquitecta,21.0,4.0,4.0,4.5,1.0,20.0,3.0,3.0,6.0,1.0,1.0,0.75,4 palabras
tu papá es arquitecto,papá tuyo arquitecto,21.0,4.0,4.0,4.5,1.0,20.0,3.0,3.0,6.0,1.0,1.0,0.75,4 palabras
tu tío es arquitecto,tío tuyo arquitecto,20.0,4.0,4.0,4.25,1.0,19.0,3.0,3.0,5.666666666666667,1.0,1.0,0.75,4 palabras
tu tía es arquitecta,tío mujer tuya arquitecta,20.0,4.0,4.0,4.25,1.0,25.0,4.0,4.0,5.5,1.0,0.0,1.0,4 palabras
tu hermana es arquitecta,hermano mujer tuya arquitecta,24.0,4.0,4.0,5.25,1.0,29.0,4.0,4.0,6.5,1.0,0.0,1.0,4 palabras
tu hermano es arquitecto,hermano tuyo arquitecto,24.0,4.0,4.0,5.25,1.0,23.0,3.0,3.0,7.0,1.0,1.0,0.75,4 palabras
tu prima es arquitecta,primo mujer tuya arquitecta,22.0,4.0,4.0,4.75,1.0,27.0,4.0,4.0,6.0,1.0,0.0,1.0,4 palabras
tu primo es arquitecto,primo tuyo arquitecto,22.0,4.0,4.0,4.75,1.0,21.0,3.0,3.0,6.333333333333333,1.0,1.0,0.75,4 palabras
tu amigo es arquitecto,amigo tuyo arquitecto,22.0,4.0,4.0,4.75,1.0,21.0,3.0,3.0,6.333333333333333,1.0,1.0,0.75,4 palabras
tu amiga es arquitecta,amigo mujer tuya arquitecta,22.0,4.0,4.0,4.75,1.0,27.0,4.0,4.0,6.0,1.0,0.0,1.0,4 palabras
soy abogado,yo abogado,11.0,2.0,2.0,5.0,1.0,10.0,2.0,2.0,4.5,1.0,0.0,1.0,2 palabras
eres abogado,tú abogado,12.0,2.0,2.0,5.5,1.0,10.0,2.0,2.0,4.5,1.0,0.0,1.0,2 palabras
ella es abogada,ella abogada,15.0,3.0,3.0,4.333333333333333,1.0,12.0,2.0,2.0,5.5,1.0,1.0,0.6666666666666666,3 palabras
nosotros somos abogados,nosotros abogados,23.0,3.0,3.0,7.0,1.0,17.0,2.0,2.0,8.0,1.0,1.0,0.6666666666666666,3 palabras
ustedes son abogados,ustedes abogados,20.0,3.0,3.0,6.0,1.0,16.0,2.0,2.0,7.5,1.0,1.0,0.6666666666666666,3 palabras
ellos son abogados,ellos abogados,18.0,3.0,3.0,5.333333333333333,1.0,14.0,2.0,2.0,6.5,1.0,1.0,0.6666666666666666,3 palabras
ellas son abogadas,ellas abogadas,18.0,3.0,3.0,5.333333333333333,1.0,14.0,2.0,2.0,6.5,1.0,1.0,0.6666666666666666,3 palabras
mi mamá es abogada,mamá mía abogada,18.0,4.0,4.0,3.75,1.0,16.0,3.0,3.0,4.666666666666667,1.0,1.0,0.75,4 palabras
mi papá es abogado,papá mío abogado,18.0,4.0,4.0,3.75,1.0,16.0,3.0,3.0,4.666666666666667,1.0,1.0,0.75,4 palabras
mi tío es abogado,tío mío abogado,17.0,4.0,4.0,3.5,1.0,15.0,3.0,3.0,4.333333333333333,1.0,1.0,0.75,4 palabras
mi tía es abogada,tío mujer mía abogada,17.0,4.0,4.0,3.5,1.0,21.0,4.0,4.0,4.5,1.0,0.0,1.0,4 palabras
mi hermana es abogada,hermano mujer mía abogada,21.0,4.0,4.0,4.5,1.0,25.0,4.0,4.0,5.5,1.0,0.0,1.0,4 palabras
mi hermano es abogado,hermano mío abogado,21.0,4.0,4.0,4.5,1.0,19.0,3.0,3.0,5.666666666666667,1.0,1.0,0.75,4 palabras
mi prima es abogada,primo mujer mía abogada,19.0,4.0,4.0,4.0,1.0,23.0,4.0,4.0,5.0,1.0,0.0,1.0,4 palabras
mi primo es abogada,primo mío abogada,19.0,4.0,4.0,4.0,1.0,17.0,3.0,3.0,5.0,1.0,1.0,0.75,4 palabras
mi amigo es abogada,amigo mío abogada,19.0,4.0,4.0,4.0,1.0,17.0,3.0,3.0,5.0,1.0,1.0,0.75,4 palabras
mi amiga es abogada,amigo mujer mía abogada,19.0,4.0,4.0,4.0,1.0,23.0,4.0,4.0,5.0,1.0,0.0,1.0,4 palabras
tu mamá es abogada,mamá tuya abogada,18.0,4.0,4.0,3.75,1.0,17.0,3.0,3.0,5.0,1.0,1.0,0.75,4 palabras
tu papá es abogado,papá tuyo abogado,18.0,4.0,4.0,3.75,1.0,17.0,3.0,3.0,5.0,1.0,1.0,0.75,4 palabras
tu tío es abogado,tío tuyo abogado,17.0,4.0,4.0,3.5,1.0,16.0,3.0,3.0,4.666666666666667,1.0,1.0,0.75,4 palabras
tu tía es abogada,tío mujer tuya abogada,17.0,4.0,4.0,3.5,1.0,22.0,4.0,4.0,4.75,1.0,0.0,1.0,4 palabras
tu hermana es abogada,hermano mujer tuya abogada,21.0,4.0,4.0,4.5,1.0,26.0,4.0,4.0,5.75,1.0,0.0,1.0,4 palabras
tu hermano es abogado,hermano tuyo abogado,21.0,4.0,4.0,4.5,1.0,20.0,3.0,3.0,6.0,1.0,1.0,0.75,4 palabras
tu prima es abogada,primo mujer tuya abogada,19.0,4.0,4.0,4.0,1.0,24.0,4.0,4.0,5.25,1.0,0.0,1.0,4 palabras
tu primo es abogado,primo tuyo abogado,19.0,4.0,4.0,4.0,1.0,18.0,3.0,3.0,5.333333333333333,1.0,1.0,0.75,4 palabras
tu amigo es abogado,amigo tuyo abogado,19.0,4.0,4.0,4.0,1.0,18.0,3.0,3.0,5.333333333333333,1.0,1.0,0.75,4 palabras
tu amiga es abogada,amigo mujer tuya abogada,19.0,4.0,4.0,4.0,1.0,24.0,4.0,4.0,5.25,1.0,0.0,1.0,4 palabras
soy ingeniero,yo ingeniero,13.0,2.0,2.0,6.0,1.0,12.0,2.0,2.0,5.5,1.0,0.0,1.0,2 palabras
eres ingeniero,tú ingeniero,14.0,2.0,2.0,6.5,1.0,12.0,2.0,2.0,5.5,1.0,0.0,1.0,2 palabras
ella es ingeniera,ella ingeniera,17.0,3.0,3.0,5.0,1.0,14.0,2.0,2.0,6.5,1.0,1.0,0.6666666666666666,3 palabras
nosotros somos ingenieros,nosotros ingenieros,25.0,3.0,3.0,7.666666666666667,1.0,19.0,2.0,2.0,9.0,1.0,1.0,0.6666666666666666,3 palabras
ustedes son ingenieros,ustedes ingenieros,22.0,3.0,3.0,6.666666666666667,1.0,18.0,2.0,2.0,8.5,1.0,1.0,0.6666666666666666,3 palabras
ellos son ingenieros,ellos ingenieros,20.0,3.0,3.0,6.0,1.0,16.0,2.0,2.0,7.5,1.0,1.0,0.6666666666666666,3 palabras
ellas son ingenieras,ellas ingenieras,20.0,3.0,3.0,6.0,1.0,16.0,2.0,2.0,7.5,1.0,1.0,0.6666666666666666,3 palabras
mi mamá es ingeniera,mamá mía ingeniera,20.0,4.0,4.0,4.25,1.0,18.0,3.0,3.0,5.333333333333333,1.0,1.0,0.75,4 palabras
mi papá es ingeniero,papá mío ingeniero,20.0,4.0,4.0,4.25,1.0,18.0,3.0,3.0,5.333333333333333,1.0,1.0,0.75,4 palabras
mi tío es ingeniero,tío mío ingeniero,19.0,4.0,4.0,4.0,1.0,17.0,3.0,3.0,5.0,1.0,1.0,0.75,4 palabras
mi tía es ingeniera,tío mujer mía ingeniera,19.0,4.0,4.0,4.0,1.0,23.0,4.0,4.0,5.0,1.0,0.0,1.0,4 palabras
mi hermana es ingeniera,hermano mujer mía ingeniera,23.0,4.0,4.0,5.0,1.0,27.0,4.0,4.0,6.0,1.0,0.0,1.0,4 palabras
mi hermano es ingeniero,hermano mío ingeniero,23.0,4.0,4.0,5.0,1.0,21.0,3.0,3.0,6.333333333333333,1.0,1.0,0.75,4 palabras
mi prima es ingeniera,primo mujer mía ingeniera,21.0,4.0,4.0,4.5,1.0,25.0,4.0,4.0,5.5,1.0,0.0,1.0,4 palabras
mi primo es ingeniera,primo mío ingeniera,21.0,4.0,4.0,4.5,1.0,19.0,3.0,3.0,5.666666666666667,1.0,1.0,0.75,4 palabras
mi amigo es ingeniera,amigo mío ingeniera,21.0,4.0,4.0,4.5,1.0,19.0,3.0,3.0,5.666666666666667,1.0,1.0,0.75,4 palabras
mi amiga es ingeniera,amigo mujer mía ingeniera,21.0,4.0,4.0,4.5,1.0,25.0,4.0,4.0,5.5,1.0,0.0,1.0,4 palabras
tu mamá es ingeniera,mamá tuya ingeniera,20.0,4.0,4.0,4.25,1.0,19.0,3.0,3.0,5.666666666666667,1.0,1.0,0.75,4 palabras
tu papá es ingeniero,papá tuyo ingeniero,20.0,4.0,4.0,4.25,1.0,19.0,3.0,3.0,5.666666666666667,1.0,1.0,0.75,4 palabras
tu tío es ingeniero,tío tuyo ingeniero,19.0,4.0,4.0,4.0,1.0,18.0,3.0,3.0,5.333333333333333,1.0,1.0,0.75,4 palabras
tu tía es ingeniera,tío mujer tuya ingeniera,19.0,4.0,4.0,4.0,1.0,24.0,4.0,4.0,5.25,1.0,0.0,1.0,4 palabras
tu hermana es ingeniera,hermano mujer tuya ingeniera,23.0,4.0,4.0,5.0,1.0,28.0,4.0,4.0,6.25,1.0,0.0,1.0,4 palabras
tu hermano es ingeniero,hermano tuyo ingeniero,23.0,4.0,4.0,5.0,1.0,22.0,3.0,3.0,6.666666666666667,1.0,1.0,0.75,4 palabras
tu prima es ingeniera,primo mujer tuya ingeniera,21.0,4.0,4.0,4.5,1.0,26.0,4.0,4.0,5.75,1.0,0.0,1.0,4 palabras
tu primo es ingeniero,primo tuyo ingeniero,21.0,4.0,4.0,4.5,1.0,20.0,3.0,3.0,6.0,1.0,1.0,0.75,4 palabras
tu amigo es ingeniero,amigo tuyo ingeniero,21.0,4.0,4.0,4.5,1.0,20.0,3.0,3.0,6.0,1.0,1.0,0.75,4 palabras
tu amiga es ingeniera,amigo mujer tuya ingeniera,21.0,4.0,4.0,4.5,1.0,26.0,4.0,4.0,5.75,1.0,0.0,1.0,4 palabras
soy científico,yo científico,14.0,2.0,2.0,6.5,1.0,13.0,2.0,2.0,6.0,1.0,0.0,1.0,2 palabras
eres científico,tú científico,15.0,2.0,2.0,7.0,1.0,13.0,2.0,2.0,6.0,1.0,0.0,1.0,2 palabras
ella es ingeniera,ella ingeniera,17.0,3.0,3.0,5.0,1.0,14.0,2.0,2.0,6.5,1.0,1.0,0.6666666666666666,3 palabras
nosotros somos científicos,nosotros científicos,26.0,3.0,3.0,8.0,1.0,20.0,2.0,2.0,9.5,1.0,1.0,0.6666666666666666,3 palabras
ustedes son científicos,ustedes científicos,23.0,3.0,3.0,7.0,1.0,19.0,2.0,2.0,9.0,1.0,1.0,0.6666666666666666,3 palabras
ellos son científicos,ellos científicos,21.0,3.0,3.0,6.333333333333333,1.0,17.0,2.0,2.0,8.0,1.0,1.0,0.6666666666666666,3 palabras
ellas son científicas,ellas científicas,21.0,3.0,3.0,6.333333333333333,1.0,17.0,2.0,2.0,8.0,1.0,1.0,0.6666666666666666,3 palabras
mi mamá es ingeniera,mamá mía científica,20.0,4.0,4.0,4.25,1.0,19.0,3.0,3.0,5.666666666666667,1.0,1.0,0.75,4 palabras
mi papá es científico,papá mío científico,21.0,4.0,4.0,4.5,1.0,19.0,3.0,3.0,5.666666666666667,1.0,1.0,0.75,4 palabras
mi tío es científico,tío mío científico,20.0,4.0,4.0,4.25,1.0,18.0,3.0,3.0,5.333333333333333,1.0,1.0,0.75,4 palabras
mi tía es científica,tío mujer mía científica,20.0,4.0,4.0,4.25,1.0,24.0,4.0,4.0,5.25,1.0,0.0,1.0,4 palabras
mi hermana es científica,hermano mujer mía científica,24.0,4.0,4.0,5.25,1.0,28.0,4.0,4.0,6.25,1.0,0.0,1.0,4 palabras
mi hermano es científico,hermano mío científico,24.0,4.0,4.0,5.25,1.0,22.0,3.0,3.0,6.666666666666667,1.0,1.0,0.75,4 palabras
mi prima es científica,primo mujer mía científica,22.0,4.0,4.0,4.75,1.0,26.0,4.0,4.0,5.75,1.0,0.0,1.0,4 palabras
mi primo es científica,primo mío científica,22.0,4.0,4.0,4.75,1.0,20.0,3.0,3.0,6.0,1.0,1.0,0.75,4 palabras
mi amigo es científica,amigo mío científica,22.0,4.0,4.0,4.75,1.0,20.0,3.0,3.0,6.0,1.0,1.0,0.75,4 palabras
mi amiga es científica,amigo mujer mía científica,22.0,4.0,4.0,4.75,1.0,26.0,4.0,4.0,5.75,1.0,0.0,1.0,4 palabras
tu mamá es científica,mamá tuya científica,21.0,4.0,4.0,4.5,1.0,20.0,3.0,3.0,6.0,1.0,1.0,0.75,4 palabras
tu papá es científico,papá tuyo científico,21.0,4.0,4.0,4.5,1.0,20.0,3.0,3.0,6.0,1.0,1.0,0.75,4 palabras
tu tío es científico,tío tuyo científico,20.0,4.0,4.0,4.25,1.0,19.0,3.0,3.0,5.666666666666667,1.0,1.0,0.75,4 palabras
tu tía es científica,tío mujer tuya científica,20.0,4.0,4.0,4.25,1.0,25.0,4.0,4.0,5.5,1.0,0.0,1.0,4 palabras
tu hermana es científica,hermano mujer tuya científica,24.0,4.0,4.0,5.25,1.0,29.0,4.0,4.0,6.5,1.0,0.0,1.0,4 palabras
tu hermano es científico,hermano tuyo científico,24.0,4.0,4.0,5.25,1.0,23.0,3.0,3.0,7.0,1.0,1.0,0.75,4 palabras
tu prima es científica,primo mujer tuya científica,22.0,4.0,4.0,4.75,1.0,27.0,4.0,4.0,6.0,1.0,0.0,1.0,4 palabras
tu primo es científico,primo tuyo científico,22.0,4.0,4.0,4.75,1.0,21.0,3.0,3.0,6.333333333333333,1.0,1.0,0.75,4 palabras
tu amigo es científico,amigo tuyo científico,22.0,4.0,4.0,4.75,1.0,21.0,3.0,3.0,6.333333333333333,1.0,1.0,0.75,4 palabras
tu amiga es científica,amigo mujer tuya científica,22.0,4.0,4.0,4.75,1.0,27.0,4.0,4.0,6.0,1.0,0.0,1.0,4 palabras
¿porqué llegaste tarde?,tú llegar tarde porqué,23.0,3.0,3.0,6.333333333333333,1.0,22.0,4.0,4.0,4.75,1.0,-1.0,1.3333333333333333,3 palabras
¿porqué llegaron tarde?,ustedes llegar tarde porqué,23.0,3.0,3.0,6.333333333333333,1.0,27.0,4.0,4.0,6.0,1.0,-1.0,1.3333333333333333,3 palabras
¿porqué llegaron tarde?,ellos llegar tarde porqué,23.0,3.0,3.0,6.333333333333333,1.0,25.0,4.0,4.0,5.5,1.0,-1.0,1.3333333333333333,3 palabras
"Hola, ¿cómo estás?",hola cómo estar tú,18.0,3.0,3.0,4.333333333333333,1.0,18.0,4.0,4.0,3.75,1.0,-1.0,1.3333333333333333,3 palabras
"Hola, ¿cómo están?",hola cómo estar ustedes,18.0,3.0,3.0,4.333333333333333,1.0,23.0,4.0,4.0,5.0,1.0,-1.0,1.3333333333333333,3 palabras
vivo en México,México yo vivir,14.0,3.0,3.0,4.0,1.0,15.0,3.0,3.0,4.333333333333333,1.0,0.0,1.0,3 palabras
yo vivo en México,México yo vivir,17.0,4.0,4.0,3.5,1.0,15.0,3.0,3.0,4.333333333333333,1.0,1.0,0.75,4 palabras
el vive en México,México él vivir,17.0,4.0,4.0,3.5,1.0,15.0,3.0,3.0,4.333333333333333,1.0,1.0,0.75,4 palabras
ella vive en México,México ella vivir,19.0,4.0,4.0,4.0,1.0,17.0,3.0,3.0,5.0,1.0,1.0,0.75,4 palabras
vivimos en México,México nosotros vivir,17.0,3.0,3.0,5.0,1.0,21.0,3.0,3.0,6.333333333333333,1.0,0.0,1.0,3 palabras
ellos viven en México,México ellos vivir,21.0,4.0,4.0,4.5,1.0,18.0,3.0,3.0,5.333333333333333,1.0,1.0,0.75,4 palabras
ellas viven en México,México ellas vivir,21.0,4.0,4.0,4.5,1.0,18.0,3.0,3.0,5.333333333333333,1.0,1.0,0.75,4 palabras
ellos viven en México,México ellos vivir,21.0,4.0,4.0,4.5,1.0,18.0,3.0,3.0,5.333333333333333,1.0,1.0,0.75,4 palabras
ustedes viven en México,México ustedes vivir,23.0,4.0,4.0,5.0,1.0,20.0,3.0,3.0,6.0,1.0,1.0,0.75,4 palabras
mi mamá vive en México,México mamá mía vivir,22.0,5.0,5.0,3.6,1.0,21.0,4.0,4.0,4.5,1.0,1.0,0.8,5 palabras
mi papá vive en México,México papá mío vivir,22.0,5.0,5.0,3.6,1.0,21.0,4.0,4.0,4.5,1.0,1.0,0.8,5 palabras
mi hermano vive en México,México hermano mío vivir,25.0,5.0,5.0,4.2,1.0,24.0,4.0,4.0,5.25,1.0,1.0,0.8,5 palabras
mi hermana vive en México,México hermano mujer mía vivir,25.0,5.0,5.0,4.2,1.0,30.0,5.0,5.0,5.2,1.0,0.0,1.0,5 palabras
mi novio vive en México,México novio mío vivir,23.0,5.0,5.0,3.8,1.0,22.0,4.0,4.0,4.75,1.0,1.0,0.8,5 palabras
mi novia vive en México,México novio mujer mía vivir,23.0,5.0,5.0,3.8,1.0,28.0,5.0,5.0,4.8,1.0,0.0,1.0,5 palabras
mi tío vive en México,México tío mío vivir,21.0,5.0,5.0,3.4,1.0,20.0,4.0,4.0,4.25,1.0,1.0,0.8,5 palabras
mi tía vive en México,México tío mujer mía vivir,21.0,5.0,5.0,3.4,1.0,26.0,5.0,5.0,4.4,1.0,0.0,1.0,5 palabras
mi abuelo vive en México,México abuelo mío vivir,24.0,5.0,5.0,4.0,1.0,23.0,4.0,4.0,5.0,1.0,1.0,0.8,5 palabras
mi abuela vive en México,México abuelo mujer mía vivir,24.0,5.0,5.0,4.0,1.0,29.0,5.0,5.0,5.0,1.0,0.0,1.0,5 palabras
mis hijos viven en México,México hijo ellos míos vivir,25.0,5.0,5.0,4.2,1.0,28.0,5.0,5.0,4.8,1.0,0.0,1.0,5 palabras
mis hijas viven en México,México hijo mujer ellas vivir,25.0,5.0,5.0,4.2,1.0,29.0,5.0,5.0,5.0,1.0,0.0,1.0,5 palabras
tu mamá vive en México,México mamá tuya vivir,22.0,5.0,5.0,3.6,1.0,22.0,4.0,4.0,4.75,1.0,1.0,0.8,5 palabras
tu papá vive en México,México papá tuyo vivir,22.0,5.0,5.0,3.6,1.0,22.0,4.0,4.0,4.75,1.0,1.0,0.8,5 palabras
tu hermano vive en México,México hermano tuyo vivir,25.0,5.0,5.0,4.2,1.0,25.0,4.0,4.0,5.5,1.0,1.0,0.8,5 palabras
tu hermana vive en México,México hermano mujer tuya vivir,25.0,5.0,5.0,4.2,1.0,31.0,5.0,5.0,5.4,1.0,0.0,1.0,5 palabras
tu novio vive en México,México novio tuyo vivir,23.0,5.0,5.0,3.8,1.0,23.0,4.0,4.0,5.0,1.0,1.0,0.8,5 palabras
tu novia vive en México,México novio mujer tuya vivir,23.0,5.0,5.0,3.8,1.0,29.0,5.0,5.0,5.0,1.0,0.0,1.0,5 palabras
tu tío vive en México,México tío tuyo vivir,21.0,5.0,5.0,3.4,1.0,21.0,4.0,4.0,4.5,1.0,1.0,0.8,5 palabras
tu tía vive en México,México tío mujer tuya vivir,21.0,5.0,5.0,3.4,1.0,27.0,5.0,5.0,4.6,1.0,0.0,1.0,5 palabras
tu abuelo vive en México,México abuelo tuyo vivir,24.0,5.0,5.0,4.0,1.0,24.0,4.0,4.0,5.25,1.0,1.0,0.8,5 palabras
tu abuela vive en México,México abuelo mujer tuya vivir,24.0,5.0,5.0,4.0,1.0,30.0,5.0,5.0,5.2,1.0,0.0,1.0,5 palabras
tus hijos viven en México,México hijo ellos tuyos vivir,25.0,5.0,5.0,4.2,1.0,29.0,5.0,5.0,5.0,1.0,0.0,1.0,5 palabras
tus hijas viven en México,México hijo mujer tuyas vivir,25.0,5.0,5.0,4.2,1.0,29.0,5.0,5.0,5.0,1.0,0.0,1.0,5 palabras
no hay árboles,árboles haber no,14.0,3.0,3.0,4.0,1.0,16.0,3.0,3.0,4.666666666666667,1.0,0.0,1.0,3 palabras
no hay comida,comida haber no,13.0,3.0,3.0,3.6666666666666665,1.0,15.0,3.0,3.0,4.333333333333333,1.0,0.0,1.0,3 palabras
no hay leche,leche haber no,12.0,3.0,3.0,3.3333333333333335,1.0,14.0,3.0,3.0,4.0,1.0,0.0,1.0,3 palabras
no hay dinero,dinero haber no,13.0,3.0,3.0,3.6666666666666665,1.0,15.0,3.0,3.0,4.333333333333333,1.0,0.0,1.0,3 palabras
no hay trabajo,trabajo haber no,14.0,3.0,3.0,4.0,1.0,16.0,3.0,3.0,4.666666666666667,1.0,0.0,1.0,3 palabras
no hay espacio,espacio haber no,14.0,3.0,3.0,4.0,1.0,16.0,3.0,3.0,4.666666666666667,1.0,0.0,1.0,3 palabras
tomo café diariamente,diario yo café tomar,21.0,3.0,3.0,6.333333333333333,1.0,20.0,4.0,4.0,4.25,1.0,-1.0,1.3333333333333333,3 palabras
ella corre diario,diario  ella correr,17.0,3.0,3.0,5.0,1.0,18.0,3.0,3.0,5.333333333333333,1.0,0.0,1.0,3 palabras
él come verduras diario,diario él verduras comer,23.0,4.0,4.0,5.0,1.0,24.0,4.0,4.0,5.25,1.0,0.0,1.0,4 palabras
yo como carne y sopa,yo sopa carne comer,20.0,5.0,5.0,3.2,1.0,19.0,4.0,4.0,4.0,1.0,1.0,0.8,5 palabras
comemos frutas diario,diario yo frutas comer,21.0,3.0,3.0,6.333333333333333,1.0,22.0,4.0,4.0,4.75,1.0,-1.0,1.3333333333333333,3 palabras
la medicina es una ciencia,medicina ciencia,26.0,5.0,5.0,4.4,1.0,16.0,2.0,2.0,7.5,1.0,3.0,0.4,5 palabras
yo bebo café diario,diario yo café tomar,19.0,4.0,4.0,4.0,1.0,20.0,4.0,4.0,4.25,1.0,0.0,1.0,4 palabras
quiero aprender inglés,yo inglés aprender querer,22.0,3.0,3.0,6.666666666666667,1.0,25.0,4.0,4.0,5.5,1.0,-1.0,1.3333333333333333,3 palabras
quieres aprender inglés,tú inglés aprender querer,23.0,3.0,3.0,7.0,1.0,25.0,4.0,4.0,5.5,1.0,-1.0,1.3333333333333333,3 palabras
quiere aprender inglés,él inglés aprender querer,22.0,3.0,3.0,6.666666666666667,1.0,25.0,4.0,4.0,5.5,1.0,-1.0,1.3333333333333333,3 palabras
queremos aprender inglés,nosotros inglés aprender querer,24.0,3.0,3.0,7.333333333333333,1.0,31.0,4.0,4.0,7.0,1.0,-1.0,1.3333333333333333,3 palabras
quieren aprender inglés,ellos (as) (ustedes) inglés aprender querer,23.0,3.0,3.0,7.0,1.0,43.0,6.0,6.0,5.666666666666667,1.0,-3.0,2.0,3 palabras
ellos quieren aprender inglés,ellos inglés aprender querer,29.0,4.0,4.0,6.5,1.0,28.0,4.0,4.0,6.25,1.0,0.0,1.0,4 palabras
ellas quieren aprender inglés,ellas inglés aprender querer,29.0,4.0,4.0,6.5,1.0,28.0,4.0,4.0,6.25,1.0,0.0,1.0,4 palabras
ustedes quieren aprender inglés,ustedes inglés aprender querer,31.0,4.0,4.0,7.0,1.0,30.0,4.0,4.0,6.75,1.0,0.0,1.0,4 palabras
mi mamá quiere aprender inglés,mamá mía inglés aprender querer,30.0,5.0,5.0,5.2,1.0,31.0,5.0,5.0,5.4,1.0,0.0,1.0,5 palabras
mi papá quiere aprender inglés,papá mío inglés aprender querer,30.0,5.0,5.0,5.2,1.0,31.0,5.0,5.0,5.4,1.0,0.0,1.0,5 palabras
mi novio quiere aprender inglés,novio mío inglés aprender querer,31.0,5.0,5.0,5.4,1.0,32.0,5.0,5.0,5.6,1.0,0.0,1.0,5 palabras
mi novia quiere aprender inglés,novio mujer mía inglés aprender querer,31.0,5.0,5.0,5.4,1.0,38.0,6.0,6.0,5.5,1.0,-1.0,1.2,5 palabras
mi tía quiere aprender inglés,tío mujer mía inglés aprender querer,29.0,5.0,5.0,5.0,1.0,36.0,6.0,6.0,5.166666666666667,1.0,-1.0,1.2,5 palabras
mi tío quiere aprender inglés,tío mío inglés aprender querer,29.0,5.0,5.0,5.0,1.0,30.0,5.0,5.0,5.2,1.0,0.0,1.0,5 palabras
mi abuela quiere aprender inglés,abuelo mujer mía inglés aprender querer,32.0,5.0,5.0,5.6,1.0,39.0,6.0,6.0,5.666666666666667,1.0,-1.0,1.2,5 palabras
mi abuelo quiere aprender inglés,abuelo mío inglés aprender querer,32.0,5.0,5.0,5.6,1.0,33.0,5.0,5.0,5.8,1.0,0.0,1.0,5 palabras
mi prima quiere aprender inglés,primo mujer mía inglés aprender querer,31.0,5.0,5.0,5.4,1.0,38.0,6.0,6.0,5.5,1.0,-1.0,1.2,5 palabras
mi primo quiere aprender inglés,primo mío inglés aprender querer,31.0,5.0,5.0,5.4,1.0,32.0,5.0,5.0,5.6,1.0,0.0,1.0,5 palabras
mi sobrina quiere aprender inglés,sobrino mujer mía inglés aprender querer,33.0,5.0,5.0,5.8,1.0,40.0,6.0,6.0,5.833333333333333,1.0,-1.0,1.2,5 palabras
mi sobrino quiere aprender inglés,sobrino mío inglés aprender querer,33.0,5.0,5.0,5.8,1.0,34.0,5.0,5.0,6.0,1.0,0.0,1.0,5 palabras
mi hermana quiere aprender inglés,hermano mujer mía inglés aprender querer,33.0,5.0,5.0,5.8,1.0,40.0,6.0,6.0,5.833333333333333,1.0,-1.0,1.2,5 palabras
mi hermano quiere aprender inglés,hermano mío inglés aprender querer,33.0,5.0,5.0,5.8,1.0,34.0,5.0,5.0,6.0,1.0,0.0,1.0,5 palabras
tu mamá quiere aprender inglés,mamá tuya inglés aprender querer,30.0,5.0,5.0,5.2,1.0,32.0,5.0,5.0,5.6,1.0,0.0,1.0,5 palabras
tu papá quiere aprender inglés,papá tuyo inglés aprender querer,30.0,5.0,5.0,5.2,1.0,32.0,5.0,5.0,5.6,1.0,0.0,1.0,5 palabras
tu novio quiere aprender inglés,novio tuyo inglés aprender querer,31.0,5.0,5.0,5.4,1.0,33.0,5.0,5.0,5.8,1.0,0.0,1.0,5 palabras
tu novia quiere aprender inglés,novio mujer tuya inglés aprender querer,31.0,5.0,5.0,5.4,1.0,39.0,6.0,6.0,5.666666666666667,1.0,-1.0,1.2,5 palabras
tu tía quiere aprender inglés,tío mujer tuya inglés aprender querer,29.0,5.0,5.0,5.0,1.0,37.0,6.0,6.0,5.333333333333333,1.0,-1.0,1.2,5 palabras
tu tío quiere aprender inglés,tío tuyo inglés aprender querer,29.0,5.0,5.0,5.0,1.0,31.0,5.0,5.0,5.4,1.0,0.0,1.0,5 palabras
tu abuela quiere aprender inglés,abuelo mujer tuya inglés aprender querer,32.0,5.0,5.0,5.6,1.0,40.0,6.0,6.0,5.833333333333333,1.0,-1.0,1.2,5 palabras
tu abuelo quiere aprender inglés,abuelo tuyo inglés aprender querer,32.0,5.0,5.0,5.6,1.0,34.0,5.0,5.0,6.0,1.0,0.0,1.0,5 palabras
tu prima quiere aprender inglés,primo mujer tuya inglés aprender querer,31.0,5.0,5.0,5.4,1.0,39.0,6.0,6.0,5.666666666666667,1.0,-1.0,1.2,5 palabras
tu primo quiere aprender inglés,primo tuyo inglés aprender querer,31.0,5.0,5.0,5.4,1.0,33.0,5.0,5.0,5.8,1.0,0.0,1.0,5 palabras
tu sobrina quiere aprender inglés,sobrino mujer tuya inglés aprender querer,33.0,5.0,5.0,5.8,1.0,41.0,6.0,6.0,6.0,1.0,-1.0,1.2,5 palabras
tu sobrino quiere aprender inglés,sobrino tuyo inglés aprender querer,33.0,5.0,5.0,5.8,1.0,35.0,5.0,5.0,6.2,1.0,0.0,1.0,5 palabras
tu hermana quiere aprender inglés,hermano mujer tuya inglés aprender querer,33.0,5.0,5.0,5.8,1.0,41.0,6.0,6.0,6.0,1.0,-1.0,1.2,5 palabras
tu hermano quiere aprender inglés,hermano tuyo inglés aprender querer,33.0,5.0,5.0,5.8,1.0,35.0,5.0,5.0,6.2,1.0,0.0,1.0,5 palabras
mi nombre es VANIA,mi nombre VANIA,18.0,4.0,4.0,3.75,1.0,15.0,3.0,3.0,4.333333333333333,1.0,1.0,0.75,4 palabras
tu nombre es VANIA,tu nombre VANIA,18.0,4.0,4.0,3.75,1.0,15.0,3.0,3.0,4.333333333333333,1.0,1.0,0.75,4 palabras
su nombre es VANIA,su nombre VANIA,18.0,4.0,4.0,3.75,1.0,15.0,3.0,3.0,4.333333333333333,1.0,1.0,0.75,4 palabras
yo entiendo,entender,11.0,2.0,2.0,5.0,1.0,8.0,1.0,1.0,8.0,1.0,1.0,0.5,2 palabras
no entiendo,entender no,11.0,2.0,2.0,5.0,1.0,11.0,2.0,2.0,5.0,1.0,0.0,1.0,2 palabras
tú entiendes,tú entender,12.0,2.0,2.0,5.5,1.0,11.0,2.0,2.0,5.0,1.0,0.0,1.0,2 palabras
tú no entiendes,tú entender no,15.0,3.0,3.0,4.333333333333333,1.0,14.0,3.0,3.0,4.0,1.0,0.0,1.0,3 palabras
él entiende,él entender,11.0,2.0,2.0,5.0,1.0,11.0,2.0,2.0,5.0,1.0,0.0,1.0,2 palabras
él no entiende,él entender no,14.0,3.0,3.0,4.0,1.0,14.0,3.0,3.0,4.0,1.0,0.0,1.0,3 palabras
entendemos,nosotros entender,10.0,1.0,1.0,10.0,1.0,17.0,2.0,2.0,8.0,1.0,-1.0,2.0,1 palabra
no entendemos,nosotros entender no,13.0,2.0,2.0,6.0,1.0,20.0,3.0,3.0,6.0,1.0,-1.0,1.5,2 palabras
entienden,ellos entender,9.0,1.0,1.0,9.0,1.0,14.0,2.0,2.0,6.5,1.0,-1.0,2.0,1 palabra
no entienden,ellos entender no,12.0,2.0,2.0,5.5,1.0,17.0,3.0,3.0,5.0,1.0,-1.0,1.5,2 palabras
ellos entienden,ellos entender,15.0,2.0,2.0,7.0,1.0,14.0,2.0,2.0,6.5,1.0,0.0,1.0,2 palabras
ellos no entienden,ellos entender no,18.0,3.0,3.0,5.333333333333333,1.0,17.0,3.0,3.0,5.0,1.0,0.0,1.0,3 palabras
ustedes entienden,ustedes entender,17.0,2.0,2.0,8.0,1.0,16.0,2.0,2.0,7.5,1.0,0.0,1.0,2 palabras
ustedes no entienden,ustedes entender no,20.0,3.0,3.0,6.0,1.0,19.0,3.0,3.0,5.666666666666667,1.0,0.0,1.0,3 palabras
mi papá entiende,papá mío entender,16.0,3.0,3.0,4.666666666666667,1.0,17.0,3.0,3.0,5.0,1.0,0.0,1.0,3 palabras
mi mamá entiende,mamá mía entender,16.0,3.0,3.0,4.666666666666667,1.0,17.0,3.0,3.0,5.0,1.0,0.0,1.0,3 palabras
mi tía entiende,tío mujer mía entender,15.0,3.0,3.0,4.333333333333333,1.0,22.0,4.0,4.0,4.75,1.0,-1.0,1.3333333333333333,3 palabras
mi tío entiende,tío mío entender,15.0,3.0,3.0,4.333333333333333,1.0,16.0,3.0,3.0,4.666666666666667,1.0,0.0,1.0,3 palabras
mi amiga entiende,amigo mujer mía entender,17.0,3.0,3.0,5.0,1.0,24.0,4.0,4.0,5.25,1.0,-1.0,1.3333333333333333,3 palabras
mi amiga no entiende,amigo mujer mía entender no,20.0,4.0,4.0,4.25,1.0,27.0,5.0,5.0,4.6,1.0,-1.0,1.25,4 palabras
mi tía no entiende,tío mujer mía entender no,18.0,4.0,4.0,3.75,1.0,25.0,5.0,5.0,4.2,1.0,-1.0,1.25,4 palabras
mi tío no entiende,tío entender no,18.0,4.0,4.0,3.75,1.0,15.0,3.0,3.0,4.333333333333333,1.0,1.0,0.75,4 palabras
mi amigo entiende,amigo mío entender,17.0,3.0,3.0,5.0,1.0,18.0,3.0,3.0,5.333333333333333,1.0,0.0,1.0,3 palabras
mi amigo no entiende,amigo mío entender no,20.0,4.0,4.0,4.25,1.0,21.0,4.0,4.0,4.5,1.0,0.0,1.0,4 palabras
mi amiga entiende,amigo mujer mía entender,17.0,3.0,3.0,5.0,1.0,24.0,4.0,4.0,5.25,1.0,-1.0,1.3333333333333333,3 palabras
mi amiga no entiende,amigo mujer mía entender no,20.0,4.0,4.0,4.25,1.0,27.0,5.0,5.0,4.6,1.0,-1.0,1.25,4 palabras
mi novio entiende,novio mío entender,17.0,3.0,3.0,5.0,1.0,18.0,3.0,3.0,5.333333333333333,1.0,0.0,1.0,3 palabras
mi novio no entiende,novio mío entender no,20.0,4.0,4.0,4.25,1.0,21.0,4.0,4.0,4.5,1.0,0.0,1.0,4 palabras
mi novia entiende,novio mujer mía entender no,17.0,3.0,3.0,5.0,1.0,27.0,5.0,5.0,4.6,1.0,-2.0,1.6666666666666667,3 palabras
mi novia no entiende,novio mujer mía entender no,20.0,4.0,4.0,4.25,1.0,27.0,5.0,5.0,4.6,1.0,-1.0,1.25,4 palabras
yo soy miedosa,yo miedosa así,14.0,3.0,3.0,4.0,1.0,14.0,3.0,3.0,4.0,1.0,0.0,1.0,3 palabras
yo soy miedoso,yo miedoso así,14.0,3.0,3.0,4.0,1.0,14.0,3.0,3.0,4.0,1.0,0.0,1.0,3 palabras
tú eres miedosa,tú distraído así,15.0,3.0,3.0,4.333333333333333,1.0,16.0,3.0,3.0,4.666666666666667,1.0,0.0,1.0,3 palabras
él es miedoso,él miedoso así,13.0,3.0,3.0,3.6666666666666665,1.0,14.0,3.0,3.0,4.0,1.0,0.0,1.0,3 palabras
somos miedosos,nosotros miedosos así,14.0,2.0,2.0,6.5,1.0,21.0,3.0,3.0,6.333333333333333,1.0,-1.0,1.5,2 palabras
ellas son miedosas,ellas miedosas así,18.0,3.0,3.0,5.333333333333333,1.0,18.0,3.0,3.0,5.333333333333333,1.0,0.0,1.0,3 palabras
ellos son miedosos,ellos miedosos así,18.0,3.0,3.0,5.333333333333333,1.0,18.0,3.0,3.0,5.333333333333333,1.0,0.0,1.0,3 palabras
ustedes son miedosos,ustedes miedosos así,20.0,3.0,3.0,6.0,1.0,20.0,3.0,3.0,6.0,1.0,0.0,1.0,3 palabras
mi mamá es miedosa,mamá miedosa así,18.0,4.0,4.0,3.75,1.0,16.0,3.0,3.0,4.666666666666667,1.0,1.0,0.75,4 palabras
mi papá es miedoso,papá miedoso así,18.0,4.0,4.0,3.75,1.0,16.0,3.0,3.0,4.666666666666667,1.0,1.0,0.75,4 palabras
las niñas son miedosas,niño mujer ellas miedosas así,22.0,4.0,4.0,4.75,1.0,29.0,5.0,5.0,5.0,1.0,-1.0,1.25,4 palabras
los niños son miedosos,niño ellos miedosos así,22.0,4.0,4.0,4.75,1.0,23.0,4.0,4.0,5.0,1.0,0.0,1.0,4 palabras
mi tía es miedosa,tío mujer mía miedosa así,17.0,4.0,4.0,3.5,1.0,25.0,5.0,5.0,4.2,1.0,-1.0,1.25,4 palabras
mi tío es miedoso,tío mío miedoso así,17.0,4.0,4.0,3.5,1.0,19.0,4.0,4.0,4.0,1.0,0.0,1.0,4 palabras
mi abuelo es miedoso,abuelo mío miedoso así,20.0,4.0,4.0,4.25,1.0,22.0,4.0,4.0,4.75,1.0,0.0,1.0,4 palabras
mi abuela es miedosa,abuelo mujer mía miedosa así,20.0,4.0,4.0,4.25,1.0,28.0,5.0,5.0,4.8,1.0,-1.0,1.25,4 palabras
mi amigo es miedoso,amigo mío miedoso así,19.0,4.0,4.0,4.0,1.0,21.0,4.0,4.0,4.5,1.0,0.0,1.0,4 palabras
mi hermana es miedosa,hermano mujer mía miedosa así,21.0,4.0,4.0,4.5,1.0,29.0,5.0,5.0,5.0,1.0,-1.0,1.25,4 palabras
mi hermano es miedoso,hermano mío miedoso así,21.0,4.0,4.0,4.5,1.0,23.0,4.0,4.0,5.0,1.0,0.0,1.0,4 palabras
mi amiga es miedosa,amigo mujer mía miedosa así,19.0,4.0,4.0,4.0,1.0,27.0,5.0,5.0,4.6,1.0,-1.0,1.25,4 palabras
mi novio es miedoso,novio mío miedoso así,19.0,4.0,4.0,4.0,1.0,21.0,4.0,4.0,4.5,1.0,0.0,1.0,4 palabras
mi novia es miedosa,novio mujer mía miedosa así,19.0,4.0,4.0,4.0,1.0,27.0,5.0,5.0,4.6,1.0,-1.0,1.25,4 palabras
tu tía es miedosa,tío mujer tuya miedosa así,17.0,4.0,4.0,3.5,1.0,26.0,5.0,5.0,4.4,1.0,-1.0,1.25,4 palabras
tu tío es miedoso,tío tuyo miedoso así,17.0,4.0,4.0,3.5,1.0,20.0,4.0,4.0,4.25,1.0,0.0,1.0,4 palabras
tu abuelo es miedoso,abuelo tuyo miedoso así,20.0,4.0,4.0,4.25,1.0,23.0,4.0,4.0,5.0,1.0,0.0,1.0,4 palabras
tu abuela es miedosa,abuelo tuyo mía miedosa así,20.0,4.0,4.0,4.25,1.0,27.0,5.0,5.0,4.6,1.0,-1.0,1.25,4 palabras
tu amigo es miedoso,amigo tuyo miedoso así,19.0,4.0,4.0,4.0,1.0,22.0,4.0,4.0,4.75,1.0,0.0,1.0,4 palabras
tu amiga es miedosa,amigo mujer tuya miedosa así,19.0,4.0,4.0,4.0,1.0,28.0,5.0,5.0,4.8,1.0,-1.0,1.25,4 palabras
tu novio es miedoso,novio tuyo miedoso así,19.0,4.0,4.0,4.0,1.0,22.0,4.0,4.0,4.75,1.0,0.0,1.0,4 palabras
tu novia es miedosa,novio mujer tuya miedosa así,19.0,4.0,4.0,4.0,1.0,28.0,5.0,5.0,4.8,1.0,-1.0,1.25,4 palabras
nuestro amigo es miedoso,amigo nuestro miedoso así,24.0,4.0,4.0,5.25,1.0,25.0,4.0,4.0,5.5,1.0,0.0,1.0,4 palabras
nuestra amiga es miedosa,amigo mujer nuestra miedosa así,24.0,4.0,4.0,5.25,1.0,31.0,5.0,5.0,5.4,1.0,-1.0,1.25,4 palabras
yo estoy apenado,yo apenado,16.0,3.0,3.0,4.666666666666667,1.0,10.0,2.0,2.0,4.5,1.0,1.0,0.6666666666666666,3 palabras
yo estoy apenada,yo apenada,16.0,3.0,3.0,4.666666666666667,1.0,10.0,2.0,2.0,4.5,1.0,1.0,0.6666666666666666,3 palabras
tú estás apenado,tú apenado,16.0,3.0,3.0,4.666666666666667,1.0,10.0,2.0,2.0,4.5,1.0,1.0,0.6666666666666666,3 palabras
él está apenado,él apenado,15.0,3.0,3.0,4.333333333333333,1.0,10.0,2.0,2.0,4.5,1.0,1.0,0.6666666666666666,3 palabras
estamos apenados,nosotros apenados,16.0,2.0,2.0,7.5,1.0,17.0,2.0,2.0,8.0,1.0,0.0,1.0,2 palabras
ellas están apenadas,ellas apenadas,20.0,3.0,3.0,6.0,1.0,14.0,2.0,2.0,6.5,1.0,1.0,0.6666666666666666,3 palabras
ellos están apenados,ellos apenados,20.0,3.0,3.0,6.0,1.0,14.0,2.0,2.0,6.5,1.0,1.0,0.6666666666666666,3 palabras
ustedes están apenados,ustedes apenados,22.0,3.0,3.0,6.666666666666667,1.0,16.0,2.0,2.0,7.5,1.0,1.0,0.6666666666666666,3 palabras
mi mamá está apenada,mamá mía apenada,20.0,4.0,4.0,4.25,1.0,16.0,3.0,3.0,4.666666666666667,1.0,1.0,0.75,4 palabras
mi papá está apenado,papá mío apenado,20.0,4.0,4.0,4.25,1.0,16.0,3.0,3.0,4.666666666666667,1.0,1.0,0.75,4 palabras
las niñas están apenadas,niño mujer ellas apenadas,24.0,4.0,4.0,5.25,1.0,25.0,4.0,4.0,5.5,1.0,0.0,1.0,4 palabras
los niños están apenados,niño ellos apenados,24.0,4.0,4.0,5.25,1.0,19.0,3.0,3.0,5.666666666666667,1.0,1.0,0.75,4 palabras
mi tía está apenada,tía mía apenada,19.0,4.0,4.0,4.0,1.0,15.0,3.0,3.0,4.333333333333333,1.0,1.0,0.75,4 palabras
mi tío está apenado,tío mío apenado,19.0,4.0,4.0,4.0,1.0,15.0,3.0,3.0,4.333333333333333,1.0,1.0,0.75,4 palabras
mi abuelo está apenado,abuelo mío apenado,22.0,4.0,4.0,4.75,1.0,18.0,3.0,3.0,5.333333333333333,1.0,1.0,0.75,4 palabras
mi abuela está apenado,abuelo mujer mía apenada,22.0,4.0,4.0,4.75,1.0,24.0,4.0,4.0,5.25,1.0,0.0,1.0,4 palabras
mi amigo está apenado,amigo mío apenado,21.0,4.0,4.0,4.5,1.0,17.0,3.0,3.0,5.0,1.0,1.0,0.75,4 palabras
mi hermano está apenado,hermano mío apenado,23.0,4.0,4.0,5.0,1.0,19.0,3.0,3.0,5.666666666666667,1.0,1.0,0.75,4 palabras
mi amiga está apenada,amigo mujer mía apenada,21.0,4.0,4.0,4.5,1.0,23.0,4.0,4.0,5.0,1.0,0.0,1.0,4 palabras
mi novio está apenado,novio mío apenado,21.0,4.0,4.0,4.5,1.0,17.0,3.0,3.0,5.0,1.0,1.0,0.75,4 palabras
mi novia está apenada,novio mujer mía apenada,21.0,4.0,4.0,4.5,1.0,23.0,4.0,4.0,5.0,1.0,0.0,1.0,4 palabras
tu tía está apenada,tío mujer tuya apenada,19.0,4.0,4.0,4.0,1.0,22.0,4.0,4.0,4.75,1.0,0.0,1.0,4 palabras
tu tío está apenado,tío tuyo apenado,19.0,4.0,4.0,4.0,1.0,16.0,3.0,3.0,4.666666666666667,1.0,1.0,0.75,4 palabras
tu abuelo está apenado,abuelo tuyo apenado,22.0,4.0,4.0,4.75,1.0,19.0,3.0,3.0,5.666666666666667,1.0,1.0,0.75,4 palabras
tu abuela está apenada,abuelo mujer tuya apenada,22.0,4.0,4.0,4.75,1.0,25.0,4.0,4.0,5.5,1.0,0.0,1.0,4 palabras
tu amigo está apenado,amigo tuyo apenado,21.0,4.0,4.0,4.5,1.0,18.0,3.0,3.0,5.333333333333333,1.0,1.0,0.75,4 palabras
tu amiga está apenada,amigo mujer tuya apenada,21.0,4.0,4.0,4.5,1.0,24.0,4.0,4.0,5.25,1.0,0.0,1.0,4 palabras
tu novio está apenado,novio tuyo apenado,21.0,4.0,4.0,4.5,1.0,18.0,3.0,3.0,5.333333333333333,1.0,1.0,0.75,4 palabras
tu novia está apenada,novio mujer tuya apenada,21.0,4.0,4.0,4.5,1.0,24.0,4.0,4.0,5.25,1.0,0.0,1.0,4 palabras
nuestro amigo está apenado,amigo nuestro apenado,26.0,4.0,4.0,5.75,1.0,21.0,3.0,3.0,6.333333333333333,1.0,1.0,0.75,4 palabras
nuestra amiga está apenada,amigo mujer nuestra apenada,26.0,4.0,4.0,5.75,1.0,27.0,4.0,4.0,6.0,1.0,0.0,1.0,4 palabras
yo estoy triste,yo triste,15.0,3.0,3.0,4.333333333333333,1.0,9.0,2.0,2.0,4.0,1.0,1.0,0.6666666666666666,3 palabras
tú estás triste,tú triste,15.0,3.0,3.0,4.333333333333333,1.0,9.0,2.0,2.0,4.0,1.0,1.0,0.6666666666666666,3 palabras
él está triste,él triste,14.0,3.0,3.0,4.0,1.0,9.0,2.0,2.0,4.0,1.0,1.0,0.6666666666666666,3 palabras
estamos tristes,nosotros tristes,15.0,2.0,2.0,7.0,1.0,16.0,2.0,2.0,7.5,1.0,0.0,1.0,2 palabras
ellas están tristes,ellas tristes,19.0,3.0,3.0,5.666666666666667,1.0,13.0,2.0,2.0,6.0,1.0,1.0,0.6666666666666666,3 palabras
ellos están tristes,ellos tristes,19.0,3.0,3.0,5.666666666666667,1.0,13.0,2.0,2.0,6.0,1.0,1.0,0.6666666666666666,3 palabras
ustedes están tristes,ustedes tristes,21.0,3.0,3.0,6.333333333333333,1.0,15.0,2.0,2.0,7.0,1.0,1.0,0.6666666666666666,3 palabras
mi mamá está triste,mamá mía triste,19.0,4.0,4.0,4.0,1.0,15.0,3.0,3.0,4.333333333333333,1.0,1.0,0.75,4 palabras
mi papá está triste,papá mío triste,19.0,4.0,4.0,4.0,1.0,15.0,3.0,3.0,4.333333333333333,1.0,1.0,0.75,4 palabras
las niñas están tristes,niño mujer ellas tristes,23.0,4.0,4.0,5.0,1.0,24.0,4.0,4.0,5.25,1.0,0.0,1.0,4 palabras
los niños están tristes,niño ellos tristes,23.0,4.0,4.0,5.0,1.0,18.0,3.0,3.0,5.333333333333333,1.0,1.0,0.75,4 palabras
mi tía está triste,tía mía triste,18.0,4.0,4.0,3.75,1.0,14.0,3.0,3.0,4.0,1.0,1.0,0.75,4 palabras
mi tío está triste,tío mío triste,18.0,4.0,4.0,3.75,1.0,14.0,3.0,3.0,4.0,1.0,1.0,0.75,4 palabras
mi abuelo está triste,abuelo mío triste,21.0,4.0,4.0,4.5,1.0,17.0,3.0,3.0,5.0,1.0,1.0,0.75,4 palabras
mi abuela está triste,abuelo mujer mía triste,21.0,4.0,4.0,4.5,1.0,23.0,4.0,4.0,5.0,1.0,0.0,1.0,4 palabras
mi amigo está triste,amigo mío triste,20.0,4.0,4.0,4.25,1.0,16.0,3.0,3.0,4.666666666666667,1.0,1.0,0.75,4 palabras
mi hermano está triste,hermano mío triste,22.0,4.0,4.0,4.75,1.0,18.0,3.0,3.0,5.333333333333333,1.0,1.0,0.75,4 palabras
mi amiga está triste,amigo mujer mía triste,20.0,4.0,4.0,4.25,1.0,22.0,4.0,4.0,4.75,1.0,0.0,1.0,4 palabras
mi novio está triste,novio mío triste,20.0,4.0,4.0,4.25,1.0,16.0,3.0,3.0,4.666666666666667,1.0,1.0,0.75,4 palabras
mi novia está triste,novio mujer mía triste,20.0,4.0,4.0,4.25,1.0,22.0,4.0,4.0,4.75,1.0,0.0,1.0,4 palabras
tu tía está triste,tío mujer tuya triste,18.0,4.0,4.0,3.75,1.0,21.0,4.0,4.0,4.5,1.0,0.0,1.0,4 palabras
tu tío está triste,tío tuyo triste,18.0,4.0,4.0,3.75,1.0,15.0,3.0,3.0,4.333333333333333,1.0,1.0,0.75,4 palabras
tu abuelo está triste,abuelo tuyo triste,21.0,4.0,4.0,4.5,1.0,18.0,3.0,3.0,5.333333333333333,1.0,1.0,0.75,4 palabras
tu abuela está triste,abuelo mujer tuya triste,21.0,4.0,4.0,4.5,1.0,24.0,4.0,4.0,5.25,1.0,0.0,1.0,4 palabras
tu amigo está triste,amigo tuyo triste,20.0,4.0,4.0,4.25,1.0,17.0,3.0,3.0,5.0,1.0,1.0,0.75,4 palabras
tu amiga está triste,amigo mujer tuya triste,20.0,4.0,4.0,4.25,1.0,23.0,4.0,4.0,5.0,1.0,0.0,1.0,4 palabras
tu novio está triste,novio tuyo triste,20.0,4.0,4.0,4.25,1.0,17.0,3.0,3.0,5.0,1.0,1.0,0.75,4 palabras
tu novia está triste,novio mujer tuya triste,20.0,4.0,4.0,4.25,1.0,23.0,4.0,4.0,5.0,1.0,0.0,1.0,4 palabras
nuestro amigo está triste,amigo nuestro triste,25.0,4.0,4.0,5.5,1.0,20.0,3.0,3.0,6.0,1.0,1.0,0.75,4 palabras
nuestra amiga está triste,amigo mujer nuestra triste,25.0,4.0,4.0,5.5,1.0,26.0,4.0,4.0,5.75,1.0,0.0,1.0,4 palabras
yo soy tímido,yo tímido así,13.0,3.0,3.0,3.6666666666666665,1.0,13.0,3.0,3.0,3.6666666666666665,1.0,0.0,1.0,3 palabras
tú eres tímido,tú tímido así,14.0,3.0,3.0,4.0,1.0,13.0,3.0,3.0,3.6666666666666665,1.0,0.0,1.0,3 palabras
él es tímido,él tímido así,12.0,3.0,3.0,3.3333333333333335,1.0,13.0,3.0,3.0,3.6666666666666665,1.0,0.0,1.0,3 palabras
ella es tímida,ella tímida así,14.0,3.0,3.0,4.0,1.0,15.0,3.0,3.0,4.333333333333333,1.0,0.0,1.0,3 palabras
ustedes son tímidos,ustedes tímidos así,19.0,3.0,3.0,5.666666666666667,1.0,19.0,3.0,3.0,5.666666666666667,1.0,0.0,1.0,3 palabras
nosotros somos tímidos,nosotros tímidos así,22.0,3.0,3.0,6.666666666666667,1.0,20.0,3.0,3.0,6.0,1.0,0.0,1.0,3 palabras
ellos son tímidos,ellos tímidos así,17.0,3.0,3.0,5.0,1.0,17.0,3.0,3.0,5.0,1.0,0.0,1.0,3 palabras
ellas son tímidas,ellas tímidas así,17.0,3.0,3.0,5.0,1.0,17.0,3.0,3.0,5.0,1.0,0.0,1.0,3 palabras
ustedes son tímidos,ustedes tímidos así,19.0,3.0,3.0,5.666666666666667,1.0,19.0,3.0,3.0,5.666666666666667,1.0,0.0,1.0,3 palabras
ustedes son tímidos,ustedes tímidos así,19.0,3.0,3.0,5.666666666666667,1.0,19.0,3.0,3.0,5.666666666666667,1.0,0.0,1.0,3 palabras
la niña es tímida,niño mujer tímida así,17.0,4.0,4.0,3.5,1.0,21.0,4.0,4.0,4.5,1.0,0.0,1.0,4 palabras
los niños son enojones,niño ellos enojones así,22.0,4.0,4.0,4.75,1.0,23.0,4.0,4.0,5.0,1.0,0.0,1.0,4 palabras
las niñas son tímidas,niño mujer ellas tímidas así,21.0,4.0,4.0,4.5,1.0,28.0,5.0,5.0,4.8,1.0,-1.0,1.25,4 palabras
el niño es tímido,niño tímido así,17.0,4.0,4.0,3.5,1.0,15.0,3.0,3.0,4.333333333333333,1.0,1.0,0.75,4 palabras
mi mamá es tímida,mamá mía tímida así,17.0,4.0,4.0,3.5,1.0,19.0,4.0,4.0,4.0,1.0,0.0,1.0,4 palabras
mi papá es tímido,papá mío tímido así,17.0,4.0,4.0,3.5,1.0,19.0,4.0,4.0,4.0,1.0,0.0,1.0,4 palabras
mi tía es tímida,tío mujer mía tímida así,16.0,4.0,4.0,3.25,1.0,24.0,5.0,5.0,4.0,1.0,-1.0,1.25,4 palabras
mi tío es tímido,tío mío tímido así,16.0,4.0,4.0,3.25,1.0,18.0,4.0,4.0,3.75,1.0,0.0,1.0,4 palabras
mi abuela es tímida,abuelo mujer mía tímida así,19.0,4.0,4.0,4.0,1.0,27.0,5.0,5.0,4.6,1.0,-1.0,1.25,4 palabras
mi abuelo es tímido,abuelo mío tímido así,19.0,4.0,4.0,4.0,1.0,21.0,4.0,4.0,4.5,1.0,0.0,1.0,4 palabras
mi amigo es tímido,amigo mío tímido así,18.0,4.0,4.0,3.75,1.0,20.0,4.0,4.0,4.25,1.0,0.0,1.0,4 palabras
mi amiga es tímida,amigo mujer tímida así,18.0,4.0,4.0,3.75,1.0,22.0,4.0,4.0,4.75,1.0,0.0,1.0,4 palabras
tu mamá es tímida,mamá tuya tímida así,17.0,4.0,4.0,3.5,1.0,20.0,4.0,4.0,4.25,1.0,0.0,1.0,4 palabras
tu papá es tímido,papá tuyo tímido así,17.0,4.0,4.0,3.5,1.0,20.0,4.0,4.0,4.25,1.0,0.0,1.0,4 palabras
tu tía es tímida,tío mujer tuya tímida así,16.0,4.0,4.0,3.25,1.0,25.0,5.0,5.0,4.2,1.0,-1.0,1.25,4 palabras
tu amiga es tímida,amiga tuya tímida así,18.0,4.0,4.0,3.75,1.0,21.0,4.0,4.0,4.5,1.0,0.0,1.0,4 palabras
tu amigo es tímido,amigo tuyo tímido así,18.0,4.0,4.0,3.75,1.0,21.0,4.0,4.0,4.5,1.0,0.0,1.0,4 palabras
tu tío es tímido,tío tuyo tímido así,16.0,4.0,4.0,3.25,1.0,19.0,4.0,4.0,4.0,1.0,0.0,1.0,4 palabras
tu abuela es tímida,abuelo mujer tuya tímida así,19.0,4.0,4.0,4.0,1.0,28.0,5.0,5.0,4.8,1.0,-1.0,1.25,4 palabras
tu abuelo es tímido,abuelo tuyo tímido así,19.0,4.0,4.0,4.0,1.0,22.0,4.0,4.0,4.75,1.0,0.0,1.0,4 palabras
tu prima es tímida,primo mujer tuya tímida así,18.0,4.0,4.0,3.75,1.0,27.0,5.0,5.0,4.6,1.0,-1.0,1.25,4 palabras
tu primo es tímido,primo tuyo tímido así,18.0,4.0,4.0,3.75,1.0,21.0,4.0,4.0,4.5,1.0,0.0,1.0,4 palabras
yo estoy preocupado,yo preocupado,19.0,3.0,3.0,5.666666666666667,1.0,13.0,2.0,2.0,6.0,1.0,1.0,0.6666666666666666,3 palabras
tú estás preocupado,tú preocupado,19.0,3.0,3.0,5.666666666666667,1.0,13.0,2.0,2.0,6.0,1.0,1.0,0.6666666666666666,3 palabras
él está preocupado,él preocupado,18.0,3.0,3.0,5.333333333333333,1.0,13.0,2.0,2.0,6.0,1.0,1.0,0.6666666666666666,3 palabras
estamos preocupados,nosotros preocupados,19.0,2.0,2.0,9.0,1.0,20.0,2.0,2.0,9.5,1.0,0.0,1.0,2 palabras
ellas están preocupadas,ellas preocupadas,23.0,3.0,3.0,7.0,1.0,17.0,2.0,2.0,8.0,1.0,1.0,0.6666666666666666,3 palabras
ellos están preocupados,ellos preocupados,23.0,3.0,3.0,7.0,1.0,17.0,2.0,2.0,8.0,1.0,1.0,0.6666666666666666,3 palabras
ustedes están preocupados,ustedes preocupados,25.0,3.0,3.0,7.666666666666667,1.0,19.0,2.0,2.0,9.0,1.0,1.0,0.6666666666666666,3 palabras
mi mamá está preocupada,mamá mía preocupada,23.0,4.0,4.0,5.0,1.0,19.0,3.0,3.0,5.666666666666667,1.0,1.0,0.75,4 palabras
mi papá está preocupado,papá mío preocupado,23.0,4.0,4.0,5.0,1.0,19.0,3.0,3.0,5.666666666666667,1.0,1.0,0.75,4 palabras
las niñas están preocupadas,niño mujer ellas preocupadas,27.0,4.0,4.0,6.0,1.0,28.0,4.0,4.0,6.25,1.0,0.0,1.0,4 palabras
los niños están preocupados,niño ellos preocupados,27.0,4.0,4.0,6.0,1.0,22.0,3.0,3.0,6.666666666666667,1.0,1.0,0.75,4 palabras
mi tía está preocupada,tía mía preocupada,22.0,4.0,4.0,4.75,1.0,18.0,3.0,3.0,5.333333333333333,1.0,1.0,0.75,4 palabras
mi tío está preocupado,tío mío preocupado,22.0,4.0,4.0,4.75,1.0,18.0,3.0,3.0,5.333333333333333,1.0,1.0,0.75,4 palabras
mi abuelo está preocupado,abuelo mío preocupado,25.0,4.0,4.0,5.5,1.0,21.0,3.0,3.0,6.333333333333333,1.0,1.0,0.75,4 palabras
mi abuela está preocupado,abuelo mujer mía preocupada,25.0,4.0,4.0,5.5,1.0,27.0,4.0,4.0,6.0,1.0,0.0,1.0,4 palabras
mi amigo está preocupado,amigo mío preocupado,24.0,4.0,4.0,5.25,1.0,20.0,3.0,3.0,6.0,1.0,1.0,0.75,4 palabras
mi hermano está preocupado,hermano mío preocupado,26.0,4.0,4.0,5.75,1.0,22.0,3.0,3.0,6.666666666666667,1.0,1.0,0.75,4 palabras
mi amiga está preocupada,amigo mujer mía preocupada,24.0,4.0,4.0,5.25,1.0,26.0,4.0,4.0,5.75,1.0,0.0,1.0,4 palabras
mi novio está preocupado,novio mío preocupado,24.0,4.0,4.0,5.25,1.0,20.0,3.0,3.0,6.0,1.0,1.0,0.75,4 palabras
mi novia está preocupada,novio mujer mía preocupada,24.0,4.0,4.0,5.25,1.0,26.0,4.0,4.0,5.75,1.0,0.0,1.0,4 palabras
tu tía está preocupada,tío mujer tuya preocupada,22.0,4.0,4.0,4.75,1.0,25.0,4.0,4.0,5.5,1.0,0.0,1.0,4 palabras
tu tío está preocupado,tío tuyo preocupado,22.0,4.0,4.0,4.75,1.0,19.0,3.0,3.0,5.666666666666667,1.0,1.0,0.75,4 palabras
tu abuelo está preocupado,abuelo tuyo preocupado,25.0,4.0,4.0,5.5,1.0,22.0,3.0,3.0,6.666666666666667,1.0,1.0,0.75,4 palabras
tu abuela está preocupada,abuelo mujer tuya preocupada,25.0,4.0,4.0,5.5,1.0,28.0,4.0,4.0,6.25,1.0,0.0,1.0,4 palabras
tu amigo está preocupado,amigo tuyo preocupado,24.0,4.0,4.0,5.25,1.0,21.0,3.0,3.0,6.333333333333333,1.0,1.0,0.75,4 palabras
tu amiga está preocupada,amigo mujer tuya preocupada,24.0,4.0,4.0,5.25,1.0,27.0,4.0,4.0,6.0,1.0,0.0,1.0,4 palabras
tu novio está preocupado,novio tuyo preocupado,24.0,4.0,4.0,5.25,1.0,21.0,3.0,3.0,6.333333333333333,1.0,1.0,0.75,4 palabras
tu novia está preocupada,novio mujer tuya preocupada,24.0,4.0,4.0,5.25,1.0,27.0,4.0,4.0,6.0,1.0,0.0,1.0,4 palabras
nuestro amigo está preocupado,amigo nuestro preocupado,29.0,4.0,4.0,6.5,1.0,24.0,3.0,3.0,7.333333333333333,1.0,1.0,0.75,4 palabras
nuestra amiga está preocupada,amigo mujer nuestra preocupada,29.0,4.0,4.0,6.5,1.0,30.0,4.0,4.0,6.75,1.0,0.0,1.0,4 palabras
yo entiendo la lsm,yo lsm entender,18.0,4.0,4.0,3.75,1.0,15.0,3.0,3.0,4.333333333333333,1.0,1.0,0.75,4 palabras
no entiendo las matemáticas,yo matemáticas entender no,27.0,4.0,4.0,6.0,1.0,26.0,4.0,4.0,5.75,1.0,0.0,1.0,4 palabras
tú entiendes el español,tú español entender no,23.0,4.0,4.0,5.0,1.0,22.0,4.0,4.0,4.75,1.0,0.0,1.0,4 palabras
tú no entiendes el árabe,tú árabe entender no,24.0,5.0,5.0,4.0,1.0,20.0,4.0,4.0,4.25,1.0,1.0,0.8,5 palabras
él entiende el alemán,él alemán entender,21.0,4.0,4.0,4.5,1.0,18.0,3.0,3.0,5.333333333333333,1.0,1.0,0.75,4 palabras
él no entiende la lsm,él lsm entender no,21.0,5.0,5.0,3.4,1.0,18.0,4.0,4.0,3.75,1.0,1.0,0.8,5 palabras
entendemos el italiano,nosotros italiano entender,22.0,3.0,3.0,6.666666666666667,1.0,26.0,3.0,3.0,8.0,1.0,0.0,1.0,3 palabras
no entendemos el español,nosotros español entender no,24.0,4.0,4.0,5.25,1.0,28.0,4.0,4.0,6.25,1.0,0.0,1.0,4 palabras
entienden las matemáticas,ellos matemáticas entender,25.0,3.0,3.0,7.666666666666667,1.0,26.0,3.0,3.0,8.0,1.0,0.0,1.0,3 palabras
no entienden el inglés,ellos inglés entender no,22.0,4.0,4.0,4.75,1.0,24.0,4.0,4.0,5.25,1.0,0.0,1.0,4 palabras
ellos entienden el alemán,ellos alemán entender,25.0,4.0,4.0,5.5,1.0,21.0,3.0,3.0,6.333333333333333,1.0,1.0,0.75,4 palabras
ellos no entienden el español,ellos español entender no,29.0,5.0,5.0,5.0,1.0,25.0,4.0,4.0,5.5,1.0,1.0,0.8,5 palabras
ustedes entienden la lsm,ustedes lsm entender,24.0,4.0,4.0,5.25,1.0,20.0,3.0,3.0,6.0,1.0,1.0,0.75,4 palabras
ustedes no entienden el español,ustedes español entender no,31.0,5.0,5.0,5.4,1.0,27.0,4.0,4.0,6.0,1.0,1.0,0.8,5 palabras
mi papá entiende las matemáticas,papá mío matemáticas entender,32.0,5.0,5.0,5.6,1.0,29.0,4.0,4.0,6.5,1.0,1.0,0.8,5 palabras
mi mamá entiende el inglés,mamá mía inglés entender,26.0,5.0,5.0,4.4,1.0,24.0,4.0,4.0,5.25,1.0,1.0,0.8,5 palabras
mi tía entiende el italiano,tío mujer mía lsm entender,27.0,5.0,5.0,4.6,1.0,26.0,5.0,5.0,4.4,1.0,0.0,1.0,5 palabras
mi tío entiende la lsm,tío mío lsm entender,22.0,5.0,5.0,3.6,1.0,20.0,4.0,4.0,4.25,1.0,1.0,0.8,5 palabras
mi amiga entiende el español,amigo mujer mía español entender,28.0,5.0,5.0,4.8,1.0,32.0,5.0,5.0,5.6,1.0,0.0,1.0,5 palabras
mi amiga no entiende el francés,amigo mujer mía francés entender no,31.0,6.0,6.0,4.333333333333333,1.0,35.0,6.0,6.0,5.0,1.0,0.0,1.0,6 palabras
mi tía no entiende el inglés,tío mujer mía inglés entender no,28.0,6.0,6.0,3.8333333333333335,1.0,32.0,6.0,6.0,4.5,1.0,0.0,1.0,6 palabras
mi tío no entiende la ortografía,tío ortografía entender no,32.0,6.0,6.0,4.5,1.0,26.0,4.0,4.0,5.75,1.0,2.0,0.6666666666666666,6 palabras
mi amigo entiende el alemán,amigo mío alemán entender,27.0,5.0,5.0,4.6,1.0,25.0,4.0,4.0,5.5,1.0,1.0,0.8,5 palabras
mi amigo no entiende la lsm,amigo mío lsm entender no,27.0,6.0,6.0,3.6666666666666665,1.0,25.0,5.0,5.0,4.2,1.0,1.0,0.8333333333333334,6 palabras
mi amiga entiende la lsm,amigo mujer mía lsm entender,24.0,5.0,5.0,4.0,1.0,28.0,5.0,5.0,4.8,1.0,0.0,1.0,5 palabras
mi amiga no entiende la lsm,amigo mujer mía lsm entender no,27.0,6.0,6.0,3.6666666666666665,1.0,31.0,6.0,6.0,4.333333333333333,1.0,0.0,1.0,6 palabras
mi novio entiende la lsm,novio mío lsm entender,24.0,5.0,5.0,4.0,1.0,22.0,4.0,4.0,4.75,1.0,1.0,0.8,5 palabras
mi novio no entiende la lsm,novio mío lsm entender no,27.0,6.0,6.0,3.6666666666666665,1.0,25.0,5.0,5.0,4.2,1.0,1.0,0.8333333333333334,6 palabras
mi novia entiende la lsm,novio mujer mía lsm entender no,24.0,5.0,5.0,4.0,1.0,31.0,6.0,6.0,4.333333333333333,1.0,-1.0,1.2,5 palabras
mi novia no entiende la lsm,novio mujer mía lsm entender no,27.0,6.0,6.0,3.6666666666666665,1.0,31.0,6.0,6.0,4.333333333333333,1.0,0.0,1.0,6 palabras
yo entiendo el español,yo español entender,22.0,4.0,4.0,4.75,1.0,19.0,3.0,3.0,5.666666666666667,1.0,1.0,0.75,4 palabras
no entiendo el español,yo español entender no,22.0,4.0,4.0,4.75,1.0,22.0,4.0,4.0,4.75,1.0,0.0,1.0,4 palabras
tú entiendes el español,tú español entender no,23.0,4.0,4.0,5.0,1.0,22.0,4.0,4.0,4.75,1.0,0.0,1.0,4 palabras
tú no entiendes el español,tú español entender no,26.0,5.0,5.0,4.4,1.0,22.0,4.0,4.0,4.75,1.0,1.0,0.8,5 palabras
él entiende el español,él español entender,22.0,4.0,4.0,4.75,1.0,19.0,3.0,3.0,5.666666666666667,1.0,1.0,0.75,4 palabras
él no entiende el español,él español entender no,25.0,5.0,5.0,4.2,1.0,22.0,4.0,4.0,4.75,1.0,1.0,0.8,5 palabras
entendemos el español,nosotros español entender,21.0,3.0,3.0,6.333333333333333,1.0,25.0,3.0,3.0,7.666666666666667,1.0,0.0,1.0,3 palabras
no entendemos el español,nosotros español entender no,24.0,4.0,4.0,5.25,1.0,28.0,4.0,4.0,6.25,1.0,0.0,1.0,4 palabras
entienden el español,ellos español entender,20.0,3.0,3.0,6.0,1.0,22.0,3.0,3.0,6.666666666666667,1.0,0.0,1.0,3 palabras
no entienden el español,ellos español entender no,23.0,4.0,4.0,5.0,1.0,25.0,4.0,4.0,5.5,1.0,0.0,1.0,4 palabras
ellos entienden el español,ellos español entender,26.0,4.0,4.0,5.75,1.0,22.0,3.0,3.0,6.666666666666667,1.0,1.0,0.75,4 palabras
ellos no entienden el español,ellos español entender no,29.0,5.0,5.0,5.0,1.0,25.0,4.0,4.0,5.5,1.0,1.0,0.8,5 palabras
ustedes entienden el español,ustedes español entender,28.0,4.0,4.0,6.25,1.0,24.0,3.0,3.0,7.333333333333333,1.0,1.0,0.75,4 palabras
ustedes no entienden el español,ustedes español entender no,31.0,5.0,5.0,5.4,1.0,27.0,4.0,4.0,6.0,1.0,1.0,0.8,5 palabras
mi papá entiende el español,papá mío español entender,27.0,5.0,5.0,4.6,1.0,25.0,4.0,4.0,5.5,1.0,1.0,0.8,5 palabras
mi mamá entiende el español,mamá mía español entender,27.0,5.0,5.0,4.6,1.0,25.0,4.0,4.0,5.5,1.0,1.0,0.8,5 palabras
mi tía entiende el español,tío mujer mía español entender,26.0,5.0,5.0,4.4,1.0,30.0,5.0,5.0,5.2,1.0,0.0,1.0,5 palabras
mi tío entiende el español,tío mío español entender,26.0,5.0,5.0,4.4,1.0,24.0,4.0,4.0,5.25,1.0,1.0,0.8,5 palabras
mi amiga entiende el español,amigo mujer mía español entender,28.0,5.0,5.0,4.8,1.0,32.0,5.0,5.0,5.6,1.0,0.0,1.0,5 palabras
mi amiga no entiende el español,amigo mujer mía español entender no,31.0,6.0,6.0,4.333333333333333,1.0,35.0,6.0,6.0,5.0,1.0,0.0,1.0,6 palabras
mi tía no entiende el español,tío mujer mía español entender no,29.0,6.0,6.0,4.0,1.0,33.0,6.0,6.0,4.666666666666667,1.0,0.0,1.0,6 palabras
mi tío no entiende el español,tío español entender no,29.0,6.0,6.0,4.0,1.0,23.0,4.0,4.0,5.0,1.0,2.0,0.6666666666666666,6 palabras
mi amigo entiende el español,amigo mío español entender,28.0,5.0,5.0,4.8,1.0,26.0,4.0,4.0,5.75,1.0,1.0,0.8,5 palabras
mi amigo no entiende el español,amigo mío español entender no,31.0,6.0,6.0,4.333333333333333,1.0,29.0,5.0,5.0,5.0,1.0,1.0,0.8333333333333334,6 palabras
mi amiga entiende el español,amigo mujer mía español entender,28.0,5.0,5.0,4.8,1.0,32.0,5.0,5.0,5.6,1.0,0.0,1.0,5 palabras
mi amiga no entiende el español,amigo mujer mía español entender no,31.0,6.0,6.0,4.333333333333333,1.0,35.0,6.0,6.0,5.0,1.0,0.0,1.0,6 palabras
mi novio entiende el español,novio mío español entender,28.0,5.0,5.0,4.8,1.0,26.0,4.0,4.0,5.75,1.0,1.0,0.8,5 palabras
mi novio no entiende el español,novio mío español entender no,31.0,6.0,6.0,4.333333333333333,1.0,29.0,5.0,5.0,5.0,1.0,1.0,0.8333333333333334,6 palabras
mi novia entiende el español,novio mujer mía español entender no,28.0,5.0,5.0,4.8,1.0,35.0,6.0,6.0,5.0,1.0,-1.0,1.2,5 palabras
mi novia no entiende el español,novio mujer mía español entender no,31.0,6.0,6.0,4.333333333333333,1.0,35.0,6.0,6.0,5.0,1.0,0.0,1.0,6 palabras
yo aprendo lsm,yo lsm hablar aprender,14.0,3.0,3.0,4.0,1.0,22.0,4.0,4.0,4.75,1.0,-1.0,1.3333333333333333,3 palabras
tú aprendes lsm,tú lsm aprender,15.0,3.0,3.0,4.333333333333333,1.0,15.0,3.0,3.0,4.333333333333333,1.0,0.0,1.0,3 palabras
él aprende lsm,él lsm aprender,14.0,3.0,3.0,4.0,1.0,15.0,3.0,3.0,4.333333333333333,1.0,0.0,1.0,3 palabras
nosotros aprendemos lsm,nosotros lsm aprender,23.0,3.0,3.0,7.0,1.0,21.0,3.0,3.0,6.333333333333333,1.0,0.0,1.0,3 palabras
ellos aprenden lsm,ellos lsm aprender,18.0,3.0,3.0,5.333333333333333,1.0,18.0,3.0,3.0,5.333333333333333,1.0,0.0,1.0,3 palabras
ellas aprenden lsm,ellas lsm aprender,18.0,3.0,3.0,5.333333333333333,1.0,18.0,3.0,3.0,5.333333333333333,1.0,0.0,1.0,3 palabras
mi mamá aprende lsm,mamá mía lsm aprender,19.0,4.0,4.0,4.0,1.0,21.0,4.0,4.0,4.5,1.0,0.0,1.0,4 palabras
mi papá aprende lsm,papá mío lsm aprender,19.0,4.0,4.0,4.0,1.0,21.0,4.0,4.0,4.5,1.0,0.0,1.0,4 palabras
mi tía aprende lsm,tío mujer mía lsm aprender,18.0,4.0,4.0,3.75,1.0,26.0,5.0,5.0,4.4,1.0,-1.0,1.25,4 palabras
mi tío aprende lsm,tío mío lsm aprender,18.0,4.0,4.0,3.75,1.0,20.0,4.0,4.0,4.25,1.0,0.0,1.0,4 palabras
mi tía aprende lsm,tío mujer mía lsm aprender,18.0,4.0,4.0,3.75,1.0,26.0,5.0,5.0,4.4,1.0,-1.0,1.25,4 palabras
mi primo aprende lsm,primo mío lsm aprender,20.0,4.0,4.0,4.25,1.0,22.0,4.0,4.0,4.75,1.0,0.0,1.0,4 palabras
mi prima aprende lsm,primo mujer mía lsm aprender,20.0,4.0,4.0,4.25,1.0,28.0,5.0,5.0,4.8,1.0,-1.0,1.25,4 palabras
mi abuelo aprende lsm,abuelo mío lsm aprender,21.0,4.0,4.0,4.5,1.0,23.0,4.0,4.0,5.0,1.0,0.0,1.0,4 palabras
mi abuela aprende lsm,abuela mujer mía lsm aprender,21.0,4.0,4.0,4.5,1.0,29.0,5.0,5.0,5.0,1.0,-1.0,1.25,4 palabras
mi sobrino aprende  lsm,sobrino mío lsm aprender,22.0,4.0,4.0,4.75,1.0,24.0,4.0,4.0,5.25,1.0,0.0,1.0,4 palabras
los niños aprenden lsm,niño ellos lsm aprender,22.0,4.0,4.0,4.75,1.0,23.0,4.0,4.0,5.0,1.0,0.0,1.0,4 palabras
las niñas aprenden lsm,niño mujer ellas lsm aprender,22.0,4.0,4.0,4.75,1.0,29.0,5.0,5.0,5.0,1.0,-1.0,1.25,4 palabras
¿lo repites por favor?,¿repetir por favor?,22.0,4.0,4.0,4.25,1.0,19.0,3.0,3.0,5.0,1.0,1.0,0.75,4 palabras
¿lo repites más despacio por favor?,¿repetir despacio por favor?,35.0,6.0,6.0,4.666666666666667,1.0,28.0,4.0,4.0,5.75,1.0,2.0,0.6666666666666666,6 palabras
¿lo repites más lento por favor?,¿repetir lento por favor?,32.0,6.0,6.0,4.166666666666667,1.0,25.0,4.0,4.0,5.0,1.0,2.0,0.6666666666666666,6 palabras
¿lo deletreas más despacio por favor?,¿deletrear despacio por favor?,37.0,6.0,6.0,5.0,1.0,30.0,4.0,4.0,6.25,1.0,2.0,0.6666666666666666,6 palabras
¿podrías hablar más alto por favor?,¿tú hablar más alto poder por favor?,35.0,6.0,6.0,4.666666666666667,1.0,36.0,7.0,7.0,4.0,1.0,-1.0,1.1666666666666667,6 palabras
¿podrías hablar más despacio por favor?,¿tú hablar más despacio poder por favor?,39.0,6.0,6.0,5.333333333333333,1.0,40.0,7.0,7.0,4.571428571428571,1.0,-1.0,1.1666666666666667,6 palabras
permiso por favor,permiso por favor,17.0,3.0,3.0,5.0,1.0,17.0,3.0,3.0,5.0,1.0,0.0,1.0,3 palabras
no grites por favor,tú gritar no porfavor,19.0,4.0,4.0,4.0,1.0,21.0,4.0,4.0,4.5,1.0,0.0,1.0,4 palabras
no griten por favor,ustedes gritar no porfavor,19.0,4.0,4.0,4.0,1.0,26.0,4.0,4.0,5.75,1.0,0.0,1.0,4 palabras
no empujes por favor,tú empujar no por favor,20.0,4.0,4.0,4.25,1.0,23.0,5.0,5.0,3.8,1.0,-1.0,1.25,4 palabras
no empujen por favor,ustedes empujar no por favor,20.0,4.0,4.0,4.25,1.0,28.0,5.0,5.0,4.8,1.0,-1.0,1.25,4 palabras
por favor,por favor,9.0,2.0,2.0,4.0,1.0,9.0,2.0,2.0,4.0,1.0,0.0,1.0,2 palabras
yo estudio en la biblioteca,biblioteca ahí yo estudiar,27.0,5.0,5.0,4.6,1.0,26.0,4.0,4.0,5.75,1.0,1.0,0.8,5 palabras
tú estudias en la biblioteca,biblioteca ahí tú estudiar,28.0,5.0,5.0,4.8,1.0,26.0,4.0,4.0,5.75,1.0,1.0,0.8,5 palabras
él estudia en la biblioteca,biblioteca ahí él estudiar,27.0,5.0,5.0,4.6,1.0,26.0,4.0,4.0,5.75,1.0,1.0,0.8,5 palabras
nosotros estudiamos en la biblioteca,biblioteca ahí nosotros estudiar,36.0,5.0,5.0,6.4,1.0,32.0,4.0,4.0,7.25,1.0,1.0,0.8,5 palabras
ustedes estudian en la biblioteca,biblioteca ahí ustedes estudiar,33.0,5.0,5.0,5.8,1.0,31.0,4.0,4.0,7.0,1.0,1.0,0.8,5 palabras
ellos estudian en la biblioteca,biblioteca ahí ellos estudiar,31.0,5.0,5.0,5.4,1.0,29.0,4.0,4.0,6.5,1.0,1.0,0.8,5 palabras
estudian en la biblioteca,biblioteca ahí ellos (ellas) (ustedes) estudiar,25.0,4.0,4.0,5.5,1.0,47.0,6.0,6.0,6.333333333333333,1.0,-2.0,1.5,4 palabras
ellas estudian en la biblioteca,biblioteca ahí ellas estudiar,31.0,5.0,5.0,5.4,1.0,29.0,4.0,4.0,6.5,1.0,1.0,0.8,5 palabras
mi prima estudia en la biblioteca,biblioteca ahí primo mujer estudiar,33.0,6.0,6.0,4.666666666666667,1.0,35.0,5.0,5.0,6.2,1.0,1.0,0.8333333333333334,6 palabras
mi primo estudia en la biblioteca,biblioteca ahí primo estudiar,33.0,6.0,6.0,4.666666666666667,1.0,29.0,4.0,4.0,6.5,1.0,2.0,0.6666666666666666,6 palabras
mi sobrina estudia en la biblioteca,biblioteca ahí sobrino mujer estudiar,35.0,6.0,6.0,5.0,1.0,37.0,5.0,5.0,6.6,1.0,1.0,0.8333333333333334,6 palabras
el profesor estudia en la biblioteca,biblioteca ahí profesor estudiar,36.0,6.0,6.0,5.166666666666667,1.0,32.0,4.0,4.0,7.25,1.0,2.0,0.6666666666666666,6 palabras
mi novia estudia en la biblioteca,biblioteca ahí novia mía estudiar,33.0,6.0,6.0,4.666666666666667,1.0,33.0,5.0,5.0,5.8,1.0,1.0,0.8333333333333334,6 palabras
mi novio estudia en la biblioteca,biblioteca ahí novio mío estudiar,33.0,6.0,6.0,4.666666666666667,1.0,33.0,5.0,5.0,5.8,1.0,1.0,0.8333333333333334,6 palabras
mi amiga estudia en la biblioteca,biblioteca ahí amigo mujer mía estudiar,33.0,6.0,6.0,4.666666666666667,1.0,39.0,6.0,6.0,5.666666666666667,1.0,0.0,1.0,6 palabras
mi amigo estudia en la biblioteca,biblioteca ahí amigo mío estudiar,33.0,6.0,6.0,4.666666666666667,1.0,33.0,5.0,5.0,5.8,1.0,1.0,0.8333333333333334,6 palabras
estudiaré en la biblioteca mañana,mañana biblioteca ahí yo estudiar,33.0,5.0,5.0,5.8,1.0,33.0,5.0,5.0,5.8,1.0,0.0,1.0,5 palabras
estudiaremos en la biblioteca mañana,mañana biblioteca ahí yo estudiar,36.0,5.0,5.0,6.4,1.0,33.0,5.0,5.0,5.8,1.0,0.0,1.0,5 palabras
estudiarás en la biblioteca mañana,mañana biblioteca ahí tú estudiar,34.0,5.0,5.0,6.0,1.0,33.0,5.0,5.0,5.8,1.0,0.0,1.0,5 palabras
él estudiará en la biblioteca mañana,mañana biblioteca ahí él estudiar,36.0,6.0,6.0,5.166666666666667,1.0,33.0,5.0,5.0,5.8,1.0,1.0,0.8333333333333334,6 palabras
mis amigos estudiarán en la biblioteca mañana,mañana biblioteca ahí amigos ellos estudiar,45.0,7.0,7.0,5.571428571428571,1.0,43.0,6.0,6.0,6.333333333333333,1.0,1.0,0.8571428571428571,≥7 palabras
mis amigas estudiarán en la biblioteca mañana,mañana biblioteca ahí amigos mujeres ellas estudiar,45.0,7.0,7.0,5.571428571428571,1.0,51.0,7.0,7.0,6.428571428571429,1.0,0.0,1.0,≥7 palabras
mi amiga estudiará en la biblioteca mañana,mañana biblioteca ahí amigo mujer ellas estudiar,42.0,7.0,7.0,5.142857142857143,1.0,48.0,7.0,7.0,6.0,1.0,0.0,1.0,≥7 palabras
mi hermano estudiará en la biblioteca mañana,mañana biblioteca ahí hermano mío estudiar,44.0,7.0,7.0,5.428571428571429,1.0,42.0,6.0,6.0,6.166666666666667,1.0,1.0,0.8571428571428571,≥7 palabras
mi hermana estudiará en la biblioteca mañana,mañana biblioteca ahí hermano mujer mía estudiar,44.0,7.0,7.0,5.428571428571429,1.0,48.0,7.0,7.0,6.0,1.0,0.0,1.0,≥7 palabras
buenas tardes,buenas tardes,13.0,2.0,2.0,6.0,1.0,13.0,2.0,2.0,6.0,1.0,0.0,1.0,2 palabras
hola niño. Buenos días,hola niño. Buenos días,22.0,4.0,4.0,4.5,1.0,22.0,4.0,4.0,4.5,1.0,0.0,1.0,4 palabras
hola niña. Buenos días,hola niña.Buenos días,22.0,4.0,4.0,4.5,1.0,21.0,4.0,4.0,4.5,1.0,0.0,1.0,4 palabras
hola mamá. Buenos días,hola mamá. Buenos días,22.0,4.0,4.0,4.5,1.0,22.0,4.0,4.0,4.5,1.0,0.0,1.0,4 palabras
hola papá. Buenos días,hola papá. Buenos días,22.0,4.0,4.0,4.5,1.0,22.0,4.0,4.0,4.5,1.0,0.0,1.0,4 palabras
hola niño. Buenas tardes,hola niño. Buenas tardes,24.0,4.0,4.0,5.0,1.0,24.0,4.0,4.0,5.0,1.0,0.0,1.0,4 palabras
hola niña. Buenas tardes,hola niña. Buenas tardes,24.0,4.0,4.0,5.0,1.0,24.0,4.0,4.0,5.0,1.0,0.0,1.0,4 palabras
hola mamá. Buenas tardes,hola mamá. Buenas tardes,24.0,4.0,4.0,5.0,1.0,24.0,4.0,4.0,5.0,1.0,0.0,1.0,4 palabras
hola papá. Buenas tardes,hola papá. Buenas tardes,24.0,4.0,4.0,5.0,1.0,24.0,4.0,4.0,5.0,1.0,0.0,1.0,4 palabras
hola niño. Buenas noches,hola niño. Buenas noches,24.0,4.0,4.0,5.0,1.0,24.0,4.0,4.0,5.0,1.0,0.0,1.0,4 palabras
hola niña. Buenas noches,hola niña. Buenas noches,24.0,4.0,4.0,5.0,1.0,24.0,4.0,4.0,5.0,1.0,0.0,1.0,4 palabras
hola mamá. Buenas noches,hola mamá. Buenas noches,24.0,4.0,4.0,5.0,1.0,24.0,4.0,4.0,5.0,1.0,0.0,1.0,4 palabras
hola papá. Buenas noches,hola papá. Buenas noches,24.0,4.0,4.0,5.0,1.0,24.0,4.0,4.0,5.0,1.0,0.0,1.0,4 palabras
"buenas tardes, ¿cómo te llamas?","buenas tardes, tú nombre",31.0,5.0,5.0,4.8,1.0,24.0,4.0,4.0,5.0,1.0,1.0,0.8,5 palabras
"buenas tardes, ¿cuál es tu nombre?","buenas tardes, ¿tú nombre cuál?",34.0,6.0,6.0,4.333333333333333,1.0,31.0,5.0,5.0,4.8,1.0,1.0,0.8333333333333334,6 palabras
"buenas tardes, ¿cómo estás?","buenas tardes, ¿cómo estar tú?",27.0,4.0,4.0,5.25,1.0,30.0,5.0,5.0,4.6,1.0,-1.0,1.25,4 palabras
"buenas tardes, ¿cómo están?","buenas tardes, ¿cómo estar ustedes?",27.0,4.0,4.0,5.25,1.0,35.0,5.0,5.0,5.6,1.0,-1.0,1.25,4 palabras
buenas días,buenos días,11.0,2.0,2.0,5.0,1.0,11.0,2.0,2.0,5.0,1.0,0.0,1.0,2 palabras
"buenos días, ¿cómo estás?","buenos días, ¿cómo estar tú?",25.0,4.0,4.0,4.75,1.0,28.0,5.0,5.0,4.2,1.0,-1.0,1.25,4 palabras
"buenas días, ¿cómo están?","buenas tardes, ¿cómo estar ustedes?",25.0,4.0,4.0,4.75,1.0,35.0,5.0,5.0,5.6,1.0,-1.0,1.25,4 palabras
buenas noches,buenas noches,13.0,2.0,2.0,6.0,1.0,13.0,2.0,2.0,6.0,1.0,0.0,1.0,2 palabras
"buenas noches, ¿cómo estás?","buenas noches, ¿cómo estar tú?",27.0,4.0,4.0,5.25,1.0,30.0,5.0,5.0,4.6,1.0,-1.0,1.25,4 palabras
"buenas noches, ¿cómo están?","buenas noches, ¿cómo estar ustedes?",27.0,4.0,4.0,5.25,1.0,35.0,5.0,5.0,5.6,1.0,-1.0,1.25,4 palabras
quiero aprender lsm,yo lsm aprender querer,19.0,3.0,3.0,5.666666666666667,1.0,22.0,4.0,4.0,4.75,1.0,-1.0,1.3333333333333333,3 palabras
quieres aprender lsm,tú lsm aprender querer,20.0,3.0,3.0,6.0,1.0,22.0,4.0,4.0,4.75,1.0,-1.0,1.3333333333333333,3 palabras
quiere aprender lsm,él lsm aprender querer,19.0,3.0,3.0,5.666666666666667,1.0,22.0,4.0,4.0,4.75,1.0,-1.0,1.3333333333333333,3 palabras
queremos aprender lsm,nosotros lsm aprender querer,21.0,3.0,3.0,6.333333333333333,1.0,28.0,4.0,4.0,6.25,1.0,-1.0,1.3333333333333333,3 palabras
quieren aprender lsm,ellos (as) (ustedes) lsm aprender querer,20.0,3.0,3.0,6.0,1.0,40.0,6.0,6.0,5.166666666666667,1.0,-3.0,2.0,3 palabras
ellos quieren aprender lsm,ellos lsm aprender querer,26.0,4.0,4.0,5.75,1.0,25.0,4.0,4.0,5.5,1.0,0.0,1.0,4 palabras
ellas quieren aprender lsm,ellas lsm aprender querer,26.0,4.0,4.0,5.75,1.0,25.0,4.0,4.0,5.5,1.0,0.0,1.0,4 palabras
ustedes quieren aprender lsm,ustedes lsm aprender querer,28.0,4.0,4.0,6.25,1.0,27.0,4.0,4.0,6.0,1.0,0.0,1.0,4 palabras
mi mamá quiere aprender lsm,mamá mía lsm aprender querer,27.0,5.0,5.0,4.6,1.0,28.0,5.0,5.0,4.8,1.0,0.0,1.0,5 palabras
mi papá quiere aprender lsm,papá mío lsm aprender querer,27.0,5.0,5.0,4.6,1.0,28.0,5.0,5.0,4.8,1.0,0.0,1.0,5 palabras
mi novio quiere aprender lsm,novio mío lsm aprender querer,28.0,5.0,5.0,4.8,1.0,29.0,5.0,5.0,5.0,1.0,0.0,1.0,5 palabras
mi novia quiere aprender lsm,novio mujer mía lsm aprender querer,28.0,5.0,5.0,4.8,1.0,35.0,6.0,6.0,5.0,1.0,-1.0,1.2,5 palabras
mi tía quiere aprender lsm,tío mujer mía lsm aprender querer,26.0,5.0,5.0,4.4,1.0,33.0,6.0,6.0,4.666666666666667,1.0,-1.0,1.2,5 palabras
mi tío quiere aprender lsm,tío mío lsm aprender querer,26.0,5.0,5.0,4.4,1.0,27.0,5.0,5.0,4.6,1.0,0.0,1.0,5 palabras
mi abuela quiere aprender lsm,abuelo mujer mía lsm aprender querer,29.0,5.0,5.0,5.0,1.0,36.0,6.0,6.0,5.166666666666667,1.0,-1.0,1.2,5 palabras
mi abuelo quiere aprender lsm,abuelo mío lsm aprender querer,29.0,5.0,5.0,5.0,1.0,30.0,5.0,5.0,5.2,1.0,0.0,1.0,5 palabras
mi prima quiere aprender lsm,primo mujer mía lsm aprender querer,28.0,5.0,5.0,4.8,1.0,35.0,6.0,6.0,5.0,1.0,-1.0,1.2,5 palabras
mi primo quiere aprender lsm,primo mío lsm aprender querer,28.0,5.0,5.0,4.8,1.0,29.0,5.0,5.0,5.0,1.0,0.0,1.0,5 palabras
mi sobrina quiere aprender lsm,sobrino mujer mía lsm aprender querer,30.0,5.0,5.0,5.2,1.0,37.0,6.0,6.0,5.333333333333333,1.0,-1.0,1.2,5 palabras
mi sobrino quiere aprender lsm,sobrino mío lsm aprender querer,30.0,5.0,5.0,5.2,1.0,31.0,5.0,5.0,5.4,1.0,0.0,1.0,5 palabras
mi hermana quiere aprender lsm,hermano mujer mía lsm aprender querer,30.0,5.0,5.0,5.2,1.0,37.0,6.0,6.0,5.333333333333333,1.0,-1.0,1.2,5 palabras
mi hermano quiere aprender lsm,hermano mío lsm aprender querer,30.0,5.0,5.0,5.2,1.0,31.0,5.0,5.0,5.4,1.0,0.0,1.0,5 palabras
tu mamá quiere aprender lsm,mamá tuya lsm aprender querer,27.0,5.0,5.0,4.6,1.0,29.0,5.0,5.0,5.0,1.0,0.0,1.0,5 palabras
tu papá quiere aprender lsm,papá tuyo lsm aprender querer,27.0,5.0,5.0,4.6,1.0,29.0,5.0,5.0,5.0,1.0,0.0,1.0,5 palabras
tu novio quiere aprender lsm,novio tuyo lsm aprender querer,28.0,5.0,5.0,4.8,1.0,30.0,5.0,5.0,5.2,1.0,0.0,1.0,5 palabras
tu novia quiere aprender lsm,novio mujer tuya lsm aprender querer,28.0,5.0,5.0,4.8,1.0,36.0,6.0,6.0,5.166666666666667,1.0,-1.0,1.2,5 palabras
tu tía quiere aprender lsm,tío mujer tuya lsm aprender querer,26.0,5.0,5.0,4.4,1.0,34.0,6.0,6.0,4.833333333333333,1.0,-1.0,1.2,5 palabras
tu tío quiere aprender lsm,tío tuyo lsm aprender querer,26.0,5.0,5.0,4.4,1.0,28.0,5.0,5.0,4.8,1.0,0.0,1.0,5 palabras
tu abuela quiere aprender lsm,abuelo mujer tuya lsm aprender querer,29.0,5.0,5.0,5.0,1.0,37.0,6.0,6.0,5.333333333333333,1.0,-1.0,1.2,5 palabras
tu abuelo quiere aprender lsm,abuelo tuyo lsm aprender querer,29.0,5.0,5.0,5.0,1.0,31.0,5.0,5.0,5.4,1.0,0.0,1.0,5 palabras
tu prima quiere aprender lsm,primo mujer tuya lsm aprender querer,28.0,5.0,5.0,4.8,1.0,36.0,6.0,6.0,5.166666666666667,1.0,-1.0,1.2,5 palabras
tu primo quiere aprender lsm,primo tuyo lsm aprender querer,28.0,5.0,5.0,4.8,1.0,30.0,5.0,5.0,5.2,1.0,0.0,1.0,5 palabras
tu sobrina quiere aprender lsm,sobrino mujer tuya lsm aprender querer,30.0,5.0,5.0,5.2,1.0,38.0,6.0,6.0,5.5,1.0,-1.0,1.2,5 palabras
tu sobrino quiere aprender lsm,sobrino tuyo lsm aprender querer,30.0,5.0,5.0,5.2,1.0,32.0,5.0,5.0,5.6,1.0,0.0,1.0,5 palabras
tu hermana quiere aprender lsm,hermano mujer tuya lsm aprender querer,30.0,5.0,5.0,5.2,1.0,38.0,6.0,6.0,5.5,1.0,-1.0,1.2,5 palabras
tu hermano quiere aprender lsm,hermano tuyo lsm aprender querer,30.0,5.0,5.0,5.2,1.0,32.0,5.0,5.0,5.6,1.0,0.0,1.0,5 palabras
yo estoy confundido,yo confundido,19.0,3.0,3.0,5.666666666666667,1.0,13.0,2.0,2.0,6.0,1.0,1.0,0.6666666666666666,3 palabras
tú estás confundido,tú confundido,19.0,3.0,3.0,5.666666666666667,1.0,13.0,2.0,2.0,6.0,1.0,1.0,0.6666666666666666,3 palabras
él está confundido,él confundido,18.0,3.0,3.0,5.333333333333333,1.0,13.0,2.0,2.0,6.0,1.0,1.0,0.6666666666666666,3 palabras
estamos confundidos,nosotros confundidos,19.0,2.0,2.0,9.0,1.0,20.0,2.0,2.0,9.5,1.0,0.0,1.0,2 palabras
ellas están confundidas,ellas confundidas,23.0,3.0,3.0,7.0,1.0,17.0,2.0,2.0,8.0,1.0,1.0,0.6666666666666666,3 palabras
ellos están confundidos,ellos confundidos,23.0,3.0,3.0,7.0,1.0,17.0,2.0,2.0,8.0,1.0,1.0,0.6666666666666666,3 palabras
ustedes están confundidos,ustedes confundidos,25.0,3.0,3.0,7.666666666666667,1.0,19.0,2.0,2.0,9.0,1.0,1.0,0.6666666666666666,3 palabras
mi mamá está confundida,mamá mía confundida,23.0,4.0,4.0,5.0,1.0,19.0,3.0,3.0,5.666666666666667,1.0,1.0,0.75,4 palabras
mi papá está confundido,papá mío confundido,23.0,4.0,4.0,5.0,1.0,19.0,3.0,3.0,5.666666666666667,1.0,1.0,0.75,4 palabras
las niñas están confundidas,niño mujer ellas confundidas,27.0,4.0,4.0,6.0,1.0,28.0,4.0,4.0,6.25,1.0,0.0,1.0,4 palabras
los niños están confundidos,niño ellos confundidos,27.0,4.0,4.0,6.0,1.0,22.0,3.0,3.0,6.666666666666667,1.0,1.0,0.75,4 palabras
mi tía está confundida,tía mía confundida,22.0,4.0,4.0,4.75,1.0,18.0,3.0,3.0,5.333333333333333,1.0,1.0,0.75,4 palabras
mi tío está confundido,tío mío confundido,22.0,4.0,4.0,4.75,1.0,18.0,3.0,3.0,5.333333333333333,1.0,1.0,0.75,4 palabras
mi abuelo está confundido,abuelo mío confundido,25.0,4.0,4.0,5.5,1.0,21.0,3.0,3.0,6.333333333333333,1.0,1.0,0.75,4 palabras
mi abuela está confundido,abuelo mujer mía confundida,25.0,4.0,4.0,5.5,1.0,27.0,4.0,4.0,6.0,1.0,0.0,1.0,4 palabras
mi amigo está confundido,amigo mío confundido,24.0,4.0,4.0,5.25,1.0,20.0,3.0,3.0,6.0,1.0,1.0,0.75,4 palabras
mi hermano está confundido,hermano mío confundido,26.0,4.0,4.0,5.75,1.0,22.0,3.0,3.0,6.666666666666667,1.0,1.0,0.75,4 palabras
mi amiga está confundida,amigo mujer mía confundida,24.0,4.0,4.0,5.25,1.0,26.0,4.0,4.0,5.75,1.0,0.0,1.0,4 palabras
mi novio está confundido,novio mío confundido,24.0,4.0,4.0,5.25,1.0,20.0,3.0,3.0,6.0,1.0,1.0,0.75,4 palabras
mi novia está confundida,novio mujer mía confundida,24.0,4.0,4.0,5.25,1.0,26.0,4.0,4.0,5.75,1.0,0.0,1.0,4 palabras
tu tía está confundida,tío mujer tuya confundida,22.0,4.0,4.0,4.75,1.0,25.0,4.0,4.0,5.5,1.0,0.0,1.0,4 palabras
tu tío está confundido,tío tuyo confundido,22.0,4.0,4.0,4.75,1.0,19.0,3.0,3.0,5.666666666666667,1.0,1.0,0.75,4 palabras
tu abuelo está confundido,abuelo tuyo confundido,25.0,4.0,4.0,5.5,1.0,22.0,3.0,3.0,6.666666666666667,1.0,1.0,0.75,4 palabras
tu abuela está confundida,abuelo mujer tuya confundida,25.0,4.0,4.0,5.5,1.0,28.0,4.0,4.0,6.25,1.0,0.0,1.0,4 palabras
tu amigo está confundido,amigo tuyo confundido,24.0,4.0,4.0,5.25,1.0,21.0,3.0,3.0,6.333333333333333,1.0,1.0,0.75,4 palabras
tu amiga está confundida,amigo mujer tuya confundida,24.0,4.0,4.0,5.25,1.0,27.0,4.0,4.0,6.0,1.0,0.0,1.0,4 palabras
tu novio está confundido,novio tuyo confundido,24.0,4.0,4.0,5.25,1.0,21.0,3.0,3.0,6.333333333333333,1.0,1.0,0.75,4 palabras
tu novia está confundida,novio mujer tuya confundida,24.0,4.0,4.0,5.25,1.0,27.0,4.0,4.0,6.0,1.0,0.0,1.0,4 palabras
nuestro amigo está confundido,amigo nuestro confundido,29.0,4.0,4.0,6.5,1.0,24.0,3.0,3.0,7.333333333333333,1.0,1.0,0.75,4 palabras
nuestra amiga está confundida,amigo mujer nuestra confundida,29.0,4.0,4.0,6.5,1.0,30.0,4.0,4.0,6.75,1.0,0.0,1.0,4 palabras
quiero aprender alemán,yo alemán aprender querer,22.0,3.0,3.0,6.666666666666667,1.0,25.0,4.0,4.0,5.5,1.0,-1.0,1.3333333333333333,3 palabras
quieres aprender árabe,tú árabe aprender querer,22.0,3.0,3.0,6.666666666666667,1.0,24.0,4.0,4.0,5.25,1.0,-1.0,1.3333333333333333,3 palabras
quiere aprender japonés,él japonés aprender querer,23.0,3.0,3.0,7.0,1.0,26.0,4.0,4.0,5.75,1.0,-1.0,1.3333333333333333,3 palabras
queremos aprender matemáticas,nosotros matemáticas aprender querer,29.0,3.0,3.0,9.0,1.0,36.0,4.0,4.0,8.25,1.0,-1.0,1.3333333333333333,3 palabras
quieren aprender a cocinar,ellos (as) (ustedes) cocinar aprender querer,26.0,4.0,4.0,5.75,1.0,44.0,6.0,6.0,5.833333333333333,1.0,-2.0,1.5,4 palabras
ellos quieren aprender a dibujar,ellos dibujar aprender querer,32.0,5.0,5.0,5.6,1.0,29.0,4.0,4.0,6.5,1.0,1.0,0.8,5 palabras
ellas quieren aprender español,ellas español aprender querer,30.0,4.0,4.0,6.75,1.0,29.0,4.0,4.0,6.5,1.0,0.0,1.0,4 palabras
ustedes quieren aprender lsm,ustedes lsm aprender querer,28.0,4.0,4.0,6.25,1.0,27.0,4.0,4.0,6.0,1.0,0.0,1.0,4 palabras
mi mamá quiere aprender alemán,mamá mía alemán aprender querer,30.0,5.0,5.0,5.2,1.0,31.0,5.0,5.0,5.4,1.0,0.0,1.0,5 palabras
mi papá quiere aprender árabe,papá mío árabe aprender querer,29.0,5.0,5.0,5.0,1.0,30.0,5.0,5.0,5.2,1.0,0.0,1.0,5 palabras
mi novio quiere aprender japonés,novio mío japonés aprender querer,32.0,5.0,5.0,5.6,1.0,33.0,5.0,5.0,5.8,1.0,0.0,1.0,5 palabras
mi novia quiere aprender matemáticas,novio mujer mía matemáticas aprender querer,36.0,5.0,5.0,6.4,1.0,43.0,6.0,6.0,6.333333333333333,1.0,-1.0,1.2,5 palabras
mi tía quiere aprender a dibujar,tío mujer mía dibujar aprender querer,32.0,6.0,6.0,4.5,1.0,37.0,6.0,6.0,5.333333333333333,1.0,0.0,1.0,6 palabras
mi tío quiere aprender programación,tío mío programación aprender querer,35.0,5.0,5.0,6.2,1.0,36.0,5.0,5.0,6.4,1.0,0.0,1.0,5 palabras
mi abuela quiere aprender a escribir,abuelo mujer mía escribir aprender querer,36.0,6.0,6.0,5.166666666666667,1.0,41.0,6.0,6.0,6.0,1.0,0.0,1.0,6 palabras
mi abuelo quiere aprender francés,abuelo mío francés aprender querer,33.0,5.0,5.0,5.8,1.0,34.0,5.0,5.0,6.0,1.0,0.0,1.0,5 palabras
mi prima quiere aprender a cocinar,primo mujer mía cocinar aprender querer,34.0,6.0,6.0,4.833333333333333,1.0,39.0,6.0,6.0,5.666666666666667,1.0,0.0,1.0,6 palabras
mi primo quiere aprender a dibujar,primo mío dibujar aprender querer,34.0,6.0,6.0,4.833333333333333,1.0,33.0,5.0,5.0,5.8,1.0,1.0,0.8333333333333334,6 palabras
mi sobrina quiere aprender lsm,sobrino mujer mía lsm aprender querer,30.0,5.0,5.0,5.2,1.0,37.0,6.0,6.0,5.333333333333333,1.0,-1.0,1.2,5 palabras
mi sobrino quiere aprender japonés,sobrino mío japonés aprender querer,34.0,5.0,5.0,6.0,1.0,35.0,5.0,5.0,6.2,1.0,0.0,1.0,5 palabras
mi hermana quiere aprender programación,hermano mujer mía programación aprender querer,39.0,5.0,5.0,7.0,1.0,46.0,6.0,6.0,6.833333333333333,1.0,-1.0,1.2,5 palabras
mi hermano quiere aprender cocinar,hermano mío cocinar aprender querer,34.0,5.0,5.0,6.0,1.0,35.0,5.0,5.0,6.2,1.0,0.0,1.0,5 palabras
tu mamá quiere aprender italiano,mamá tuya itlaliano aprender querer,32.0,5.0,5.0,5.6,1.0,35.0,5.0,5.0,6.2,1.0,0.0,1.0,5 palabras
tu papá quiere aprender alemán,papá tuyo alemán aprender querer,30.0,5.0,5.0,5.2,1.0,32.0,5.0,5.0,5.6,1.0,0.0,1.0,5 palabras
tu novio quiere aprender inglés,novio tuyo inglés aprender querer,31.0,5.0,5.0,5.4,1.0,33.0,5.0,5.0,5.8,1.0,0.0,1.0,5 palabras
tu novia quiere aprender lsm,novio mujer tuya lsm aprender querer,28.0,5.0,5.0,4.8,1.0,36.0,6.0,6.0,5.166666666666667,1.0,-1.0,1.2,5 palabras
tu tía quiere aprender alemán,tío mujer tuya alemán aprender querer,29.0,5.0,5.0,5.0,1.0,37.0,6.0,6.0,5.333333333333333,1.0,-1.0,1.2,5 palabras
tu tío quiere aprender español,tío tuyo español aprender querer,30.0,5.0,5.0,5.2,1.0,32.0,5.0,5.0,5.6,1.0,0.0,1.0,5 palabras
tu abuela quiere aprender a dibujar,abuelo mujer tuya dibujar aprender querer,35.0,6.0,6.0,5.0,1.0,41.0,6.0,6.0,6.0,1.0,0.0,1.0,6 palabras
tu abuelo quiere aprender japonés,abuelo tuyo japonés aprender querer,33.0,5.0,5.0,5.8,1.0,35.0,5.0,5.0,6.2,1.0,0.0,1.0,5 palabras
tu prima quiere aprender matemáticas,primo mujer tuya matemáticas aprender querer,36.0,5.0,5.0,6.4,1.0,44.0,6.0,6.0,6.5,1.0,-1.0,1.2,5 palabras
tu primo quiere aprender español,primo tuyo español aprender querer,32.0,5.0,5.0,5.6,1.0,34.0,5.0,5.0,6.0,1.0,0.0,1.0,5 palabras
tu sobrina quiere aprender inglés,sobrino mujer tuya inglés aprender querer,33.0,5.0,5.0,5.8,1.0,41.0,6.0,6.0,6.0,1.0,-1.0,1.2,5 palabras
tu sobrino quiere aprender a cocinar,sobrino tuyo cocinar aprender querer,36.0,6.0,6.0,5.166666666666667,1.0,36.0,5.0,5.0,6.4,1.0,1.0,0.8333333333333334,6 palabras
tu hermana quiere aprender árabe,hermano mujer tuya árabe aprender querer,32.0,5.0,5.0,5.6,1.0,40.0,6.0,6.0,5.833333333333333,1.0,-1.0,1.2,5 palabras
tu hermano quiere aprender alemán,hermano tuyo alemán aprender querer,33.0,5.0,5.0,5.8,1.0,35.0,5.0,5.0,6.2,1.0,0.0,1.0,5 palabras
yo como pasta en el restaurante,restaurante ahí yo pasta comer,31.0,6.0,6.0,4.333333333333333,1.0,30.0,5.0,5.0,5.2,1.0,1.0,0.8333333333333334,6 palabras
tú comes hamburguesa en el restaurante,restaurante ahí tú hamburguesa comer,38.0,6.0,6.0,5.5,1.0,36.0,5.0,5.0,6.4,1.0,1.0,0.8333333333333334,6 palabras
él come pescado en el restaurante,restaurante ahí él pescado comer,33.0,6.0,6.0,4.666666666666667,1.0,32.0,5.0,5.0,5.6,1.0,1.0,0.8333333333333334,6 palabras
nosotros comemos mariscos en el restaurante,restaurante ahí nosotros mariscos comer,43.0,6.0,6.0,6.333333333333333,1.0,39.0,5.0,5.0,7.0,1.0,1.0,0.8333333333333334,6 palabras
ustedes comen verduras en el restaurante,restaurante ahí ustedes verduras comer,40.0,6.0,6.0,5.833333333333333,1.0,38.0,5.0,5.0,6.8,1.0,1.0,0.8333333333333334,6 palabras
ellos comen pasta en el restaurante,restaurante ahí ellos ensalada comer,35.0,6.0,6.0,5.0,1.0,36.0,5.0,5.0,6.4,1.0,1.0,0.8333333333333334,6 palabras
ellas comen pescado en el restaurante,restaurante ahí ellas pescado comer,37.0,6.0,6.0,5.333333333333333,1.0,35.0,5.0,5.0,6.2,1.0,1.0,0.8333333333333334,6 palabras
mi mamá come pasta en el restaurante,restaurante ahí mamá mía pasta comer,36.0,7.0,7.0,4.285714285714286,1.0,36.0,6.0,6.0,5.166666666666667,1.0,1.0,0.8571428571428571,≥7 palabras
mi papá come papas en el restaurante,restaurante ahí papá mío papas comer,36.0,7.0,7.0,4.285714285714286,1.0,36.0,6.0,6.0,5.166666666666667,1.0,1.0,0.8571428571428571,≥7 palabras
mi hermana come hamburguesa con papas en el restaurante,restaurante hermano mujer mía hamburguesa papas comer,55.0,9.0,9.0,5.222222222222222,1.0,53.0,7.0,7.0,6.714285714285714,1.0,2.0,0.7777777777777778,≥7 palabras
mi hermano come una baguette en la cafetería,cafetería ahí hermano mío baguette comer,44.0,8.0,8.0,4.625,1.0,40.0,6.0,6.0,5.833333333333333,1.0,2.0,0.75,≥7 palabras
mi tía come ensalada en la cafetería,cafetería ahí tío mujer mía ensalada comer,36.0,7.0,7.0,4.285714285714286,1.0,42.0,7.0,7.0,5.142857142857143,1.0,0.0,1.0,≥7 palabras
mi tío toma café en la cafetería,cafetería ahí tío mío café tomar,32.0,7.0,7.0,3.7142857142857144,1.0,32.0,6.0,6.0,4.5,1.0,1.0,0.8571428571428571,≥7 palabras
mi abuelo come una galleta en la cafetería,cafetería ahí abuelo mío una galleta comer,42.0,8.0,8.0,4.375,1.0,42.0,7.0,7.0,5.142857142857143,1.0,1.0,0.875,≥7 palabras
mi abuela come pizza en la cafetería,cafetería ahí abuelo mujer mía pizza comer,36.0,7.0,7.0,4.285714285714286,1.0,42.0,7.0,7.0,5.142857142857143,1.0,0.0,1.0,≥7 palabras
mi novio come hamburguesa con papas en la cafetería,cafetería ahí novio mío hamburguesa papas comer,51.0,9.0,9.0,4.777777777777778,1.0,47.0,7.0,7.0,5.857142857142857,1.0,2.0,0.7777777777777778,≥7 palabras
mi novia come pasta en la cafetería,cafetería ahí novio mujer mío pasta comer,35.0,7.0,7.0,4.142857142857143,1.0,41.0,7.0,7.0,5.0,1.0,0.0,1.0,≥7 palabras
mi amigo come crepas en la cafetería,cafetería ahí amigo mío crepas comer,36.0,7.0,7.0,4.285714285714286,1.0,36.0,6.0,6.0,5.166666666666667,1.0,1.0,0.8571428571428571,≥7 palabras
mi amiga come un hotdog en la cafetería,cafetería amigo mujer mía hotdog comer,39.0,8.0,8.0,4.0,1.0,38.0,6.0,6.0,5.5,1.0,2.0,0.75,≥7 palabras
tu mamá come pizza en la cafetería,cafetería ahí mamá tuya pizza comer,34.0,7.0,7.0,4.0,1.0,35.0,6.0,6.0,5.0,1.0,1.0,0.8571428571428571,≥7 palabras
tu papá come un sandwich en la cafetería,cafetetería ahí papá tuyo sándwich comer,40.0,8.0,8.0,4.125,1.0,40.0,6.0,6.0,5.833333333333333,1.0,2.0,0.75,≥7 palabras
tu hermana come pastel en la cafetería,cafetería ahí hermano mujer tuya pastel comer,38.0,7.0,7.0,4.571428571428571,1.0,45.0,7.0,7.0,5.571428571428571,1.0,0.0,1.0,≥7 palabras
tu hermano come hamburguesa en la cafetería,cafetería ahí hermano tuyo hamburguesa comer,43.0,7.0,7.0,5.285714285714286,1.0,44.0,6.0,6.0,6.5,1.0,1.0,0.8571428571428571,≥7 palabras
tu tía toma una malteada en la cafetería,cafetería ahí tío mujer tuya malteada beber,40.0,8.0,8.0,4.125,1.0,43.0,7.0,7.0,5.285714285714286,1.0,1.0,0.875,≥7 palabras
tu tío toma un café en la cafetería,cafetería tío tuyo café beber,35.0,8.0,8.0,3.5,1.0,29.0,5.0,5.0,5.0,1.0,3.0,0.625,≥7 palabras
tu abuelo come ensalada en la cafetería,cafetería ahí abuelo tuyo ensalada comer,39.0,7.0,7.0,4.714285714285714,1.0,40.0,6.0,6.0,5.833333333333333,1.0,1.0,0.8571428571428571,≥7 palabras
tu abuela come una baguette en la cafetería,cafetería ahí abuelo mujer tuya baguette comer,43.0,8.0,8.0,4.5,1.0,46.0,7.0,7.0,5.714285714285714,1.0,1.0,0.875,≥7 palabras
tu novio come crepas en la cafetería,cafetería ahí novio tuyo crepas comer,36.0,7.0,7.0,4.285714285714286,1.0,37.0,6.0,6.0,5.333333333333333,1.0,1.0,0.8571428571428571,≥7 palabras
tu novia come una hamburguesa con papas en la cafetería,cafetería ahí novio mujer tuya hamburguesa papas comer,55.0,10.0,10.0,4.6,1.0,54.0,8.0,8.0,5.875,1.0,2.0,0.8,≥7 palabras
tu amigo come un pastel en la cafetería,cafetería ahí amigo tuyo pastel  comer,39.0,8.0,8.0,4.0,1.0,37.0,6.0,6.0,5.333333333333333,1.0,2.0,0.75,≥7 palabras
tu amiga come un sándwich en la cafetería,cafetería ahí amigo mujer tuya sándwich comer,41.0,8.0,8.0,4.25,1.0,45.0,7.0,7.0,5.571428571428571,1.0,1.0,0.875,≥7 palabras
estoy bien,bien,10.0,2.0,2.0,4.5,1.0,4.0,1.0,1.0,4.0,1.0,1.0,0.5,2 palabras
estoy mal,mal,9.0,2.0,2.0,4.0,1.0,3.0,1.0,1.0,3.0,1.0,1.0,0.5,2 palabras
estoy masomenos,masomenos,15.0,2.0,2.0,7.0,1.0,9.0,1.0,1.0,9.0,1.0,1.0,0.5,2 palabras
yo estoy bien,yo bien,13.0,3.0,3.0,3.6666666666666665,1.0,7.0,2.0,2.0,3.0,1.0,1.0,0.6666666666666666,3 palabras
tú estás bien,tú bien,13.0,3.0,3.0,3.6666666666666665,1.0,7.0,2.0,2.0,3.0,1.0,1.0,0.6666666666666666,3 palabras
él está bien,él bien,12.0,3.0,3.0,3.3333333333333335,1.0,7.0,2.0,2.0,3.0,1.0,1.0,0.6666666666666666,3 palabras
estamos bien,nosotros bien,12.0,2.0,2.0,5.5,1.0,13.0,2.0,2.0,6.0,1.0,0.0,1.0,2 palabras
ellas están bien,ellas bien,16.0,3.0,3.0,4.666666666666667,1.0,10.0,2.0,2.0,4.5,1.0,1.0,0.6666666666666666,3 palabras
ellos están bien,ellos bien,16.0,3.0,3.0,4.666666666666667,1.0,10.0,2.0,2.0,4.5,1.0,1.0,0.6666666666666666,3 palabras
ustedes están bien,ustedes bien,18.0,3.0,3.0,5.333333333333333,1.0,12.0,2.0,2.0,5.5,1.0,1.0,0.6666666666666666,3 palabras
mi mamá está bien,mamá mía bien,17.0,4.0,4.0,3.5,1.0,13.0,3.0,3.0,3.6666666666666665,1.0,1.0,0.75,4 palabras
mi papá está bien,papá mío bien,17.0,4.0,4.0,3.5,1.0,13.0,3.0,3.0,3.6666666666666665,1.0,1.0,0.75,4 palabras
las niñas están bien,niño mujer ellas bien,20.0,4.0,4.0,4.25,1.0,21.0,4.0,4.0,4.5,1.0,0.0,1.0,4 palabras
los niños están bien,niño ellos bien,20.0,4.0,4.0,4.25,1.0,15.0,3.0,3.0,4.333333333333333,1.0,1.0,0.75,4 palabras
mi tía está bien,tía mía bien,16.0,4.0,4.0,3.25,1.0,12.0,3.0,3.0,3.3333333333333335,1.0,1.0,0.75,4 palabras
mi tío está bien,tío mío bien,16.0,4.0,4.0,3.25,1.0,12.0,3.0,3.0,3.3333333333333335,1.0,1.0,0.75,4 palabras
mi abuelo está bien,abuelo mío bien,19.0,4.0,4.0,4.0,1.0,15.0,3.0,3.0,4.333333333333333,1.0,1.0,0.75,4 palabras
mi abuela está bien,abuelo mujer mía bien,19.0,4.0,4.0,4.0,1.0,21.0,4.0,4.0,4.5,1.0,0.0,1.0,4 palabras
mi amigo está bien,amigo mío bien,18.0,4.0,4.0,3.75,1.0,14.0,3.0,3.0,4.0,1.0,1.0,0.75,4 palabras
mi hermano está bien,hermano mío bien,20.0,4.0,4.0,4.25,1.0,16.0,3.0,3.0,4.666666666666667,1.0,1.0,0.75,4 palabras
mi amiga está bien,amigo mujer mía bien,18.0,4.0,4.0,3.75,1.0,20.0,4.0,4.0,4.25,1.0,0.0,1.0,4 palabras
mi novio está bien,novio mío bien,18.0,4.0,4.0,3.75,1.0,14.0,3.0,3.0,4.0,1.0,1.0,0.75,4 palabras
mi novia está bien,novio mujer mía bien,18.0,4.0,4.0,3.75,1.0,20.0,4.0,4.0,4.25,1.0,0.0,1.0,4 palabras
tu tía está bien,tío mujer tuya bien,16.0,4.0,4.0,3.25,1.0,19.0,4.0,4.0,4.0,1.0,0.0,1.0,4 palabras
tu tío está bien,tío tuyo bien,16.0,4.0,4.0,3.25,1.0,13.0,3.0,3.0,3.6666666666666665,1.0,1.0,0.75,4 palabras
tu abuelo está bien,abuelo tuyo bien,19.0,4.0,4.0,4.0,1.0,16.0,3.0,3.0,4.666666666666667,1.0,1.0,0.75,4 palabras
tu abuela está bien,abuelo mujer tuya bien,19.0,4.0,4.0,4.0,1.0,22.0,4.0,4.0,4.75,1.0,0.0,1.0,4 palabras
tu amigo está bien,amigo tuyo bien,18.0,4.0,4.0,3.75,1.0,15.0,3.0,3.0,4.333333333333333,1.0,1.0,0.75,4 palabras
tu amiga está bien,amigo mujer tuya bien,18.0,4.0,4.0,3.75,1.0,21.0,4.0,4.0,4.5,1.0,0.0,1.0,4 palabras
tu novio está bien,novio tuyo bien,18.0,4.0,4.0,3.75,1.0,15.0,3.0,3.0,4.333333333333333,1.0,1.0,0.75,4 palabras
tu novia está bien,novio mujer tuya bien,18.0,4.0,4.0,3.75,1.0,21.0,4.0,4.0,4.5,1.0,0.0,1.0,4 palabras
nuestro amigo está bien,amigo nuestro bien,23.0,4.0,4.0,5.0,1.0,18.0,3.0,3.0,5.333333333333333,1.0,1.0,0.75,4 palabras
nuestra amiga está bien,amigo mujer nuestra bien,23.0,4.0,4.0,5.0,1.0,24.0,4.0,4.0,5.25,1.0,0.0,1.0,4 palabras
yo estoy mal,yo mal,12.0,3.0,3.0,3.3333333333333335,1.0,6.0,2.0,2.0,2.5,1.0,1.0,0.6666666666666666,3 palabras
tú estás mal,tú mal,12.0,3.0,3.0,3.3333333333333335,1.0,6.0,2.0,2.0,2.5,1.0,1.0,0.6666666666666666,3 palabras
él está mal,él mal,11.0,3.0,3.0,3.0,1.0,6.0,2.0,2.0,2.5,1.0,1.0,0.6666666666666666,3 palabras
estamos mal,nosotros mal,11.0,2.0,2.0,5.0,1.0,12.0,2.0,2.0,5.5,1.0,0.0,1.0,2 palabras
ellas están mal,ellas mal,15.0,3.0,3.0,4.333333333333333,1.0,9.0,2.0,2.0,4.0,1.0,1.0,0.6666666666666666,3 palabras
ellos están mal,ellos mal,15.0,3.0,3.0,4.333333333333333,1.0,9.0,2.0,2.0,4.0,1.0,1.0,0.6666666666666666,3 palabras
ustedes están mal,ustedes mal,17.0,3.0,3.0,5.0,1.0,11.0,2.0,2.0,5.0,1.0,1.0,0.6666666666666666,3 palabras
mi mamá está mal,mamá mía mal,16.0,4.0,4.0,3.25,1.0,12.0,3.0,3.0,3.3333333333333335,1.0,1.0,0.75,4 palabras
mi papá está mal,papá mío mal,16.0,4.0,4.0,3.25,1.0,12.0,3.0,3.0,3.3333333333333335,1.0,1.0,0.75,4 palabras
las niñas están mal,niño mujer ellas mal,19.0,4.0,4.0,4.0,1.0,20.0,4.0,4.0,4.25,1.0,0.0,1.0,4 palabras
los niños están mal,niño ellos mal,19.0,4.0,4.0,4.0,1.0,14.0,3.0,3.0,4.0,1.0,1.0,0.75,4 palabras
mi tía está mal,tía mía mal,15.0,4.0,4.0,3.0,1.0,11.0,3.0,3.0,3.0,1.0,1.0,0.75,4 palabras
mi tío está mal,tío mío mal,15.0,4.0,4.0,3.0,1.0,11.0,3.0,3.0,3.0,1.0,1.0,0.75,4 palabras
mi abuelo está mal,abuelo mío mal,18.0,4.0,4.0,3.75,1.0,14.0,3.0,3.0,4.0,1.0,1.0,0.75,4 palabras
mi abuela está mal,abuelo mujer mía mal,18.0,4.0,4.0,3.75,1.0,20.0,4.0,4.0,4.25,1.0,0.0,1.0,4 palabras
mi amigo está mal,amigo mío mal,17.0,4.0,4.0,3.5,1.0,13.0,3.0,3.0,3.6666666666666665,1.0,1.0,0.75,4 palabras
mi hermano está mal,hermano mío mal,19.0,4.0,4.0,4.0,1.0,15.0,3.0,3.0,4.333333333333333,1.0,1.0,0.75,4 palabras
mi amiga está mal,amigo mujer mía mal,17.0,4.0,4.0,3.5,1.0,19.0,4.0,4.0,4.0,1.0,0.0,1.0,4 palabras
mi novio está mal,novio mío mal,17.0,4.0,4.0,3.5,1.0,13.0,3.0,3.0,3.6666666666666665,1.0,1.0,0.75,4 palabras
mi novia está mal,novio mujer mía mal,17.0,4.0,4.0,3.5,1.0,19.0,4.0,4.0,4.0,1.0,0.0,1.0,4 palabras
tu tía está mal,tío mujer tuya mal,15.0,4.0,4.0,3.0,1.0,18.0,4.0,4.0,3.75,1.0,0.0,1.0,4 palabras
tu tío está mal,tío tuyo mal,15.0,4.0,4.0,3.0,1.0,12.0,3.0,3.0,3.3333333333333335,1.0,1.0,0.75,4 palabras
tu abuelo está mal,abuelo tuyo mal,18.0,4.0,4.0,3.75,1.0,15.0,3.0,3.0,4.333333333333333,1.0,1.0,0.75,4 palabras
tu abuela está mal,abuelo mujer tuya mal,18.0,4.0,4.0,3.75,1.0,21.0,4.0,4.0,4.5,1.0,0.0,1.0,4 palabras
tu amigo está mal,amigo tuyo mal,17.0,4.0,4.0,3.5,1.0,14.0,3.0,3.0,4.0,1.0,1.0,0.75,4 palabras
tu amiga está mal,amigo mujer tuya mal,17.0,4.0,4.0,3.5,1.0,20.0,4.0,4.0,4.25,1.0,0.0,1.0,4 palabras
tu novio está mal,novio tuyo mal,17.0,4.0,4.0,3.5,1.0,14.0,3.0,3.0,4.0,1.0,1.0,0.75,4 palabras
tu novia está mal,novio mujer tuya mal,17.0,4.0,4.0,3.5,1.0,20.0,4.0,4.0,4.25,1.0,0.0,1.0,4 palabras
nuestro amigo está mal,amigo nuestro mal,22.0,4.0,4.0,4.75,1.0,17.0,3.0,3.0,5.0,1.0,1.0,0.75,4 palabras
nuestra amiga está mal,amigo mujer nuestra mal,22.0,4.0,4.0,4.75,1.0,23.0,4.0,4.0,5.0,1.0,0.0,1.0,4 palabras
yo estoy masomenos,yo masomenos,18.0,3.0,3.0,5.333333333333333,1.0,12.0,2.0,2.0,5.5,1.0,1.0,0.6666666666666666,3 palabras
tú estás masomenos,tú masomenos,18.0,3.0,3.0,5.333333333333333,1.0,12.0,2.0,2.0,5.5,1.0,1.0,0.6666666666666666,3 palabras
él está masomenos,él masomenos,17.0,3.0,3.0,5.0,1.0,12.0,2.0,2.0,5.5,1.0,1.0,0.6666666666666666,3 palabras
estamos masomenos,nosotros masomenos,17.0,2.0,2.0,8.0,1.0,18.0,2.0,2.0,8.5,1.0,0.0,1.0,2 palabras
ellas están masomenos,ellas masomenos,21.0,3.0,3.0,6.333333333333333,1.0,15.0,2.0,2.0,7.0,1.0,1.0,0.6666666666666666,3 palabras
ellos están masomenos,ellos masomenos,21.0,3.0,3.0,6.333333333333333,1.0,15.0,2.0,2.0,7.0,1.0,1.0,0.6666666666666666,3 palabras
ustedes están masomenos,ustedes masomenos,23.0,3.0,3.0,7.0,1.0,17.0,2.0,2.0,8.0,1.0,1.0,0.6666666666666666,3 palabras
mi mamá está masomenos,mamá mía masomenos,22.0,4.0,4.0,4.75,1.0,18.0,3.0,3.0,5.333333333333333,1.0,1.0,0.75,4 palabras
mi papá está masomenos,papá mío masomenos,22.0,4.0,4.0,4.75,1.0,18.0,3.0,3.0,5.333333333333333,1.0,1.0,0.75,4 palabras
las niñas están masomenos,niño mujer ellas masomenos,25.0,4.0,4.0,5.5,1.0,26.0,4.0,4.0,5.75,1.0,0.0,1.0,4 palabras
los niños están masomenos,niño ellos masomenos,25.0,4.0,4.0,5.5,1.0,20.0,3.0,3.0,6.0,1.0,1.0,0.75,4 palabras
mi tía está masomenos,tía mía masomenos,21.0,4.0,4.0,4.5,1.0,17.0,3.0,3.0,5.0,1.0,1.0,0.75,4 palabras
mi tío está masomenos,tío mío masomenos,21.0,4.0,4.0,4.5,1.0,17.0,3.0,3.0,5.0,1.0,1.0,0.75,4 palabras
mi abuelo está masomenos,abuelo mío masomenos,24.0,4.0,4.0,5.25,1.0,20.0,3.0,3.0,6.0,1.0,1.0,0.75,4 palabras
mi abuela está masomenos,abuelo mujer mía masomenos,24.0,4.0,4.0,5.25,1.0,26.0,4.0,4.0,5.75,1.0,0.0,1.0,4 palabras
mi amigo está masomenos,amigo mío masomenos,23.0,4.0,4.0,5.0,1.0,19.0,3.0,3.0,5.666666666666667,1.0,1.0,0.75,4 palabras
mi hermano está masomenos,hermano mío masomenos,25.0,4.0,4.0,5.5,1.0,21.0,3.0,3.0,6.333333333333333,1.0,1.0,0.75,4 palabras
mi amiga está masomenos,amigo mujer mía masomenos,23.0,4.0,4.0,5.0,1.0,25.0,4.0,4.0,5.5,1.0,0.0,1.0,4 palabras
mi novio está masomenos,novio mío masomenos,23.0,4.0,4.0,5.0,1.0,19.0,3.0,3.0,5.666666666666667,1.0,1.0,0.75,4 palabras
mi novia está masomenos,novio mujer mía masomenos,23.0,4.0,4.0,5.0,1.0,25.0,4.0,4.0,5.5,1.0,0.0,1.0,4 palabras
tu tía está masomenos,tío mujer tuya masomenos,21.0,4.0,4.0,4.5,1.0,24.0,4.0,4.0,5.25,1.0,0.0,1.0,4 palabras
tu tío está masomenos,tío tuyo masomenos,21.0,4.0,4.0,4.5,1.0,18.0,3.0,3.0,5.333333333333333,1.0,1.0,0.75,4 palabras
tu abuelo está masomenos,abuelo tuyo masomenos,24.0,4.0,4.0,5.25,1.0,21.0,3.0,3.0,6.333333333333333,1.0,1.0,0.75,4 palabras
tu abuela está masomenos,abuelo mujer tuya masomenos,24.0,4.0,4.0,5.25,1.0,27.0,4.0,4.0,6.0,1.0,0.0,1.0,4 palabras
tu amigo está masomenos,amigo tuyo masomenos,23.0,4.0,4.0,5.0,1.0,20.0,3.0,3.0,6.0,1.0,1.0,0.75,4 palabras
tu amiga está masomenos,amigo mujer tuya masomenos,23.0,4.0,4.0,5.0,1.0,26.0,4.0,4.0,5.75,1.0,0.0,1.0,4 palabras
tu novio está masomenos,novio tuyo masomenos,23.0,4.0,4.0,5.0,1.0,20.0,3.0,3.0,6.0,1.0,1.0,0.75,4 palabras
tu novia está masomenos,novio mujer tuya masomenos,23.0,4.0,4.0,5.0,1.0,26.0,4.0,4.0,5.75,1.0,0.0,1.0,4 palabras
nuestro amigo está masomenos,amigo nuestro masomenos,28.0,4.0,4.0,6.25,1.0,23.0,3.0,3.0,7.0,1.0,1.0,0.75,4 palabras
nuestra amiga está masomenos,amigo mujer nuestra masomenos,28.0,4.0,4.0,6.25,1.0,29.0,4.0,4.0,6.5,1.0,0.0,1.0,4 palabras
¿dónde vives?,¿tú vivir dónde?,13.0,2.0,2.0,5.0,1.0,16.0,3.0,3.0,4.0,1.0,-1.0,1.5,2 palabras
¿dónde vive tu mamá?,¿mamá tuya vivir dónde?,20.0,4.0,4.0,3.75,1.0,23.0,4.0,4.0,4.5,1.0,0.0,1.0,4 palabras
¿dónde vive tu papá?,¿papá tuyo vivir dónde?,20.0,4.0,4.0,3.75,1.0,23.0,4.0,4.0,4.5,1.0,0.0,1.0,4 palabras
¿dónde viven tus hermanos?,¿hermano ellos tuyos vivir dónde?,26.0,4.0,4.0,5.25,1.0,33.0,5.0,5.0,5.4,1.0,-1.0,1.25,4 palabras
¿dónde viven tus hermanas?,¿hermano mujer ellas tuyas vivir dónde?,26.0,4.0,4.0,5.25,1.0,39.0,6.0,6.0,5.333333333333333,1.0,-2.0,1.5,4 palabras
¿dónde vive tu abuela?,¿abuelo mujer vivir dónde?,22.0,4.0,4.0,4.25,1.0,26.0,4.0,4.0,5.25,1.0,0.0,1.0,4 palabras
¿dónde vive tu abuelo?,¿abuelo vivir dónde?,22.0,4.0,4.0,4.25,1.0,20.0,3.0,3.0,5.333333333333333,1.0,1.0,0.75,4 palabras
¿dónde vive tu tía?,¿tío mujer tuya vivir dónde?,19.0,4.0,4.0,3.5,1.0,28.0,5.0,5.0,4.4,1.0,-1.0,1.25,4 palabras
¿dónde vive tu tío?,¿tío tuya vivir dónde?,19.0,4.0,4.0,3.5,1.0,22.0,4.0,4.0,4.25,1.0,0.0,1.0,4 palabras
¿dónde vive tu primo?,¿primo tuyo vivir dónde?,21.0,4.0,4.0,4.0,1.0,24.0,4.0,4.0,4.75,1.0,0.0,1.0,4 palabras
¿dónde vive tu prima?,¿primo mujer tuya vivir dónde?,21.0,4.0,4.0,4.0,1.0,30.0,5.0,5.0,4.8,1.0,-1.0,1.25,4 palabras
¿a dónde fuiste ayer?,¿ayer tú ir dónde?,21.0,4.0,4.0,4.0,1.0,18.0,4.0,4.0,3.25,1.0,0.0,1.0,4 palabras
¿a dónde fuiste?,¿pasado tú ir dónde?,16.0,3.0,3.0,4.0,1.0,20.0,4.0,4.0,3.75,1.0,-1.0,1.3333333333333333,3 palabras
¿a dónde fuiste la semana pasada?,¿semana pasada tú ir dónde?,33.0,6.0,6.0,4.333333333333333,1.0,27.0,5.0,5.0,4.2,1.0,1.0,0.8333333333333334,6 palabras
¿a dónde fue ayer?,¿ayer él ir dónde?,18.0,4.0,4.0,3.25,1.0,18.0,4.0,4.0,3.25,1.0,0.0,1.0,4 palabras
¿a dónde fue ayer?,¿ayer ella ir dónde?,18.0,4.0,4.0,3.25,1.0,20.0,4.0,4.0,3.75,1.0,0.0,1.0,4 palabras
¿a dónde fuiste?,¿pasado tú ir dónde?,16.0,3.0,3.0,4.0,1.0,20.0,4.0,4.0,3.75,1.0,-1.0,1.3333333333333333,3 palabras
¿a dónde fueron?,¿pasado ustedes (ellos) (ellas) ir dónde?,16.0,3.0,3.0,4.0,1.0,41.0,6.0,6.0,5.0,1.0,-3.0,2.0,3 palabras
¿a dónde fue tu mamá?,¿pasado mamá tuya ir dónde?,21.0,5.0,5.0,3.0,1.0,27.0,5.0,5.0,4.2,1.0,0.0,1.0,5 palabras
¿a dónde fue tu papá?,¿pasado papá tuya ir dónde?,21.0,5.0,5.0,3.0,1.0,27.0,5.0,5.0,4.2,1.0,0.0,1.0,5 palabras
¿a dónde fue tu hermano?,¿pasado hermano tuya ir dónde?,24.0,5.0,5.0,3.6,1.0,30.0,5.0,5.0,4.8,1.0,0.0,1.0,5 palabras
¿a dónde fue tu hermana?,¿pasado hermano mujer tuya ir dónde?,24.0,5.0,5.0,3.6,1.0,36.0,6.0,6.0,4.833333333333333,1.0,-1.0,1.2,5 palabras
¿a dónde fue tu sobrina?,¿pasado sobrino mujer tuya ir dónde?,24.0,5.0,5.0,3.6,1.0,36.0,6.0,6.0,4.833333333333333,1.0,-1.0,1.2,5 palabras
¿a dónde fue tu sobrino?,¿pasado sobrino mujer tuya ir dónde?,24.0,5.0,5.0,3.6,1.0,36.0,6.0,6.0,4.833333333333333,1.0,-1.0,1.2,5 palabras
¿a dónde fue tu abuela?,¿pasado abuelo mujer tuya ir dónde?,23.0,5.0,5.0,3.4,1.0,35.0,6.0,6.0,4.666666666666667,1.0,-1.0,1.2,5 palabras
¿a dónde fueron la semana pasada?,¿semana pasada ustedes (ellos) (ellas) ir dónde?,33.0,6.0,6.0,4.333333333333333,1.0,48.0,7.0,7.0,5.142857142857143,1.0,-1.0,1.1666666666666667,6 palabras
¿dónde está la biblioteca?,¿biblioteca dónde?,26.0,4.0,4.0,5.25,1.0,18.0,2.0,2.0,7.5,1.0,2.0,0.5,4 palabras
¿dónde está el mercado?,¿mercado dónde?,23.0,4.0,4.0,4.5,1.0,15.0,2.0,2.0,6.0,1.0,2.0,0.5,4 palabras
¿dónde está la iglesia?,¿iglesia dónde?,23.0,4.0,4.0,4.5,1.0,15.0,2.0,2.0,6.0,1.0,2.0,0.5,4 palabras
¿dónde está el restaurante?,¿restaurante dónde?,27.0,4.0,4.0,5.5,1.0,19.0,2.0,2.0,8.0,1.0,2.0,0.5,4 palabras
¿dónde está el centro?,¿centro dónde?,22.0,4.0,4.0,4.25,1.0,14.0,2.0,2.0,5.5,1.0,2.0,0.5,4 palabras
¿dónde está el banco ?,¿banco dónde?,22.0,4.0,4.0,4.0,1.0,13.0,2.0,2.0,5.0,1.0,2.0,0.5,4 palabras
¿dónde está el supermercado ?,¿supermercado dónde?,29.0,4.0,4.0,5.75,1.0,20.0,2.0,2.0,8.5,1.0,2.0,0.5,4 palabras
¿dónde está la panadería?,¿panadería dónde?,25.0,4.0,4.0,5.0,1.0,17.0,2.0,2.0,7.0,1.0,2.0,0.5,4 palabras
¿dónde está la plaza?,¿plaza dónde?,21.0,4.0,4.0,4.0,1.0,13.0,2.0,2.0,5.0,1.0,2.0,0.5,4 palabras
¿dónde está el museo?,¿museo dónde?,21.0,4.0,4.0,4.0,1.0,13.0,2.0,2.0,5.0,1.0,2.0,0.5,4 palabras
¿dónde está el teatro?,¿teatro dónde?,22.0,4.0,4.0,4.25,1.0,14.0,2.0,2.0,5.5,1.0,2.0,0.5,4 palabras
¿dónde está el hospital?,¿hospital dónde?,24.0,4.0,4.0,4.75,1.0,16.0,2.0,2.0,6.5,1.0,2.0,0.5,4 palabras
tu mamá fue al supermercado,pasado mamá tuya supermercado ir,27.0,5.0,5.0,4.6,1.0,32.0,5.0,5.0,5.6,1.0,0.0,1.0,5 palabras
tu papá fue al supermercado,pasado papá tuyo supermercado ir,27.0,5.0,5.0,4.6,1.0,32.0,5.0,5.0,5.6,1.0,0.0,1.0,5 palabras
tu abuela fue a la iglesia,pasado abuelo mujer tuya iglesia ir,26.0,6.0,6.0,3.5,1.0,35.0,6.0,6.0,5.0,1.0,0.0,1.0,6 palabras
tu abuelo fue a la iglesia,pasado abuelo tuyo iglesia ir,26.0,6.0,6.0,3.5,1.0,29.0,5.0,5.0,5.0,1.0,1.0,0.8333333333333334,6 palabras
tu hijo fue a la universidad,¿pasado noche tú hacer qué?,28.0,6.0,6.0,3.8333333333333335,1.0,27.0,5.0,5.0,4.2,1.0,1.0,0.8333333333333334,6 palabras
tu hija fue a la universidad,pasado hijo mujer tuya universidad ir,28.0,6.0,6.0,3.8333333333333335,1.0,37.0,6.0,6.0,5.333333333333333,1.0,0.0,1.0,6 palabras
tu sobrino fue al mercado,pasado sobrino tuyo mercado ir,25.0,5.0,5.0,4.2,1.0,30.0,5.0,5.0,5.2,1.0,0.0,1.0,5 palabras
tu sobrina fue al mercado,pasado sobrino mujer tuya mercado ir,25.0,5.0,5.0,4.2,1.0,36.0,6.0,6.0,5.166666666666667,1.0,-1.0,1.2,5 palabras
mi amiga fue al supermercado,pasado amigo mujer mía supermercado ir,28.0,5.0,5.0,4.8,1.0,38.0,6.0,6.0,5.5,1.0,-1.0,1.2,5 palabras
mi amigo fue al supermercado,pasado amigo mío supermercado ir,28.0,5.0,5.0,4.8,1.0,32.0,5.0,5.0,5.6,1.0,0.0,1.0,5 palabras
mi novio fue a la biblioteca,pasado novio mío biblioteca ir,28.0,6.0,6.0,3.8333333333333335,1.0,30.0,5.0,5.0,5.2,1.0,1.0,0.8333333333333334,6 palabras
mi novia fue a la biblioteca,pasado novio mujer mía biblioteca ir,28.0,6.0,6.0,3.8333333333333335,1.0,36.0,6.0,6.0,5.166666666666667,1.0,0.0,1.0,6 palabras
mi amigo fue al centro,pasado amigo mío centro ir,22.0,5.0,5.0,3.6,1.0,26.0,5.0,5.0,4.4,1.0,0.0,1.0,5 palabras
mi amiga fue al centro,pasado amigo mujer mía centro ir,22.0,5.0,5.0,3.6,1.0,32.0,6.0,6.0,4.5,1.0,-1.0,1.2,5 palabras
yo fui a la universidad,pasado yo universidad ir,23.0,5.0,5.0,3.8,1.0,24.0,4.0,4.0,5.25,1.0,1.0,0.8,5 palabras
él fue a la universidad,pasado él universidad ir,23.0,5.0,5.0,3.8,1.0,24.0,4.0,4.0,5.25,1.0,1.0,0.8,5 palabras
fuimos a la universidad,pasado nosotros universidad ir,23.0,4.0,4.0,5.0,1.0,30.0,4.0,4.0,6.75,1.0,0.0,1.0,4 palabras
fueron a la universidad,pasado ellos (ellas) (ustedes) universidad ir,23.0,4.0,4.0,5.0,1.0,45.0,6.0,6.0,6.0,1.0,-2.0,1.5,4 palabras
fueron a la biblioteca,pasado ellos (ellas) (ustedes) universidad ir,22.0,4.0,4.0,4.75,1.0,45.0,6.0,6.0,6.0,1.0,-2.0,1.5,4 palabras
mi novio fue al restaurante,pasado novio mío restaurante ir,27.0,5.0,5.0,4.6,1.0,31.0,5.0,5.0,5.4,1.0,0.0,1.0,5 palabras
mi novia fue al restaurante,pasado novio mujer mía restaurante ir,27.0,5.0,5.0,4.6,1.0,37.0,6.0,6.0,5.333333333333333,1.0,-1.0,1.2,5 palabras
los niños fueron al museo,pasado niños ellos museo ir,25.0,5.0,5.0,4.2,1.0,27.0,5.0,5.0,4.6,1.0,0.0,1.0,5 palabras
las niñas fueron al museo,pasado niño mujer ellas museo ir,25.0,5.0,5.0,4.2,1.0,32.0,6.0,6.0,4.5,1.0,-1.0,1.2,5 palabras
mi amiga fue al teatro ayer,ayer amigo mujer mía teatro ir,27.0,6.0,6.0,3.6666666666666665,1.0,30.0,6.0,6.0,4.166666666666667,1.0,0.0,1.0,6 palabras
mi amigo fue al teatro ayer,ayer amigo mío teatro ir,27.0,6.0,6.0,3.6666666666666665,1.0,24.0,5.0,5.0,4.0,1.0,1.0,0.8333333333333334,6 palabras
mi mamá fue al hospital ayer,ayer mamá mía hospital ir,28.0,6.0,6.0,3.8333333333333335,1.0,25.0,5.0,5.0,4.2,1.0,1.0,0.8333333333333334,6 palabras
mi papá fue al hospital ayer,ayer papá mío hospital ir,28.0,6.0,6.0,3.8333333333333335,1.0,25.0,5.0,5.0,4.2,1.0,1.0,0.8333333333333334,6 palabras
mi novio irá a la universidad la próxima semana,próxima semana novio mío universidad ir,47.0,9.0,8.0,4.333333333333333,0.8888888888888888,39.0,6.0,6.0,5.666666666666667,1.0,3.0,0.6666666666666666,≥7 palabras
mi novia irá a la universidad la próxima semana,próxima semana novio mujer mía universidad ir,47.0,9.0,8.0,4.333333333333333,0.8888888888888888,45.0,7.0,7.0,5.571428571428571,1.0,2.0,0.7777777777777778,≥7 palabras
mi amigo irá a la universidad la próxima semana,próxima semana amigo mío universidad ir,47.0,9.0,8.0,4.333333333333333,0.8888888888888888,39.0,6.0,6.0,5.666666666666667,1.0,3.0,0.6666666666666666,≥7 palabras
mi amiga irá a la universidad la próxima semana,próxima semana amigo mujer mía universidad ir,47.0,9.0,8.0,4.333333333333333,0.8888888888888888,45.0,7.0,7.0,5.571428571428571,1.0,2.0,0.7777777777777778,≥7 palabras
tu mamá irá al supermercado,futuro mamá tuya supermercado ir,27.0,5.0,5.0,4.6,1.0,32.0,5.0,5.0,5.6,1.0,0.0,1.0,5 palabras
tu papá irá al supermercado,futuro papá tuyo supermercado ir,27.0,5.0,5.0,4.6,1.0,32.0,5.0,5.0,5.6,1.0,0.0,1.0,5 palabras
tu abuela irá la iglesia,futuro abuelo mujer tuya iglesia ir,24.0,5.0,5.0,4.0,1.0,35.0,6.0,6.0,5.0,1.0,-1.0,1.2,5 palabras
tu abuelo irá a la iglesia,futuro abuelo tuyo iglesia ir,26.0,6.0,6.0,3.5,1.0,29.0,5.0,5.0,5.0,1.0,1.0,0.8333333333333334,6 palabras
tu hijo irá la universidad,futuro hijo tuyo universidad ir,26.0,5.0,5.0,4.4,1.0,31.0,5.0,5.0,5.4,1.0,0.0,1.0,5 palabras
tu hija irá la universidad,futuro hijo mujer tuya universidad ir,26.0,5.0,5.0,4.4,1.0,37.0,6.0,6.0,5.333333333333333,1.0,-1.0,1.2,5 palabras
tu abuela irá la iglesia,futuro sobrino tuyo mercado ir,24.0,5.0,5.0,4.0,1.0,30.0,5.0,5.0,5.2,1.0,0.0,1.0,5 palabras
tu sobrina irá al mercado,futuro sobrino mujer tuya mercado ir,25.0,5.0,5.0,4.2,1.0,36.0,6.0,6.0,5.166666666666667,1.0,-1.0,1.2,5 palabras
mi amiga irá al supermercado,futuro amigo mujer mía supermercado ir,28.0,5.0,5.0,4.8,1.0,38.0,6.0,6.0,5.5,1.0,-1.0,1.2,5 palabras
mi amigo irá al supermercado,futuro amigo mío supermercado ir,28.0,5.0,5.0,4.8,1.0,32.0,5.0,5.0,5.6,1.0,0.0,1.0,5 palabras
mi novio irá a la biblioteca,futuro novio mío biblioteca ir,28.0,6.0,6.0,3.8333333333333335,1.0,30.0,5.0,5.0,5.2,1.0,1.0,0.8333333333333334,6 palabras
mi novia irá a la biblioteca,futuro novio mujer mía biblioteca ir,28.0,6.0,6.0,3.8333333333333335,1.0,36.0,6.0,6.0,5.166666666666667,1.0,0.0,1.0,6 palabras
mi amigo irá al centro,futuro amigo mío centro ir,22.0,5.0,5.0,3.6,1.0,26.0,5.0,5.0,4.4,1.0,0.0,1.0,5 palabras
mi amiga irá al centro,futuro amigo mujer mía centro ir,22.0,5.0,5.0,3.6,1.0,32.0,6.0,6.0,4.5,1.0,-1.0,1.2,5 palabras
yo iré a la universidad,futuro yo universidad ir,23.0,5.0,5.0,3.8,1.0,24.0,4.0,4.0,5.25,1.0,1.0,0.8,5 palabras
él irá a la universidad,futuro él universidad ir,23.0,5.0,5.0,3.8,1.0,24.0,4.0,4.0,5.25,1.0,1.0,0.8,5 palabras
iremos a la universidad el próximo año,próximo año nosotros universidad ir,38.0,7.0,7.0,4.571428571428571,1.0,35.0,5.0,5.0,6.2,1.0,2.0,0.7142857142857143,≥7 palabras
irán a la universidad el próximo año,próximo año ellos (ellas) (ustedes) universidad ir,36.0,7.0,7.0,4.285714285714286,1.0,50.0,7.0,7.0,5.714285714285714,1.0,0.0,1.0,≥7 palabras
irán a la biblioteca,futuro ellos (ellas) (ustedes) universidad ir,20.0,4.0,4.0,4.25,1.0,45.0,6.0,6.0,6.0,1.0,-2.0,1.5,4 palabras
mi novio irá al restaurante,futuro novio mío restaurante ir,27.0,5.0,5.0,4.6,1.0,31.0,5.0,5.0,5.4,1.0,0.0,1.0,5 palabras
mi novia irá al restaurante,futuro novio mujer mía restaurante ir,27.0,5.0,5.0,4.6,1.0,37.0,6.0,6.0,5.333333333333333,1.0,-1.0,1.2,5 palabras
los niños irán al museo el próximo viernes,próximo viernes niños ellos museo ir,42.0,8.0,8.0,4.375,1.0,36.0,6.0,6.0,5.166666666666667,1.0,2.0,0.75,≥7 palabras
las niñas irán al museo el próximo viernes,próximo viernes niños mujer ellas museo ir,42.0,8.0,8.0,4.375,1.0,42.0,7.0,7.0,5.142857142857143,1.0,1.0,0.875,≥7 palabras
mi amiga irá al teatro,futuro amigo mujer mía teatro ir,22.0,5.0,5.0,3.6,1.0,32.0,6.0,6.0,4.5,1.0,-1.0,1.2,5 palabras
mi amigo irá al teatro,futuro amigo mío teatro ir,22.0,5.0,5.0,3.6,1.0,26.0,5.0,5.0,4.4,1.0,0.0,1.0,5 palabras
mi novio irá a la universidad la próxima semana,próxima semana novio mío universidad ir,47.0,9.0,8.0,4.333333333333333,0.8888888888888888,39.0,6.0,6.0,5.666666666666667,1.0,3.0,0.6666666666666666,≥7 palabras
mi novia irá a la universidad la próxima semana,próxima semana novio mujer mía universidad ir,47.0,9.0,8.0,4.333333333333333,0.8888888888888888,45.0,7.0,7.0,5.571428571428571,1.0,2.0,0.7777777777777778,≥7 palabras
mi amigo irá a la universidad la próxima semana,próxima semana amigo mío universidad ir,47.0,9.0,8.0,4.333333333333333,0.8888888888888888,39.0,6.0,6.0,5.666666666666667,1.0,3.0,0.6666666666666666,≥7 palabras
mi amiga irá a la universidad la próxima semana,próxima semana amigo mujer mía universidad ir,47.0,9.0,8.0,4.333333333333333,0.8888888888888888,45.0,7.0,7.0,5.571428571428571,1.0,2.0,0.7777777777777778,≥7 palabras
yo estudiaré inglés mañana,mañana yo inglés estudiar,26.0,4.0,4.0,5.75,1.0,25.0,4.0,4.0,5.5,1.0,0.0,1.0,4 palabras
él estudiará inglés mañana,mañana él inglés estudiar,26.0,4.0,4.0,5.75,1.0,25.0,4.0,4.0,5.5,1.0,0.0,1.0,4 palabras
él irá al mercado mañana,mañana él mercado ir,24.0,5.0,5.0,4.0,1.0,20.0,4.0,4.0,4.25,1.0,1.0,0.8,5 palabras
nosotros iremos al teatro mañana,mañana nosotros teatro ir,32.0,5.0,5.0,5.6,1.0,25.0,4.0,4.0,5.5,1.0,1.0,0.8,5 palabras
ellos irán a la universidad mañana,mañana ellos teatro ir,34.0,6.0,6.0,4.833333333333333,1.0,22.0,4.0,4.0,4.75,1.0,2.0,0.6666666666666666,6 palabras
yo estudiaré alemán mañana,mañana yo alemán estudiar,26.0,4.0,4.0,5.75,1.0,25.0,4.0,4.0,5.5,1.0,0.0,1.0,4 palabras
ellas estudiarán matemáticas mañana,mañana ellas matemáticas estudiar,35.0,4.0,4.0,8.0,1.0,33.0,4.0,4.0,7.5,1.0,0.0,1.0,4 palabras
ellas irán a la universidad mañana,mañana ellas universidad ir,34.0,6.0,6.0,4.833333333333333,1.0,27.0,4.0,4.0,6.0,1.0,2.0,0.6666666666666666,6 palabras
mi abuela irá al hospital,abuelo mujer mía hospital ir,25.0,5.0,5.0,4.2,1.0,28.0,5.0,5.0,4.8,1.0,0.0,1.0,5 palabras
mi abuelo irá al hospital,abuelo mío hospital ir,25.0,5.0,5.0,4.2,1.0,22.0,4.0,4.0,4.75,1.0,1.0,0.8,5 palabras
yo estudiaré mañana,mañana yo estudiar,19.0,3.0,3.0,5.666666666666667,1.0,18.0,3.0,3.0,5.333333333333333,1.0,0.0,1.0,3 palabras
él estudiará frances mañana,mañana él frances estudiar,27.0,4.0,4.0,6.0,1.0,26.0,4.0,4.0,5.75,1.0,0.0,1.0,4 palabras
él irá al museo mañana,mañana él museo ir,22.0,5.0,5.0,3.6,1.0,18.0,4.0,4.0,3.75,1.0,1.0,0.8,5 palabras
nosotros iremos al museo mañana,mañana nosotros museo ir,31.0,5.0,5.0,5.4,1.0,24.0,4.0,4.0,5.25,1.0,1.0,0.8,5 palabras
ellos irán a la panadería,futuro ellos panadería ir,25.0,5.0,5.0,4.2,1.0,25.0,4.0,4.0,5.5,1.0,1.0,0.8,5 palabras
yo estudiaré italiano mañana,mañana yo italiano estudiar,28.0,4.0,4.0,6.25,1.0,27.0,4.0,4.0,6.0,1.0,0.0,1.0,4 palabras
ellas estudiarán matemáticas mañana,mañana ellas matemáticas estudiar,35.0,4.0,4.0,8.0,1.0,33.0,4.0,4.0,7.5,1.0,0.0,1.0,4 palabras
ellas irán a la universidad mañana,mañana ellas universidad ir,34.0,6.0,6.0,4.833333333333333,1.0,27.0,4.0,4.0,6.0,1.0,2.0,0.6666666666666666,6 palabras
mi abuela irá a la iglesia,futuro abuelo mujer mía iglesia ir,26.0,6.0,6.0,3.5,1.0,34.0,6.0,6.0,4.833333333333333,1.0,0.0,1.0,6 palabras
mi abuelo irá a la iglesia,futuro abuelo mío iglesia ir,26.0,6.0,6.0,3.5,1.0,28.0,5.0,5.0,4.8,1.0,1.0,0.8333333333333334,6 palabras
mi abuelo irá a la iglesia la próxima semana,próxima semana abuelo mío iglesia ir,44.0,9.0,8.0,4.0,0.8888888888888888,36.0,6.0,6.0,5.166666666666667,1.0,3.0,0.6666666666666666,≥7 palabras
mi abuela irá a la iglesia la próxima semana,próxima semana abuelo mujer mía iglesia ir,44.0,9.0,8.0,4.0,0.8888888888888888,42.0,7.0,7.0,5.142857142857143,1.0,2.0,0.7777777777777778,≥7 palabras
voy al banco hoy,hoy yo banco ir,16.0,4.0,4.0,3.25,1.0,15.0,4.0,4.0,3.0,1.0,0.0,1.0,4 palabras
mi mamá irá al banco mañana,mañana banco mamá mía ir,27.0,6.0,6.0,3.6666666666666665,1.0,24.0,5.0,5.0,4.0,1.0,1.0,0.8333333333333334,6 palabras
mi papá irá al banco mañana,mañana banco papá mío ir,27.0,6.0,6.0,3.6666666666666665,1.0,24.0,5.0,5.0,4.0,1.0,1.0,0.8333333333333334,6 palabras
él fue al banco hoy,pasado hoy él banco ir,19.0,5.0,5.0,3.0,1.0,22.0,5.0,5.0,3.6,1.0,0.0,1.0,5 palabras
mi papá irá al banco mañana,mañana banco papá mío ir,27.0,6.0,6.0,3.6666666666666665,1.0,24.0,5.0,5.0,4.0,1.0,1.0,0.8333333333333334,6 palabras
ella fue a la fiesta,pasado ella fiesta ir,20.0,5.0,5.0,3.2,1.0,21.0,4.0,4.0,4.5,1.0,1.0,0.8,5 palabras
nosotros fuimos a la fiesta,pasado nosotros fiesta ir,27.0,5.0,5.0,4.6,1.0,25.0,4.0,4.0,5.5,1.0,1.0,0.8,5 palabras
ustedes fueron a la fiesta,pasado ustedes fiesta ir,26.0,5.0,5.0,4.4,1.0,24.0,4.0,4.0,5.25,1.0,1.0,0.8,5 palabras
ellos fueron a la fiesta,pasado ellos fiesta ir,24.0,5.0,5.0,4.0,1.0,22.0,4.0,4.0,4.75,1.0,1.0,0.8,5 palabras
ellas fueron a la fiesta,pasado ellas fiesta ir,24.0,5.0,5.0,4.0,1.0,22.0,4.0,4.0,4.75,1.0,1.0,0.8,5 palabras
tu amiga fue a la fiesta,pasado amiga tuya fiesta ir,24.0,6.0,6.0,3.1666666666666665,1.0,27.0,5.0,5.0,4.6,1.0,1.0,0.8333333333333334,6 palabras
tu amigo fue a la fiesta,pasado amigo tuyo fiesta ir,24.0,6.0,6.0,3.1666666666666665,1.0,27.0,5.0,5.0,4.6,1.0,1.0,0.8333333333333334,6 palabras
ellos irán a la fiesta,futuro ellos fiesta ir,22.0,5.0,5.0,3.6,1.0,22.0,4.0,4.0,4.75,1.0,1.0,0.8,5 palabras
ellas irán a la fiesta,futuro ellas fiesta ir,22.0,5.0,5.0,3.6,1.0,22.0,4.0,4.0,4.75,1.0,1.0,0.8,5 palabras
mi amigo irá a la fiesta,futuro amigo mío fiesta ir,24.0,6.0,6.0,3.1666666666666665,1.0,26.0,5.0,5.0,4.4,1.0,1.0,0.8333333333333334,6 palabras
